[{"name":"85990 (1999 JV6)","estimated_diameter":{"meters":{"estimated_diameter_min":242.4124811008,"estimated_diameter_max":542.0507863358}},"is_potentially_hazardous_asteroid":true,"close_approach_data":[{"close_approach_date":"2160-05-25","relative_velocity":{"kilometers_per_second":"16.4192971676"},"miss_distance":{"kilometers":"35597348"}}]},{"name":"219071 (1997 US9)","estimated_diameter":{"meters":{"estimated_diameter_min":1010.5434154201,"estimated_diameter_max":2259.643771094}},"is_potentially_hazardous_asteroid":false,"close_approach_data":[{"close_approach_date":"2160-05-25","relative_velocity":{"kilometers_per_second":"14.3302105833"},"miss_distance":{"kilometers":"42246464"}}]},{"name":"(2015 TA145)","estimated_diameter":{"meters":{"estimated_diameter_min":133.2155666981,"estimated_diameter_max":297.8790627982}},"is_potentially_hazardous_asteroid":false,"close_approach_data":[{"close_approach_date":"2160-05-25","relative_velocity":{"kilometers_per_second":"4.7587822886"},"miss_distance":{"kilometers":"57882280"}}]}]