[{"name":"447221 (2005 UO5)","estimated_diameter":{"meters":{"estimated_diameter_min":192.5550781879,"estimated_diameter_max":430.566244241}},"is_potentially_hazardous_asteroid":false,"close_approach_data":[{"close_approach_date":"2160-05-24","relative_velocity":{"kilometers_per_second":"9.9766321121"},"miss_distance":{"kilometers":"47316484"}}]},{"name":"(2015 FE33)","estimated_diameter":{"meters":{"estimated_diameter_min":305.1792325939,"estimated_diameter_max":682.4015094011}},"is_potentially_hazardous_asteroid":false,"close_approach_data":[{"close_approach_date":"2160-05-24","relative_velocity":{"kilometers_per_second":"14.8744773973"},"miss_distance":{"kilometers":"60077032"}}]},{"name":"(2015 JD2)","estimated_diameter":{"meters":{"estimated_diameter_min":116.0259082094,"estimated_diameter_max":259.4418179074}},"is_potentially_hazardous_asteroid":false,"close_approach_data":[{"close_approach_date":"2160-05-24","relative_velocity":{"kilometers_per_second":"7.8317686496"},"miss_distance":{"kilometers":"40898348"}}]}]