[{"name":"340291 (2006 CV)","estimated_diameter":{"meters":{"estimated_diameter_min":291.4439045349,"estimated_diameter_max":651.6883821679}},"is_potentially_hazardous_asteroid":false,"close_approach_data":[{"close_approach_date":"2160-09-11","relative_velocity":{"kilometers_per_second":"18.8651485302"},"miss_distance":{"kilometers":"23116590"}}]},{"name":"386259 (2008 EJ1)","estimated_diameter":{"meters":{"estimated_diameter_min":1925.5507818793,"estimated_diameter_max":4305.66244241}},"is_potentially_hazardous_asteroid":false,"close_approach_data":[{"close_approach_date":"2160-09-11","relative_velocity":{"kilometers_per_second":"21.6658993141"},"miss_distance":{"kilometers":"41956748"}}]}]