[{"name":"152756 (1999 JV3)","estimated_diameter":{"meters":{"estimated_diameter_min":461.9074602816,"estimated_diameter_max":1032.8564805039}},"is_potentially_hazardous_asteroid":false,"close_approach_data":[{"close_approach_date":"2160-05-23","relative_velocity":{"kilometers_per_second":"22.7831247394"},"miss_distance":{"kilometers":"59029752"}}]},{"name":"369452 (2010 LG14)","estimated_diameter":{"meters":{"estimated_diameter_min":699.1252322458,"estimated_diameter_max":1563.2915440869}},"is_potentially_hazardous_asteroid":false,"close_approach_data":[{"close_approach_date":"2160-05-23","relative_velocity":{"kilometers_per_second":"20.6574343097"},"miss_distance":{"kilometers":"69629192"}}]}]