[{"name":"141079 (2001 XS30)","estimated_diameter":{"meters":{"estimated_diameter_min":766.5755735311,"estimated_diameter_max":1714.1150923063}},"is_potentially_hazardous_asteroid":false,"close_approach_data":[{"close_approach_date":"2160-11-01","relative_velocity":{"kilometers_per_second":"30.1941005179"},"miss_distance":{"kilometers":"44860936"}}]},{"name":"(2007 EZ)","estimated_diameter":{"meters":{"estimated_diameter_min":291.4439045349,"estimated_diameter_max":651.6883821679}},"is_potentially_hazardous_asteroid":false,"close_approach_data":[{"close_approach_date":"2160-11-01","relative_velocity":{"kilometers_per_second":"12.0140650609"},"miss_distance":{"kilometers":"22067270"}}]},{"name":"(2015 SC17)","estimated_diameter":{"meters":{"estimated_diameter_min":69.9125232246,"estimated_diameter_max":156.3291544087}},"is_potentially_hazardous_asteroid":false,"close_approach_data":[{"close_approach_date":"2160-11-01","relative_velocity":{"kilometers_per_second":"10.1959634444"},"miss_distance":{"kilometers":"12222316"}}]},{"name":"(2017 ST20)","estimated_diameter":{"meters":{"estimated_diameter_min":80.2333593917,"estimated_diameter_max":179.4072456631}},"is_potentially_hazardous_asteroid":false,"close_approach_data":[{"close_approach_date":"2160-11-01","relative_velocity":{"kilometers_per_second":"8.3702780095"},"miss_distance":{"kilometers":"35322416"}}]}]