[{"name":"(2013 YZ13)","estimated_diameter":{"meters":{"estimated_diameter_min":319.5618867213,"estimated_diameter_max":714.5621017269}},"is_potentially_hazardous_asteroid":false,"close_approach_data":[{"close_approach_date":"2160-06-24","relative_velocity":{"kilometers_per_second":"15.4971838744"},"miss_distance":{"kilometers":"64549012"}}]},{"name":"(2015 MW53)","estimated_diameter":{"meters":{"estimated_diameter_min":127.2198785394,"estimated_diameter_max":284.4722965033}},"is_potentially_hazardous_asteroid":true,"close_approach_data":[{"close_approach_date":"2160-06-24","relative_velocity":{"kilometers_per_second":"17.7448699551"},"miss_distance":{"kilometers":"46612932"}}]},{"name":"(2013 ND15)","estimated_diameter":{"meters":{"estimated_diameter_min":40.2304579834,"estimated_diameter_max":89.9580388169}},"is_potentially_hazardous_asteroid":false,"close_approach_data":[{"close_approach_date":"2160-06-24","relative_velocity":{"kilometers_per_second":"15.3201122899"},"miss_distance":{"kilometers":"2056916.5"}}]}]