[{"name":"(2007 VV83)","estimated_diameter":{"meters":{"estimated_diameter_min":30.5179232594,"estimated_diameter_max":68.2401509401}},"is_potentially_hazardous_asteroid":false,"close_approach_data":[{"close_approach_date":"2160-11-21","relative_velocity":{"kilometers_per_second":"12.0811634899"},"miss_distance":{"kilometers":"43389508"}}]},{"name":"(2013 JR28)","estimated_diameter":{"meters":{"estimated_diameter_min":127.2198785394,"estimated_diameter_max":284.4722965033}},"is_potentially_hazardous_asteroid":true,"close_approach_data":[{"close_approach_date":"2160-11-21","relative_velocity":{"kilometers_per_second":"24.884761408"},"miss_distance":{"kilometers":"42981784"}}]},{"name":"(2013 RF36)","estimated_diameter":{"meters":{"estimated_diameter_min":1108.0388212642,"estimated_diameter_max":2477.6501260554}},"is_potentially_hazardous_asteroid":false,"close_approach_data":[{"close_approach_date":"2160-11-21","relative_velocity":{"kilometers_per_second":"26.3839541484"},"miss_distance":{"kilometers":"51616244"}}]},{"name":"(2014 JF15)","estimated_diameter":{"meters":{"estimated_diameter_min":23.150212221,"estimated_diameter_max":51.7654482198}},"is_potentially_hazardous_asteroid":false,"close_approach_data":[{"close_approach_date":"2160-11-21","relative_velocity":{"kilometers_per_second":"15.5316733942"},"miss_distance":{"kilometers":"55329696"}}]}]