[{"name":"(2002 TZ66)","estimated_diameter":{"meters":{"estimated_diameter_min":17.561231848,"estimated_diameter_max":39.2681081809}},"is_potentially_hazardous_asteroid":false,"close_approach_data":[{"close_approach_date":"2160-10-06","relative_velocity":{"kilometers_per_second":"9.9581545012"},"miss_distance":{"kilometers":"27432006"}}]},{"name":"(1998 SZ27)","estimated_diameter":{"meters":{"estimated_diameter_min":201.6299194428,"estimated_diameter_max":450.8582061718}},"is_potentially_hazardous_asteroid":true,"close_approach_data":[{"close_approach_date":"2160-10-06","relative_velocity":{"kilometers_per_second":"14.1125195518"},"miss_distance":{"kilometers":"68931040"}}]}]