[{"name":"(2014 DV22)","estimated_diameter":{"meters":{"estimated_diameter_min":201.6299194428,"estimated_diameter_max":450.8582061718}},"is_potentially_hazardous_asteroid":false,"close_approach_data":[{"close_approach_date":"2160-04-12","relative_velocity":{"kilometers_per_second":"4.5186984105"},"miss_distance":{"kilometers":"28415940"}}]},{"name":"(2010 GA7)","estimated_diameter":{"meters":{"estimated_diameter_min":152.9519353442,"estimated_diameter_max":342.0109247198}},"is_potentially_hazardous_asteroid":false,"close_approach_data":[{"close_approach_date":"2160-04-12","relative_velocity":{"kilometers_per_second":"15.5282428495"},"miss_distance":{"kilometers":"34973500"}}]}]