[{"name":"162470 (2000 KX43)","estimated_diameter":{"meters":{"estimated_diameter_min":366.9061375314,"estimated_diameter_max":820.4270648822}},"is_potentially_hazardous_asteroid":false,"close_approach_data":[{"close_approach_date":"2160-12-17","relative_velocity":{"kilometers_per_second":"30.6114330136"},"miss_distance":{"kilometers":"68273968"}}]},{"name":"465892 (2010 UT7)","estimated_diameter":{"meters":{"estimated_diameter_min":305.1792325939,"estimated_diameter_max":682.4015094011}},"is_potentially_hazardous_asteroid":true,"close_approach_data":[{"close_approach_date":"2160-12-17","relative_velocity":{"kilometers_per_second":"29.1875499384"},"miss_distance":{"kilometers":"29497168"}}]},{"name":"(2003 YX1)","estimated_diameter":{"meters":{"estimated_diameter_min":175.6123184804,"estimated_diameter_max":392.6810818086}},"is_potentially_hazardous_asteroid":true,"close_approach_data":[{"close_approach_date":"2160-12-17","relative_velocity":{"kilometers_per_second":"12.8951458834"},"miss_distance":{"kilometers":"23990688"}}]},{"name":"(2016 AU8)","estimated_diameter":{"meters":{"estimated_diameter_min":278.3267680719,"estimated_diameter_max":622.3575733667}},"is_potentially_hazardous_asteroid":false,"close_approach_data":[{"close_approach_date":"2160-12-17","relative_velocity":{"kilometers_per_second":"16.7237944646"},"miss_distance":{"kilometers":"53251144"}}]}]