[{"name":"369986 (1998 SO)","estimated_diameter":{"meters":{"estimated_diameter_min":201.6299194428,"estimated_diameter_max":450.8582061718}},"is_potentially_hazardous_asteroid":false,"close_approach_data":[{"close_approach_date":"2160-10-01","relative_velocity":{"kilometers_per_second":"18.9111541937"},"miss_distance":{"kilometers":"32669220"}}]},{"name":"(2011 SR5)","estimated_diameter":{"meters":{"estimated_diameter_min":192.5550781879,"estimated_diameter_max":430.566244241}},"is_potentially_hazardous_asteroid":true,"close_approach_data":[{"close_approach_date":"2160-10-01","relative_velocity":{"kilometers_per_second":"19.5657864681"},"miss_distance":{"kilometers":"44846736"}}]},{"name":"(2015 FT118)","estimated_diameter":{"meters":{"estimated_diameter_min":221.0828103591,"estimated_diameter_max":494.3561926196}},"is_potentially_hazardous_asteroid":true,"close_approach_data":[{"close_approach_date":"2160-10-01","relative_velocity":{"kilometers_per_second":"11.937342464"},"miss_distance":{"kilometers":"18750880"}}]}]