[{"name":"(2008 GD)","estimated_diameter":{"meters":{"estimated_diameter_min":291.4439045349,"estimated_diameter_max":651.6883821679}},"is_potentially_hazardous_asteroid":false,"close_approach_data":[{"close_approach_date":"2160-04-18","relative_velocity":{"kilometers_per_second":"17.9243092585"},"miss_distance":{"kilometers":"70076896"}}]},{"name":"(2016 HG19)","estimated_diameter":{"meters":{"estimated_diameter_min":63.7609789875,"estimated_diameter_max":142.5738833281}},"is_potentially_hazardous_asteroid":false,"close_approach_data":[{"close_approach_date":"2160-04-18","relative_velocity":{"kilometers_per_second":"12.2006441402"},"miss_distance":{"kilometers":"68908624"}}]},{"name":"(2017 HB1)","estimated_diameter":{"meters":{"estimated_diameter_min":15.2529896865,"estimated_diameter_max":34.1067217991}},"is_potentially_hazardous_asteroid":false,"close_approach_data":[{"close_approach_date":"2160-04-18","relative_velocity":{"kilometers_per_second":"8.9478855432"},"miss_distance":{"kilometers":"9455228"}}]}]