[{"name":"230111 (2001 BE10)","estimated_diameter":{"meters":{"estimated_diameter_min":402.3045798343,"estimated_diameter_max":899.5803881691}},"is_potentially_hazardous_asteroid":true,"close_approach_data":[{"close_approach_date":"2160-01-21","relative_velocity":{"kilometers_per_second":"23.4469644351"},"miss_distance":{"kilometers":"57631552"}}]},{"name":"386454 (2008 XM)","estimated_diameter":{"meters":{"estimated_diameter_min":265.8,"estimated_diameter_max":594.3468684194}},"is_potentially_hazardous_asteroid":true,"close_approach_data":[{"close_approach_date":"2160-01-21","relative_velocity":{"kilometers_per_second":"33.9549017089"},"miss_distance":{"kilometers":"11636881"}}]},{"name":"(2014 KR84)","estimated_diameter":{"meters":{"estimated_diameter_min":231.5021222103,"estimated_diameter_max":517.6544821978}},"is_potentially_hazardous_asteroid":false,"close_approach_data":[{"close_approach_date":"2160-01-21","relative_velocity":{"kilometers_per_second":"19.2271577444"},"miss_distance":{"kilometers":"47230652"}}]}]