[{"name":"(2007 EF)","estimated_diameter":{"meters":{"estimated_diameter_min":139.4938229344,"estimated_diameter_max":311.9176705226}},"is_potentially_hazardous_asteroid":true,"close_approach_data":[{"close_approach_date":"2160-03-11","relative_velocity":{"kilometers_per_second":"22.4215437784"},"miss_distance":{"kilometers":"42163496"}}]},{"name":"(2010 DP)","estimated_diameter":{"meters":{"estimated_diameter_min":506.4714588346,"estimated_diameter_max":1132.5046106177}},"is_potentially_hazardous_asteroid":false,"close_approach_data":[{"close_approach_date":"2160-03-11","relative_velocity":{"kilometers_per_second":"24.653186674"},"miss_distance":{"kilometers":"68786000"}}]},{"name":"490636 (2010 DP)","estimated_diameter":{"meters":{"estimated_diameter_min":506.4714588346,"estimated_diameter_max":1132.5046106177}},"is_potentially_hazardous_asteroid":false,"close_approach_data":[{"close_approach_date":"2160-03-11","relative_velocity":{"kilometers_per_second":"24.6531862533"},"miss_distance":{"kilometers":"68786000"}}]}]