[{"name":"(2002 UK11)","estimated_diameter":{"meters":{"estimated_diameter_min":121.4940407996,"estimated_diameter_max":271.6689340891}},"is_potentially_hazardous_asteroid":true,"close_approach_data":[{"close_approach_date":"2160-01-30","relative_velocity":{"kilometers_per_second":"17.8669690773"},"miss_distance":{"kilometers":"60447324"}}]},{"name":"(2009 YV6)","estimated_diameter":{"meters":{"estimated_diameter_min":175.6123184804,"estimated_diameter_max":392.6810818086}},"is_potentially_hazardous_asteroid":false,"close_approach_data":[{"close_approach_date":"2160-01-30","relative_velocity":{"kilometers_per_second":"7.4472167554"},"miss_distance":{"kilometers":"60891256"}}]},{"name":"(2015 BH92)","estimated_diameter":{"meters":{"estimated_diameter_min":26.58,"estimated_diameter_max":59.4346868419}},"is_potentially_hazardous_asteroid":false,"close_approach_data":[{"close_approach_date":"2160-01-30","relative_velocity":{"kilometers_per_second":"7.7796154003"},"miss_distance":{"kilometers":"31108944"}}]}]