[{"name":"22099 (2000 EX106)","estimated_diameter":{"meters":{"estimated_diameter_min":699.1252322458,"estimated_diameter_max":1563.2915440869}},"is_potentially_hazardous_asteroid":false,"close_approach_data":[{"close_approach_date":"2160-11-20","relative_velocity":{"kilometers_per_second":"14.2548055319"},"miss_distance":{"kilometers":"38220776"}}]},{"name":"415711 (1998 WT7)","estimated_diameter":{"meters":{"estimated_diameter_min":421.2646105562,"estimated_diameter_max":941.9763057186}},"is_potentially_hazardous_asteroid":false,"close_approach_data":[{"close_approach_date":"2160-11-20","relative_velocity":{"kilometers_per_second":"26.3796584739"},"miss_distance":{"kilometers":"74476608"}}]},{"name":"(1983 LC)","estimated_diameter":{"meters":{"estimated_diameter_min":366.9061375314,"estimated_diameter_max":820.4270648822}},"is_potentially_hazardous_asteroid":true,"close_approach_data":[{"close_approach_date":"2160-11-20","relative_velocity":{"kilometers_per_second":"19.2169127081"},"miss_distance":{"kilometers":"8332875.5"}}]},{"name":"(2012 YK)","estimated_diameter":{"meters":{"estimated_diameter_min":66.7659413495,"estimated_diameter_max":149.2931834393}},"is_potentially_hazardous_asteroid":false,"close_approach_data":[{"close_approach_date":"2160-11-20","relative_velocity":{"kilometers_per_second":"22.755963784"},"miss_distance":{"kilometers":"64852868"}}]}]