[{"name":"403775 (2011 HS4)","estimated_diameter":{"meters":{"estimated_diameter_min":167.7084621628,"estimated_diameter_max":375.0075217981}},"is_potentially_hazardous_asteroid":true,"close_approach_data":[{"close_approach_date":"2160-05-03","relative_velocity":{"kilometers_per_second":"31.2503401098"},"miss_distance":{"kilometers":"51434192"}}]},{"name":"(2011 GM62)","estimated_diameter":{"meters":{"estimated_diameter_min":73.2073989347,"estimated_diameter_max":163.696720474}},"is_potentially_hazardous_asteroid":false,"close_approach_data":[{"close_approach_date":"2160-05-03","relative_velocity":{"kilometers_per_second":"13.2733557218"},"miss_distance":{"kilometers":"48936444"}}]},{"name":"(2013 JK22)","estimated_diameter":{"meters":{"estimated_diameter_min":231.5021222103,"estimated_diameter_max":517.6544821978}},"is_potentially_hazardous_asteroid":false,"close_approach_data":[{"close_approach_date":"2160-05-03","relative_velocity":{"kilometers_per_second":"9.4829101492"},"miss_distance":{"kilometers":"68702408"}}]},{"name":"(2008 HH)","estimated_diameter":{"meters":{"estimated_diameter_min":110.8038821264,"estimated_diameter_max":247.7650126055}},"is_potentially_hazardous_asteroid":true,"close_approach_data":[{"close_approach_date":"2160-05-03","relative_velocity":{"kilometers_per_second":"9.2802542529"},"miss_distance":{"kilometers":"53464932"}}]}]