[{"name":"(2001 QO142)","estimated_diameter":{"meters":{"estimated_diameter_min":366.9061375314,"estimated_diameter_max":820.4270648822}},"is_potentially_hazardous_asteroid":false,"close_approach_data":[{"close_approach_date":"2160-02-01","relative_velocity":{"kilometers_per_second":"21.0926462819"},"miss_distance":{"kilometers":"62306884"}}]},{"name":"(2013 QU1)","estimated_diameter":{"meters":{"estimated_diameter_min":146.0679642714,"estimated_diameter_max":326.6178974458}},"is_potentially_hazardous_asteroid":true,"close_approach_data":[{"close_approach_date":"2160-02-01","relative_velocity":{"kilometers_per_second":"26.5407228933"},"miss_distance":{"kilometers":"60805180"}}]}]