[{"name":"382625 (2002 PC130)","estimated_diameter":{"meters":{"estimated_diameter_min":555.334911581,"estimated_diameter_max":1241.766612574}},"is_potentially_hazardous_asteroid":false,"close_approach_data":[{"close_approach_date":"2160-12-07","relative_velocity":{"kilometers_per_second":"6.983986768"},"miss_distance":{"kilometers":"74337136"}}]},{"name":"(2015 MN116)","estimated_diameter":{"meters":{"estimated_diameter_min":291.4439045349,"estimated_diameter_max":651.6883821679}},"is_potentially_hazardous_asteroid":false,"close_approach_data":[{"close_approach_date":"2160-12-07","relative_velocity":{"kilometers_per_second":"23.7442652693"},"miss_distance":{"kilometers":"41678352"}}]}]