[{"name":"1864 Daedalus (1971 FA)","estimated_diameter":{"meters":{"estimated_diameter_min":2848.0983133216,"estimated_diameter_max":6368.5414351895}},"is_potentially_hazardous_asteroid":false,"close_approach_data":[{"close_approach_date":"2160-07-22","relative_velocity":{"kilometers_per_second":"20.4646106018"},"miss_distance":{"kilometers":"74251472"}}]},{"name":"399457 (2002 PD43)","estimated_diameter":{"meters":{"estimated_diameter_min":402.3045798343,"estimated_diameter_max":899.5803881691}},"is_potentially_hazardous_asteroid":true,"close_approach_data":[{"close_approach_date":"2160-07-22","relative_velocity":{"kilometers_per_second":"28.2886137156"},"miss_distance":{"kilometers":"65983584"}}]},{"name":"(2016 PN)","estimated_diameter":{"meters":{"estimated_diameter_min":221.0828103591,"estimated_diameter_max":494.3561926196}},"is_potentially_hazardous_asteroid":false,"close_approach_data":[{"close_approach_date":"2160-07-22","relative_velocity":{"kilometers_per_second":"14.7447767293"},"miss_distance":{"kilometers":"20466350"}}]},{"name":"(2017 NQ6)","estimated_diameter":{"meters":{"estimated_diameter_min":357.0713262357,"estimated_diameter_max":798.4357582791}},"is_potentially_hazardous_asteroid":false,"close_approach_data":[{"close_approach_date":"2160-07-22","relative_velocity":{"kilometers_per_second":"11.5842243621"},"miss_distance":{"kilometers":"73810776"}}]}]