[{"name":"17182 (1999 VU)","estimated_diameter":{"meters":{"estimated_diameter_min":1108.0388212642,"estimated_diameter_max":2477.6501260554}},"is_potentially_hazardous_asteroid":false,"close_approach_data":[{"close_approach_date":"2160-05-29","relative_velocity":{"kilometers_per_second":"10.8032268642"},"miss_distance":{"kilometers":"42351948"}}]},{"name":"(2016 EE85)","estimated_diameter":{"meters":{"estimated_diameter_min":69.9125232246,"estimated_diameter_max":156.3291544087}},"is_potentially_hazardous_asteroid":false,"close_approach_data":[{"close_approach_date":"2160-05-29","relative_velocity":{"kilometers_per_second":"19.9732557149"},"miss_distance":{"kilometers":"65097520"}}]}]