[{"name":"317643 (2003 FH1)","estimated_diameter":{"meters":{"estimated_diameter_min":608.9126221057,"estimated_diameter_max":1361.5700153859}},"is_potentially_hazardous_asteroid":false,"close_approach_data":[{"close_approach_date":"2160-03-31","relative_velocity":{"kilometers_per_second":"10.4484992063"},"miss_distance":{"kilometers":"56557020"}}]},{"name":"(2007 HR)","estimated_diameter":{"meters":{"estimated_diameter_min":192.5550781879,"estimated_diameter_max":430.566244241}},"is_potentially_hazardous_asteroid":false,"close_approach_data":[{"close_approach_date":"2160-03-31","relative_velocity":{"kilometers_per_second":"30.7320141242"},"miss_distance":{"kilometers":"34839300"}}]},{"name":"(2012 HO2)","estimated_diameter":{"meters":{"estimated_diameter_min":221.0828103591,"estimated_diameter_max":494.3561926196}},"is_potentially_hazardous_asteroid":false,"close_approach_data":[{"close_approach_date":"2160-03-31","relative_velocity":{"kilometers_per_second":"21.2719734412"},"miss_distance":{"kilometers":"55877352"}}]}]