[{"name":"154229 (2002 JN97)","estimated_diameter":{"meters":{"estimated_diameter_min":1272.1987853936,"estimated_diameter_max":2844.7229650327}},"is_potentially_hazardous_asteroid":false,"close_approach_data":[{"close_approach_date":"2160-10-27","relative_velocity":{"kilometers_per_second":"23.9841108605"},"miss_distance":{"kilometers":"69841392"}}]},{"name":"(2014 TY33)","estimated_diameter":{"meters":{"estimated_diameter_min":116.0259082094,"estimated_diameter_max":259.4418179074}},"is_potentially_hazardous_asteroid":true,"close_approach_data":[{"close_approach_date":"2160-10-27","relative_velocity":{"kilometers_per_second":"14.4005216181"},"miss_distance":{"kilometers":"48888468"}}]},{"name":"(2016 EC157)","estimated_diameter":{"meters":{"estimated_diameter_min":53.0340723319,"estimated_diameter_max":118.5877908577}},"is_potentially_hazardous_asteroid":false,"close_approach_data":[{"close_approach_date":"2160-10-27","relative_velocity":{"kilometers_per_second":"10.4978621979"},"miss_distance":{"kilometers":"48626248"}}]},{"name":"(2016 SG17)","estimated_diameter":{"meters":{"estimated_diameter_min":127.2198785394,"estimated_diameter_max":284.4722965033}},"is_potentially_hazardous_asteroid":false,"close_approach_data":[{"close_approach_date":"2160-10-27","relative_velocity":{"kilometers_per_second":"16.8217213662"},"miss_distance":{"kilometers":"65448220"}}]},{"name":"(2016 SF17)","estimated_diameter":{"meters":{"estimated_diameter_min":38.4197891064,"estimated_diameter_max":85.9092601232}},"is_potentially_hazardous_asteroid":false,"close_approach_data":[{"close_approach_date":"2160-10-27","relative_velocity":{"kilometers_per_second":"6.9222751076"},"miss_distance":{"kilometers":"19162042"}}]}]