[{"name":"1981 Midas (1973 EA)","estimated_diameter":{"meters":{"estimated_diameter_min":2424.124811008,"estimated_diameter_max":5420.5078633577}},"is_potentially_hazardous_asteroid":true,"close_approach_data":[{"close_approach_date":"2160-03-21","relative_velocity":{"kilometers_per_second":"26.8457454955"},"miss_distance":{"kilometers":"10795408"}}]},{"name":"299582 (2006 GQ2)","estimated_diameter":{"meters":{"estimated_diameter_min":667.6594134952,"estimated_diameter_max":1492.931834393}},"is_potentially_hazardous_asteroid":false,"close_approach_data":[{"close_approach_date":"2160-03-21","relative_velocity":{"kilometers_per_second":"14.3900241054"},"miss_distance":{"kilometers":"45358492"}}]},{"name":"(2011 TG2)","estimated_diameter":{"meters":{"estimated_diameter_min":221.0828103591,"estimated_diameter_max":494.3561926196}},"is_potentially_hazardous_asteroid":false,"close_approach_data":[{"close_approach_date":"2160-03-21","relative_velocity":{"kilometers_per_second":"23.2802813955"},"miss_distance":{"kilometers":"73678328"}}]},{"name":"(2011 UV158)","estimated_diameter":{"meters":{"estimated_diameter_min":101.054341542,"estimated_diameter_max":225.9643771094}},"is_potentially_hazardous_asteroid":false,"close_approach_data":[{"close_approach_date":"2160-03-21","relative_velocity":{"kilometers_per_second":"12.6295130465"},"miss_distance":{"kilometers":"13817968"}}]},{"name":"(2013 US3)","estimated_diameter":{"meters":{"estimated_diameter_min":167.7084621628,"estimated_diameter_max":375.0075217981}},"is_potentially_hazardous_asteroid":true,"close_approach_data":[{"close_approach_date":"2160-03-21","relative_velocity":{"kilometers_per_second":"8.4086926204"},"miss_distance":{"kilometers":"36749712"}}]},{"name":"(2016 VS5)","estimated_diameter":{"meters":{"estimated_diameter_min":305.1792325939,"estimated_diameter_max":682.4015094011}},"is_potentially_hazardous_asteroid":false,"close_approach_data":[{"close_approach_date":"2160-03-21","relative_velocity":{"kilometers_per_second":"9.3269690172"},"miss_distance":{"kilometers":"24855656"}}]}]