[{"name":"(2011 UT20)","estimated_diameter":{"meters":{"estimated_diameter_min":211.1324447897,"estimated_diameter_max":472.1064988055}},"is_potentially_hazardous_asteroid":true,"close_approach_data":[{"close_approach_date":"2160-06-25","relative_velocity":{"kilometers_per_second":"23.9715945906"},"miss_distance":{"kilometers":"54195692"}}]},{"name":"(2017 MU8)","estimated_diameter":{"meters":{"estimated_diameter_min":138.0241167316,"estimated_diameter_max":308.6313075461}},"is_potentially_hazardous_asteroid":true,"close_approach_data":[{"close_approach_date":"2160-06-25","relative_velocity":{"kilometers_per_second":"10.5057604903"},"miss_distance":{"kilometers":"11011654"}}]}]