[{"name":"(2011 HP)","estimated_diameter":{"meters":{"estimated_diameter_min":101.054341542,"estimated_diameter_max":225.9643771094}},"is_potentially_hazardous_asteroid":false,"close_approach_data":[{"close_approach_date":"2160-07-24","relative_velocity":{"kilometers_per_second":"7.9243053717"},"miss_distance":{"kilometers":"9428534"}}]},{"name":"(2015 YE21)","estimated_diameter":{"meters":{"estimated_diameter_min":168.9487475475,"estimated_diameter_max":377.7808842296}},"is_potentially_hazardous_asteroid":false,"close_approach_data":[{"close_approach_date":"2160-07-24","relative_velocity":{"kilometers_per_second":"6.3053872225"},"miss_distance":{"kilometers":"54876500"}}]}]