[{"name":"(2006 UL217)","estimated_diameter":{"meters":{"estimated_diameter_min":183.8886720703,"estimated_diameter_max":411.1875710413}},"is_potentially_hazardous_asteroid":true,"close_approach_data":[{"close_approach_date":"2160-07-02","relative_velocity":{"kilometers_per_second":"18.670588432"},"miss_distance":{"kilometers":"61113280"}}]},{"name":"(2014 QK362)","estimated_diameter":{"meters":{"estimated_diameter_min":127.2198785394,"estimated_diameter_max":284.4722965033}},"is_potentially_hazardous_asteroid":false,"close_approach_data":[{"close_approach_date":"2160-07-02","relative_velocity":{"kilometers_per_second":"19.3565568585"},"miss_distance":{"kilometers":"23872530"}}]},{"name":"(2017 LE1)","estimated_diameter":{"meters":{"estimated_diameter_min":19.1493914306,"estimated_diameter_max":42.8193409667}},"is_potentially_hazardous_asteroid":false,"close_approach_data":[{"close_approach_date":"2160-07-02","relative_velocity":{"kilometers_per_second":"13.1046371091"},"miss_distance":{"kilometers":"42911688"}}]}]