[{"name":"313552 (2003 BX33)","estimated_diameter":{"meters":{"estimated_diameter_min":175.6123184804,"estimated_diameter_max":392.6810818086}},"is_potentially_hazardous_asteroid":false,"close_approach_data":[{"close_approach_date":"2160-09-30","relative_velocity":{"kilometers_per_second":"13.7708323185"},"miss_distance":{"kilometers":"49277160"}}]},{"name":"(2003 QB30)","estimated_diameter":{"meters":{"estimated_diameter_min":11.6025908209,"estimated_diameter_max":25.9441817907}},"is_potentially_hazardous_asteroid":false,"close_approach_data":[{"close_approach_date":"2160-09-30","relative_velocity":{"kilometers_per_second":"8.2883712542"},"miss_distance":{"kilometers":"29033150"}}]}]