[{"name":"7480 Norwan (1994 PC)","estimated_diameter":{"meters":{"estimated_diameter_min":1058.1688593312,"estimated_diameter_max":2366.137501138}},"is_potentially_hazardous_asteroid":false,"close_approach_data":[{"close_approach_date":"2160-01-01","relative_velocity":{"kilometers_per_second":"6.432554042"},"miss_distance":{"kilometers":"69151552"}}]},{"name":"363024 (1998 OK1)","estimated_diameter":{"meters":{"estimated_diameter_min":366.9061375314,"estimated_diameter_max":820.4270648822}},"is_potentially_hazardous_asteroid":true,"close_approach_data":[{"close_approach_date":"2160-01-01","relative_velocity":{"kilometers_per_second":"11.0072744611"},"miss_distance":{"kilometers":"23333542"}}]},{"name":"455184 (2000 ED14)","estimated_diameter":{"meters":{"estimated_diameter_min":183.8886720703,"estimated_diameter_max":411.1875710413}},"is_potentially_hazardous_asteroid":true,"close_approach_data":[{"close_approach_date":"2160-01-01","relative_velocity":{"kilometers_per_second":"24.9329195561"},"miss_distance":{"kilometers":"50196436"}}]}]