[{"name":"(2009 WB105)","estimated_diameter":{"meters":{"estimated_diameter_min":53.0340723319,"estimated_diameter_max":118.5877908577}},"is_potentially_hazardous_asteroid":false,"close_approach_data":[{"close_approach_date":"2160-11-26","relative_velocity":{"kilometers_per_second":"19.0410503598"},"miss_distance":{"kilometers":"7531214"}}]},{"name":"(2017 HX3)","estimated_diameter":{"meters":{"estimated_diameter_min":116.7763714923,"estimated_diameter_max":261.1199048226}},"is_potentially_hazardous_asteroid":true,"close_approach_data":[{"close_approach_date":"2160-11-26","relative_velocity":{"kilometers_per_second":"16.3579579338"},"miss_distance":{"kilometers":"22518328"}}]},{"name":"(2017 WJ2)","estimated_diameter":{"meters":{"estimated_diameter_min":110.396416579,"estimated_diameter_max":246.853891943}},"is_potentially_hazardous_asteroid":true,"close_approach_data":[{"close_approach_date":"2160-11-26","relative_velocity":{"kilometers_per_second":"12.5975357243"},"miss_distance":{"kilometers":"53866232"}}]}]