[{"name":"155140 (2005 UD)","estimated_diameter":{"meters":{"estimated_diameter_min":921.6265485028,"estimated_diameter_max":2060.8196123208}},"is_potentially_hazardous_asteroid":false,"close_approach_data":[{"close_approach_date":"2160-12-27","relative_velocity":{"kilometers_per_second":"25.3462608593"},"miss_distance":{"kilometers":"74220720"}}]},{"name":"(2015 YP1)","estimated_diameter":{"meters":{"estimated_diameter_min":66.7659413495,"estimated_diameter_max":149.2931834393}},"is_potentially_hazardous_asteroid":false,"close_approach_data":[{"close_approach_date":"2160-12-27","relative_velocity":{"kilometers_per_second":"13.1116770759"},"miss_distance":{"kilometers":"41025332"}}]}]