[{"name":"137044 (1998 UC50)","estimated_diameter":{"meters":{"estimated_diameter_min":1214.9404079963,"estimated_diameter_max":2716.6893408911}},"is_potentially_hazardous_asteroid":false,"close_approach_data":[{"close_approach_date":"2160-02-17","relative_velocity":{"kilometers_per_second":"2.5526979091"},"miss_distance":{"kilometers":"46708440"}}]},{"name":"(1995 CR)","estimated_diameter":{"meters":{"estimated_diameter_min":121.4940407996,"estimated_diameter_max":271.6689340891}},"is_potentially_hazardous_asteroid":true,"close_approach_data":[{"close_approach_date":"2160-02-17","relative_velocity":{"kilometers_per_second":"35.3829566889"},"miss_distance":{"kilometers":"26003284"}}]},{"name":"(2013 NJ10)","estimated_diameter":{"meters":{"estimated_diameter_min":608.9126221057,"estimated_diameter_max":1361.5700153859}},"is_potentially_hazardous_asteroid":true,"close_approach_data":[{"close_approach_date":"2160-02-17","relative_velocity":{"kilometers_per_second":"8.8055159016"},"miss_distance":{"kilometers":"18239348"}}]},{"name":"(2014 OV3)","estimated_diameter":{"meters":{"estimated_diameter_min":60.8912622106,"estimated_diameter_max":136.1570015386}},"is_potentially_hazardous_asteroid":false,"close_approach_data":[{"close_approach_date":"2160-02-17","relative_velocity":{"kilometers_per_second":"4.7545798444"},"miss_distance":{"kilometers":"33550264"}}]},{"name":"(2015 EN7)","estimated_diameter":{"meters":{"estimated_diameter_min":242.4124811008,"estimated_diameter_max":542.0507863358}},"is_potentially_hazardous_asteroid":false,"close_approach_data":[{"close_approach_date":"2160-02-17","relative_velocity":{"kilometers_per_second":"25.8386474042"},"miss_distance":{"kilometers":"60070940"}}]}]