[{"name":"(2011 QG21)","estimated_diameter":{"meters":{"estimated_diameter_min":121.4940407996,"estimated_diameter_max":271.6689340891}},"is_potentially_hazardous_asteroid":false,"close_approach_data":[{"close_approach_date":"2160-02-20","relative_velocity":{"kilometers_per_second":"13.1687239477"},"miss_distance":{"kilometers":"27805818"}}]},{"name":"(2016 CL264)","estimated_diameter":{"meters":{"estimated_diameter_min":366.9061375314,"estimated_diameter_max":820.4270648822}},"is_potentially_hazardous_asteroid":true,"close_approach_data":[{"close_approach_date":"2160-02-20","relative_velocity":{"kilometers_per_second":"22.5196087624"},"miss_distance":{"kilometers":"26377704"}}]}]