[{"name":"163000 (2001 SW169)","estimated_diameter":{"meters":{"estimated_diameter_min":384.1978910643,"estimated_diameter_max":859.0926012318}},"is_potentially_hazardous_asteroid":false,"close_approach_data":[{"close_approach_date":"2160-07-15","relative_velocity":{"kilometers_per_second":"1.2888311243"},"miss_distance":{"kilometers":"26923498"}}]},{"name":"(2012 OQ)","estimated_diameter":{"meters":{"estimated_diameter_min":110.8038821264,"estimated_diameter_max":247.7650126055}},"is_potentially_hazardous_asteroid":true,"close_approach_data":[{"close_approach_date":"2160-07-15","relative_velocity":{"kilometers_per_second":"18.9278870238"},"miss_distance":{"kilometers":"35925308"}}]},{"name":"(2017 XZ1)","estimated_diameter":{"meters":{"estimated_diameter_min":27.4128996713,"estimated_diameter_max":61.2971071255}},"is_potentially_hazardous_asteroid":false,"close_approach_data":[{"close_approach_date":"2160-07-15","relative_velocity":{"kilometers_per_second":"16.0493598775"},"miss_distance":{"kilometers":"45581872"}}]}]