[{"name":"249886 (2001 RY11)","estimated_diameter":{"meters":{"estimated_diameter_min":880.1465209007,"estimated_diameter_max":1968.067450894}},"is_potentially_hazardous_asteroid":false,"close_approach_data":[{"close_approach_date":"2160-12-20","relative_velocity":{"kilometers_per_second":"11.86899903"},"miss_distance":{"kilometers":"57243792"}}]},{"name":"(2007 XF25)","estimated_diameter":{"meters":{"estimated_diameter_min":139.4938229344,"estimated_diameter_max":311.9176705226}},"is_potentially_hazardous_asteroid":false,"close_approach_data":[{"close_approach_date":"2160-12-20","relative_velocity":{"kilometers_per_second":"12.7274236478"},"miss_distance":{"kilometers":"49747456"}}]},{"name":"(2016 XE18)","estimated_diameter":{"meters":{"estimated_diameter_min":23.150212221,"estimated_diameter_max":51.7654482198}},"is_potentially_hazardous_asteroid":false,"close_approach_data":[{"close_approach_date":"2160-12-20","relative_velocity":{"kilometers_per_second":"8.5248479225"},"miss_distance":{"kilometers":"17296384"}}]},{"name":"484403 (2007 XF25)","estimated_diameter":{"meters":{"estimated_diameter_min":139.4938229344,"estimated_diameter_max":311.9176705226}},"is_potentially_hazardous_asteroid":false,"close_approach_data":[{"close_approach_date":"2160-12-20","relative_velocity":{"kilometers_per_second":"12.7274404535"},"miss_distance":{"kilometers":"49747492"}}]}]