[{"name":"175921 (2000 DM1)","estimated_diameter":{"meters":{"estimated_diameter_min":581.5070396458,"estimated_diameter_max":1300.2892700427}},"is_potentially_hazardous_asteroid":false,"close_approach_data":[{"close_approach_date":"2160-04-02","relative_velocity":{"kilometers_per_second":"18.7756430935"},"miss_distance":{"kilometers":"35004016"}}]},{"name":"(2010 HX107)","estimated_diameter":{"meters":{"estimated_diameter_min":50.6471458835,"estimated_diameter_max":113.2504610618}},"is_potentially_hazardous_asteroid":false,"close_approach_data":[{"close_approach_date":"2160-04-02","relative_velocity":{"kilometers_per_second":"8.5253313836"},"miss_distance":{"kilometers":"12698114"}}]},{"name":"(2015 XR55)","estimated_diameter":{"meters":{"estimated_diameter_min":242.4124811008,"estimated_diameter_max":542.0507863358}},"is_potentially_hazardous_asteroid":false,"close_approach_data":[{"close_approach_date":"2160-04-02","relative_velocity":{"kilometers_per_second":"22.362347313"},"miss_distance":{"kilometers":"56489040"}}]},{"name":"(2016 SG1)","estimated_diameter":{"meters":{"estimated_diameter_min":840.5334020728,"estimated_diameter_max":1879.4898243938}},"is_potentially_hazardous_asteroid":false,"close_approach_data":[{"close_approach_date":"2160-04-02","relative_velocity":{"kilometers_per_second":"29.9368213665"},"miss_distance":{"kilometers":"54599160"}}]}]