[{"name":"164222 (2004 RN9)","estimated_diameter":{"meters":{"estimated_diameter_min":183.8886720703,"estimated_diameter_max":411.1875710413}},"is_potentially_hazardous_asteroid":false,"close_approach_data":[{"close_approach_date":"2160-03-17","relative_velocity":{"kilometers_per_second":"9.5068994915"},"miss_distance":{"kilometers":"59463356"}}]},{"name":"465633 (2009 JR5)","estimated_diameter":{"meters":{"estimated_diameter_min":231.5021222103,"estimated_diameter_max":517.6544821978}},"is_potentially_hazardous_asteroid":true,"close_approach_data":[{"close_approach_date":"2160-03-17","relative_velocity":{"kilometers_per_second":"22.7088979316"},"miss_distance":{"kilometers":"66968412"}}]},{"name":"(2007 TF68)","estimated_diameter":{"meters":{"estimated_diameter_min":76.6575573531,"estimated_diameter_max":171.4115092306}},"is_potentially_hazardous_asteroid":false,"close_approach_data":[{"close_approach_date":"2160-03-17","relative_velocity":{"kilometers_per_second":"13.4714933166"},"miss_distance":{"kilometers":"58392792"}}]},{"name":"(2017 EV2)","estimated_diameter":{"meters":{"estimated_diameter_min":192.5550781879,"estimated_diameter_max":430.566244241}},"is_potentially_hazardous_asteroid":false,"close_approach_data":[{"close_approach_date":"2160-03-17","relative_velocity":{"kilometers_per_second":"29.8411771691"},"miss_distance":{"kilometers":"59708752"}}]}]