[{"name":"99907 (1989 VA)","estimated_diameter":{"meters":{"estimated_diameter_min":699.1252322458,"estimated_diameter_max":1563.2915440869}},"is_potentially_hazardous_asteroid":false,"close_approach_data":[{"close_approach_date":"2160-11-11","relative_velocity":{"kilometers_per_second":"16.9088416074"},"miss_distance":{"kilometers":"26110070"}}]},{"name":"452376 (2002 AC5)","estimated_diameter":{"meters":{"estimated_diameter_min":265.8,"estimated_diameter_max":594.3468684194}},"is_potentially_hazardous_asteroid":true,"close_approach_data":[{"close_approach_date":"2160-11-11","relative_velocity":{"kilometers_per_second":"12.522086141"},"miss_distance":{"kilometers":"29784392"}}]},{"name":"(2005 RQ6)","estimated_diameter":{"meters":{"estimated_diameter_min":441.1181999969,"estimated_diameter_max":986.3702813054}},"is_potentially_hazardous_asteroid":false,"close_approach_data":[{"close_approach_date":"2160-11-11","relative_velocity":{"kilometers_per_second":"10.2103904225"},"miss_distance":{"kilometers":"33052160"}}]},{"name":"(2008 AV28)","estimated_diameter":{"meters":{"estimated_diameter_min":350.3926411083,"estimated_diameter_max":783.5017643338}},"is_potentially_hazardous_asteroid":false,"close_approach_data":[{"close_approach_date":"2160-11-11","relative_velocity":{"kilometers_per_second":"20.757166496"},"miss_distance":{"kilometers":"65926716"}}]},{"name":"(2014 VQ)","estimated_diameter":{"meters":{"estimated_diameter_min":231.5021222103,"estimated_diameter_max":517.6544821978}},"is_potentially_hazardous_asteroid":false,"close_approach_data":[{"close_approach_date":"2160-11-11","relative_velocity":{"kilometers_per_second":"10.4750058554"},"miss_distance":{"kilometers":"25383440"}}]},{"name":"467609 (2008 AV28)","estimated_diameter":{"meters":{"estimated_diameter_min":350.3926411083,"estimated_diameter_max":783.5017643338}},"is_potentially_hazardous_asteroid":false,"close_approach_data":[{"close_approach_date":"2160-11-11","relative_velocity":{"kilometers_per_second":"20.757188552"},"miss_distance":{"kilometers":"65926820"}}]},{"name":"(2016 XK18)","estimated_diameter":{"meters":{"estimated_diameter_min":33.4622374455,"estimated_diameter_max":74.8238376074}},"is_potentially_hazardous_asteroid":false,"close_approach_data":[{"close_approach_date":"2160-11-11","relative_velocity":{"kilometers_per_second":"17.0077084632"},"miss_distance":{"kilometers":"38167316"}}]},{"name":"504025 (2005 RQ6)","estimated_diameter":{"meters":{"estimated_diameter_min":441.1181999969,"estimated_diameter_max":986.3702813054}},"is_potentially_hazardous_asteroid":false,"close_approach_data":[{"close_approach_date":"2160-11-11","relative_velocity":{"kilometers_per_second":"10.2104164892"},"miss_distance":{"kilometers":"33052354"}}]}]