[{"name":"162173 Ryugu (1999 JU3)","estimated_diameter":{"meters":{"estimated_diameter_min":366.9061375314,"estimated_diameter_max":820.4270648822}},"is_potentially_hazardous_asteroid":true,"close_approach_data":[{"close_approach_date":"2160-02-26","relative_velocity":{"kilometers_per_second":"9.4064220633"},"miss_distance":{"kilometers":"32528594"}}]},{"name":"(2003 QR79)","estimated_diameter":{"meters":{"estimated_diameter_min":183.8886720703,"estimated_diameter_max":411.1875710413}},"is_potentially_hazardous_asteroid":false,"close_approach_data":[{"close_approach_date":"2160-02-26","relative_velocity":{"kilometers_per_second":"8.9164586305"},"miss_distance":{"kilometers":"54510736"}}]},{"name":"(2014 QZ265)","estimated_diameter":{"meters":{"estimated_diameter_min":23.150212221,"estimated_diameter_max":51.7654482198}},"is_potentially_hazardous_asteroid":false,"close_approach_data":[{"close_approach_date":"2160-02-26","relative_velocity":{"kilometers_per_second":"16.3007873604"},"miss_distance":{"kilometers":"28694868"}}]},{"name":"(2014 SG143)","estimated_diameter":{"meters":{"estimated_diameter_min":483.6764882185,"estimated_diameter_max":1081.533506775}},"is_potentially_hazardous_asteroid":false,"close_approach_data":[{"close_approach_date":"2160-02-26","relative_velocity":{"kilometers_per_second":"10.7647746713"},"miss_distance":{"kilometers":"49374400"}}]},{"name":"469513 (2003 QR79)","estimated_diameter":{"meters":{"estimated_diameter_min":175.6123184804,"estimated_diameter_max":392.6810818086}},"is_potentially_hazardous_asteroid":false,"close_approach_data":[{"close_approach_date":"2160-02-26","relative_velocity":{"kilometers_per_second":"8.916448662"},"miss_distance":{"kilometers":"54510608"}}]}]