[{"name":"390522 (1996 GD1)","estimated_diameter":{"meters":{"estimated_diameter_min":201.6299194428,"estimated_diameter_max":450.8582061718}},"is_potentially_hazardous_asteroid":false,"close_approach_data":[{"close_approach_date":"2160-05-15","relative_velocity":{"kilometers_per_second":"15.0014936362"},"miss_distance":{"kilometers":"20137256"}}]},{"name":"452313 (1998 XR16)","estimated_diameter":{"meters":{"estimated_diameter_min":530.3407233187,"estimated_diameter_max":1185.8779085771}},"is_potentially_hazardous_asteroid":false,"close_approach_data":[{"close_approach_date":"2160-05-15","relative_velocity":{"kilometers_per_second":"22.2698957016"},"miss_distance":{"kilometers":"67685280"}}]},{"name":"(2015 GF)","estimated_diameter":{"meters":{"estimated_diameter_min":192.5550781879,"estimated_diameter_max":430.566244241}},"is_potentially_hazardous_asteroid":false,"close_approach_data":[{"close_approach_date":"2160-05-15","relative_velocity":{"kilometers_per_second":"10.1666575596"},"miss_distance":{"kilometers":"63015912"}}]},{"name":"(2017 FQ64)","estimated_diameter":{"meters":{"estimated_diameter_min":171.8521526702,"estimated_diameter_max":384.2730954503}},"is_potentially_hazardous_asteroid":true,"close_approach_data":[{"close_approach_date":"2160-05-15","relative_velocity":{"kilometers_per_second":"11.3178659708"},"miss_distance":{"kilometers":"10104608"}}]}]