[{"name":"(2005 LV7)","estimated_diameter":{"meters":{"estimated_diameter_min":402.3045798343,"estimated_diameter_max":899.5803881691}},"is_potentially_hazardous_asteroid":false,"close_approach_data":[{"close_approach_date":"2160-08-11","relative_velocity":{"kilometers_per_second":"9.0955172041"},"miss_distance":{"kilometers":"10858195"}}]},{"name":"(2005 PA5)","estimated_diameter":{"meters":{"estimated_diameter_min":116.0259082094,"estimated_diameter_max":259.4418179074}},"is_potentially_hazardous_asteroid":true,"close_approach_data":[{"close_approach_date":"2160-08-11","relative_velocity":{"kilometers_per_second":"10.7638399703"},"miss_distance":{"kilometers":"18079468"}}]}]