[{"name":"225900 (2002 AF3)","estimated_diameter":{"meters":{"estimated_diameter_min":732.0739893473,"estimated_diameter_max":1636.96720474}},"is_potentially_hazardous_asteroid":false,"close_approach_data":[{"close_approach_date":"2160-04-03","relative_velocity":{"kilometers_per_second":"15.7523661051"},"miss_distance":{"kilometers":"40779488"}}]},{"name":"264357 (2000 AZ93)","estimated_diameter":{"meters":{"estimated_diameter_min":167.7084621628,"estimated_diameter_max":375.0075217981}},"is_potentially_hazardous_asteroid":true,"close_approach_data":[{"close_approach_date":"2160-04-03","relative_velocity":{"kilometers_per_second":"6.3620054183"},"miss_distance":{"kilometers":"56124772"}}]},{"name":"386298 (2008 SR7)","estimated_diameter":{"meters":{"estimated_diameter_min":265.8,"estimated_diameter_max":594.3468684194}},"is_potentially_hazardous_asteroid":false,"close_approach_data":[{"close_approach_date":"2160-04-03","relative_velocity":{"kilometers_per_second":"7.2769691957"},"miss_distance":{"kilometers":"43571108"}}]},{"name":"399325 (1999 GY5)","estimated_diameter":{"meters":{"estimated_diameter_min":265.8,"estimated_diameter_max":594.3468684194}},"is_potentially_hazardous_asteroid":false,"close_approach_data":[{"close_approach_date":"2160-04-03","relative_velocity":{"kilometers_per_second":"16.2980077629"},"miss_distance":{"kilometers":"43214480"}}]},{"name":"(2002 EV11)","estimated_diameter":{"meters":{"estimated_diameter_min":265.8,"estimated_diameter_max":594.3468684194}},"is_potentially_hazardous_asteroid":true,"close_approach_data":[{"close_approach_date":"2160-04-03","relative_velocity":{"kilometers_per_second":"46.8041810254"},"miss_distance":{"kilometers":"67308344"}}]},{"name":"(2007 GU4)","estimated_diameter":{"meters":{"estimated_diameter_min":88.0146520901,"estimated_diameter_max":196.8067450894}},"is_potentially_hazardous_asteroid":false,"close_approach_data":[{"close_approach_date":"2160-04-03","relative_velocity":{"kilometers_per_second":"13.3434952504"},"miss_distance":{"kilometers":"4591250.5"}}]},{"name":"(2015 GX5)","estimated_diameter":{"meters":{"estimated_diameter_min":183.8886720703,"estimated_diameter_max":411.1875710413}},"is_potentially_hazardous_asteroid":false,"close_approach_data":[{"close_approach_date":"2160-04-03","relative_velocity":{"kilometers_per_second":"13.9700575641"},"miss_distance":{"kilometers":"67716448"}}]},{"name":"(2017 YV8)","estimated_diameter":{"meters":{"estimated_diameter_min":9.0272397455,"estimated_diameter_max":20.18552172}},"is_potentially_hazardous_asteroid":false,"close_approach_data":[{"close_approach_date":"2160-04-03","relative_velocity":{"kilometers_per_second":"8.9981532188"},"miss_distance":{"kilometers":"10690685"}}]}]