[{"name":"(2002 JQ9)","estimated_diameter":{"meters":{"estimated_diameter_min":384.1978910643,"estimated_diameter_max":859.0926012318}},"is_potentially_hazardous_asteroid":true,"close_approach_data":[{"close_approach_date":"2160-05-08","relative_velocity":{"kilometers_per_second":"16.1407275755"},"miss_distance":{"kilometers":"8967786"}}]},{"name":"(2015 KT120)","estimated_diameter":{"meters":{"estimated_diameter_min":25.3837029364,"estimated_diameter_max":56.7596852866}},"is_potentially_hazardous_asteroid":false,"close_approach_data":[{"close_approach_date":"2160-05-08","relative_velocity":{"kilometers_per_second":"12.1264998012"},"miss_distance":{"kilometers":"33302626"}}]}]