[{"name":"(2007 CQ5)","estimated_diameter":{"meters":{"estimated_diameter_min":101.054341542,"estimated_diameter_max":225.9643771094}},"is_potentially_hazardous_asteroid":false,"close_approach_data":[{"close_approach_date":"2160-04-04","relative_velocity":{"kilometers_per_second":"3.6953449484"},"miss_distance":{"kilometers":"18329282"}}]},{"name":"(2014 GC35)","estimated_diameter":{"meters":{"estimated_diameter_min":88.0146520901,"estimated_diameter_max":196.8067450894}},"is_potentially_hazardous_asteroid":false,"close_approach_data":[{"close_approach_date":"2160-04-04","relative_velocity":{"kilometers_per_second":"16.5290107043"},"miss_distance":{"kilometers":"55449704"}}]}]