[{"name":"1566 Icarus (1949 MA)","estimated_diameter":{"meters":{"estimated_diameter_min":1108.0388212642,"estimated_diameter_max":2477.6501260554}},"is_potentially_hazardous_asteroid":true,"close_approach_data":[{"close_approach_date":"2160-09-07","relative_velocity":{"kilometers_per_second":"21.3729588026"},"miss_distance":{"kilometers":"66469912"}}]},{"name":"137078 (1998 XZ4)","estimated_diameter":{"meters":{"estimated_diameter_min":1460.6796427136,"estimated_diameter_max":3266.1789744576}},"is_potentially_hazardous_asteroid":false,"close_approach_data":[{"close_approach_date":"2160-09-07","relative_velocity":{"kilometers_per_second":"21.5429755081"},"miss_distance":{"kilometers":"49158676"}}]},{"name":"(2007 GZ5)","estimated_diameter":{"meters":{"estimated_diameter_min":152.9519353442,"estimated_diameter_max":342.0109247198}},"is_potentially_hazardous_asteroid":false,"close_approach_data":[{"close_approach_date":"2160-09-07","relative_velocity":{"kilometers_per_second":"7.1032844674"},"miss_distance":{"kilometers":"40107160"}}]},{"name":"(2017 FM90)","estimated_diameter":{"meters":{"estimated_diameter_min":148.5097532846,"estimated_diameter_max":332.0779036661}},"is_potentially_hazardous_asteroid":false,"close_approach_data":[{"close_approach_date":"2160-09-07","relative_velocity":{"kilometers_per_second":"21.3767652701"},"miss_distance":{"kilometers":"39583540"}}]}]