[{"name":"22099 (2000 EX106)","estimated_diameter":{"meters":{"estimated_diameter_min":699.1252322458,"estimated_diameter_max":1563.2915440869}},"is_potentially_hazardous_asteroid":false,"close_approach_data":[{"close_approach_date":"2160-02-06","relative_velocity":{"kilometers_per_second":"9.8237901453"},"miss_distance":{"kilometers":"62632936"}}]},{"name":"(2009 FL25)","estimated_diameter":{"meters":{"estimated_diameter_min":350.3926411083,"estimated_diameter_max":783.5017643338}},"is_potentially_hazardous_asteroid":false,"close_approach_data":[{"close_approach_date":"2160-02-06","relative_velocity":{"kilometers_per_second":"16.9564443757"},"miss_distance":{"kilometers":"52394764"}}]},{"name":"(2013 LG16)","estimated_diameter":{"meters":{"estimated_diameter_min":384.1978910643,"estimated_diameter_max":859.0926012318}},"is_potentially_hazardous_asteroid":true,"close_approach_data":[{"close_approach_date":"2160-02-06","relative_velocity":{"kilometers_per_second":"14.5411724427"},"miss_distance":{"kilometers":"46315960"}}]},{"name":"(2017 BW30)","estimated_diameter":{"meters":{"estimated_diameter_min":44.1118199997,"estimated_diameter_max":98.6370281305}},"is_potentially_hazardous_asteroid":false,"close_approach_data":[{"close_approach_date":"2160-02-06","relative_velocity":{"kilometers_per_second":"19.102777835"},"miss_distance":{"kilometers":"43664372"}}]}]