[{"name":"(2007 EH)","estimated_diameter":{"meters":{"estimated_diameter_min":8.0270316728,"estimated_diameter_max":17.948988478}},"is_potentially_hazardous_asteroid":false,"close_approach_data":[{"close_approach_date":"2160-03-07","relative_velocity":{"kilometers_per_second":"19.9358609076"},"miss_distance":{"kilometers":"13123682"}}]},{"name":"(2010 EF21)","estimated_diameter":{"meters":{"estimated_diameter_min":555.334911581,"estimated_diameter_max":1241.766612574}},"is_potentially_hazardous_asteroid":false,"close_approach_data":[{"close_approach_date":"2160-03-07","relative_velocity":{"kilometers_per_second":"23.3231128539"},"miss_distance":{"kilometers":"30215284"}}]},{"name":"(2015 WZ12)","estimated_diameter":{"meters":{"estimated_diameter_min":14.6067964271,"estimated_diameter_max":32.6617897446}},"is_potentially_hazardous_asteroid":false,"close_approach_data":[{"close_approach_date":"2160-03-07","relative_velocity":{"kilometers_per_second":"12.8570914198"},"miss_distance":{"kilometers":"68870936"}}]}]