[{"name":"137427 (1999 TF211)","estimated_diameter":{"meters":{"estimated_diameter_min":2424.124811008,"estimated_diameter_max":5420.5078633577}},"is_potentially_hazardous_asteroid":true,"close_approach_data":[{"close_approach_date":"2160-03-30","relative_velocity":{"kilometers_per_second":"28.5940053552"},"miss_distance":{"kilometers":"55447312"}}]},{"name":"(1995 SB)","estimated_diameter":{"meters":{"estimated_diameter_min":92.1626548503,"estimated_diameter_max":206.0819612321}},"is_potentially_hazardous_asteroid":false,"close_approach_data":[{"close_approach_date":"2160-03-30","relative_velocity":{"kilometers_per_second":"7.8840298216"},"miss_distance":{"kilometers":"42443012"}}]}]