[{"name":"8567 (1996 HW1)","estimated_diameter":{"meters":{"estimated_diameter_min":2315.0212221033,"estimated_diameter_max":5176.5448219775}},"is_potentially_hazardous_asteroid":false,"close_approach_data":[{"close_approach_date":"2160-10-11","relative_velocity":{"kilometers_per_second":"14.2545430574"},"miss_distance":{"kilometers":"66199444"}}]},{"name":"(2002 TA69)","estimated_diameter":{"meters":{"estimated_diameter_min":608.9126221057,"estimated_diameter_max":1361.5700153859}},"is_potentially_hazardous_asteroid":false,"close_approach_data":[{"close_approach_date":"2160-10-11","relative_velocity":{"kilometers_per_second":"28.1262043321"},"miss_distance":{"kilometers":"41972964"}}]}]