[{"name":"386504 (2009 BP58)","estimated_diameter":{"meters":{"estimated_diameter_min":483.6764882185,"estimated_diameter_max":1081.533506775}},"is_potentially_hazardous_asteroid":false,"close_approach_data":[{"close_approach_date":"2160-07-29","relative_velocity":{"kilometers_per_second":"17.0351577828"},"miss_distance":{"kilometers":"54814700"}}]},{"name":"(2006 TS7)","estimated_diameter":{"meters":{"estimated_diameter_min":152.9519353442,"estimated_diameter_max":342.0109247198}},"is_potentially_hazardous_asteroid":true,"close_approach_data":[{"close_approach_date":"2160-07-29","relative_velocity":{"kilometers_per_second":"25.9063675236"},"miss_distance":{"kilometers":"42112604"}}]},{"name":"(2009 UX19)","estimated_diameter":{"meters":{"estimated_diameter_min":441.1181999969,"estimated_diameter_max":986.3702813054}},"is_potentially_hazardous_asteroid":false,"close_approach_data":[{"close_approach_date":"2160-07-29","relative_velocity":{"kilometers_per_second":"34.9420380894"},"miss_distance":{"kilometers":"44771740"}}]},{"name":"(2013 UB)","estimated_diameter":{"meters":{"estimated_diameter_min":12.7219878539,"estimated_diameter_max":28.4472296503}},"is_potentially_hazardous_asteroid":false,"close_approach_data":[{"close_approach_date":"2160-07-29","relative_velocity":{"kilometers_per_second":"11.6860900803"},"miss_distance":{"kilometers":"20829024"}}]},{"name":"475534 (2006 TS7)","estimated_diameter":{"meters":{"estimated_diameter_min":152.9519353442,"estimated_diameter_max":342.0109247198}},"is_potentially_hazardous_asteroid":true,"close_approach_data":[{"close_approach_date":"2160-07-29","relative_velocity":{"kilometers_per_second":"25.9065197719"},"miss_distance":{"kilometers":"42113300"}}]}]