[{"name":"349928 (2009 WD106)","estimated_diameter":{"meters":{"estimated_diameter_min":506.4714588346,"estimated_diameter_max":1132.5046106177}},"is_potentially_hazardous_asteroid":false,"close_approach_data":[{"close_approach_date":"2160-04-19","relative_velocity":{"kilometers_per_second":"24.4516634341"},"miss_distance":{"kilometers":"28482220"}}]},{"name":"(2016 EE157)","estimated_diameter":{"meters":{"estimated_diameter_min":183.8886720703,"estimated_diameter_max":411.1875710413}},"is_potentially_hazardous_asteroid":false,"close_approach_data":[{"close_approach_date":"2160-04-19","relative_velocity":{"kilometers_per_second":"16.7129624688"},"miss_distance":{"kilometers":"37594096"}}]}]