[{"name":"252558 (2001 WT1)","estimated_diameter":{"meters":{"estimated_diameter_min":242.4124811008,"estimated_diameter_max":542.0507863358}},"is_potentially_hazardous_asteroid":false,"close_approach_data":[{"close_approach_date":"2160-09-21","relative_velocity":{"kilometers_per_second":"12.0237720536"},"miss_distance":{"kilometers":"18482828"}}]},{"name":"337075 (1998 QC1)","estimated_diameter":{"meters":{"estimated_diameter_min":305.1792325939,"estimated_diameter_max":682.4015094011}},"is_potentially_hazardous_asteroid":true,"close_approach_data":[{"close_approach_date":"2160-09-21","relative_velocity":{"kilometers_per_second":"15.5000673732"},"miss_distance":{"kilometers":"22810520"}}]}]