[{"name":"16834 (1997 WU22)","estimated_diameter":{"meters":{"estimated_diameter_min":1925.5507818793,"estimated_diameter_max":4305.66244241}},"is_potentially_hazardous_asteroid":false,"close_approach_data":[{"close_approach_date":"2160-08-17","relative_velocity":{"kilometers_per_second":"25.5946921363"},"miss_distance":{"kilometers":"74498040"}}]},{"name":"(2001 HB)","estimated_diameter":{"meters":{"estimated_diameter_min":221.0828103591,"estimated_diameter_max":494.3561926196}},"is_potentially_hazardous_asteroid":true,"close_approach_data":[{"close_approach_date":"2160-08-17","relative_velocity":{"kilometers_per_second":"19.1138474618"},"miss_distance":{"kilometers":"27519602"}}]},{"name":"(2004 QF1)","estimated_diameter":{"meters":{"estimated_diameter_min":608.9126221057,"estimated_diameter_max":1361.5700153859}},"is_potentially_hazardous_asteroid":false,"close_approach_data":[{"close_approach_date":"2160-08-17","relative_velocity":{"kilometers_per_second":"11.0105192698"},"miss_distance":{"kilometers":"51409628"}}]},{"name":"496901 (2001 HB)","estimated_diameter":{"meters":{"estimated_diameter_min":221.0828103591,"estimated_diameter_max":494.3561926196}},"is_potentially_hazardous_asteroid":true,"close_approach_data":[{"close_approach_date":"2160-08-17","relative_velocity":{"kilometers_per_second":"19.1138549947"},"miss_distance":{"kilometers":"27519576"}}]},{"name":"503960 (2004 QF1)","estimated_diameter":{"meters":{"estimated_diameter_min":608.9126221057,"estimated_diameter_max":1361.5700153859}},"is_potentially_hazardous_asteroid":false,"close_approach_data":[{"close_approach_date":"2160-08-17","relative_velocity":{"kilometers_per_second":"11.0105192655"},"miss_distance":{"kilometers":"51409628"}}]}]