[{"name":"331876 (2004 CL)","estimated_diameter":{"meters":{"estimated_diameter_min":211.1324447897,"estimated_diameter_max":472.1064988055}},"is_potentially_hazardous_asteroid":true,"close_approach_data":[{"close_approach_date":"2160-12-30","relative_velocity":{"kilometers_per_second":"11.8625652671"},"miss_distance":{"kilometers":"38537284"}}]},{"name":"(2006 MJ10)","estimated_diameter":{"meters":{"estimated_diameter_min":506.4714588346,"estimated_diameter_max":1132.5046106177}},"is_potentially_hazardous_asteroid":false,"close_approach_data":[{"close_approach_date":"2160-12-30","relative_velocity":{"kilometers_per_second":"25.0888315327"},"miss_distance":{"kilometers":"22914566"}}]},{"name":"470004 (2006 MJ10)","estimated_diameter":{"meters":{"estimated_diameter_min":506.4714588346,"estimated_diameter_max":1132.5046106177}},"is_potentially_hazardous_asteroid":false,"close_approach_data":[{"close_approach_date":"2160-12-30","relative_velocity":{"kilometers_per_second":"25.0888421072"},"miss_distance":{"kilometers":"22914558"}}]}]