[{"name":"453563 (2010 BB)","estimated_diameter":{"meters":{"estimated_diameter_min":242.4124811008,"estimated_diameter_max":542.0507863358}},"is_potentially_hazardous_asteroid":true,"close_approach_data":[{"close_approach_date":"2160-12-26","relative_velocity":{"kilometers_per_second":"11.7719569457"},"miss_distance":{"kilometers":"19633276"}}]},{"name":"455659 (2005 BO1)","estimated_diameter":{"meters":{"estimated_diameter_min":133.2155666981,"estimated_diameter_max":297.8790627982}},"is_potentially_hazardous_asteroid":false,"close_approach_data":[{"close_approach_date":"2160-12-26","relative_velocity":{"kilometers_per_second":"10.056968322"},"miss_distance":{"kilometers":"43218268"}}]},{"name":"(2007 TL23)","estimated_diameter":{"meters":{"estimated_diameter_min":139.4938229344,"estimated_diameter_max":311.9176705226}},"is_potentially_hazardous_asteroid":true,"close_approach_data":[{"close_approach_date":"2160-12-26","relative_velocity":{"kilometers_per_second":"37.041558678"},"miss_distance":{"kilometers":"56316484"}}]},{"name":"(2013 AF4)","estimated_diameter":{"meters":{"estimated_diameter_min":76.6575573531,"estimated_diameter_max":171.4115092306}},"is_potentially_hazardous_asteroid":false,"close_approach_data":[{"close_approach_date":"2160-12-26","relative_velocity":{"kilometers_per_second":"6.0971231925"},"miss_distance":{"kilometers":"55371008"}}]},{"name":"(2014 XR6)","estimated_diameter":{"meters":{"estimated_diameter_min":581.5070396458,"estimated_diameter_max":1300.2892700427}},"is_potentially_hazardous_asteroid":false,"close_approach_data":[{"close_approach_date":"2160-12-26","relative_velocity":{"kilometers_per_second":"13.7874204998"},"miss_distance":{"kilometers":"67270880"}}]}]