[{"name":"(2012 HP13)","estimated_diameter":{"meters":{"estimated_diameter_min":38.4197891064,"estimated_diameter_max":85.9092601232}},"is_potentially_hazardous_asteroid":false,"close_approach_data":[{"close_approach_date":"2160-05-02","relative_velocity":{"kilometers_per_second":"11.6818243327"},"miss_distance":{"kilometers":"33958064"}}]},{"name":"(2014 LA27)","estimated_diameter":{"meters":{"estimated_diameter_min":608.9126221057,"estimated_diameter_max":1361.5700153859}},"is_potentially_hazardous_asteroid":false,"close_approach_data":[{"close_approach_date":"2160-05-02","relative_velocity":{"kilometers_per_second":"27.3111314476"},"miss_distance":{"kilometers":"57154240"}}]}]