[{"name":"385843 (2006 JY25)","estimated_diameter":{"meters":{"estimated_diameter_min":211.1324447897,"estimated_diameter_max":472.1064988055}},"is_potentially_hazardous_asteroid":false,"close_approach_data":[{"close_approach_date":"2160-10-17","relative_velocity":{"kilometers_per_second":"17.7818325217"},"miss_distance":{"kilometers":"62077256"}}]},{"name":"(2005 TU50)","estimated_diameter":{"meters":{"estimated_diameter_min":139.4938229344,"estimated_diameter_max":311.9176705226}},"is_potentially_hazardous_asteroid":true,"close_approach_data":[{"close_approach_date":"2160-10-17","relative_velocity":{"kilometers_per_second":"21.3359260934"},"miss_distance":{"kilometers":"7389731"}}]},{"name":"(2007 VL8)","estimated_diameter":{"meters":{"estimated_diameter_min":152.9519353442,"estimated_diameter_max":342.0109247198}},"is_potentially_hazardous_asteroid":false,"close_approach_data":[{"close_approach_date":"2160-10-17","relative_velocity":{"kilometers_per_second":"10.8757581129"},"miss_distance":{"kilometers":"16475880"}}]},{"name":"(2010 GO33)","estimated_diameter":{"meters":{"estimated_diameter_min":384.1978910643,"estimated_diameter_max":859.0926012318}},"is_potentially_hazardous_asteroid":false,"close_approach_data":[{"close_approach_date":"2160-10-17","relative_velocity":{"kilometers_per_second":"30.4590070381"},"miss_distance":{"kilometers":"69999808"}}]},{"name":"(2013 PW6)","estimated_diameter":{"meters":{"estimated_diameter_min":441.1181999969,"estimated_diameter_max":986.3702813054}},"is_potentially_hazardous_asteroid":false,"close_approach_data":[{"close_approach_date":"2160-10-17","relative_velocity":{"kilometers_per_second":"24.5382864611"},"miss_distance":{"kilometers":"55460180"}}]}]