[{"name":"(2008 JZ7)","estimated_diameter":{"meters":{"estimated_diameter_min":506.4714588346,"estimated_diameter_max":1132.5046106177}},"is_potentially_hazardous_asteroid":false,"close_approach_data":[{"close_approach_date":"2160-09-20","relative_velocity":{"kilometers_per_second":"20.3142976369"},"miss_distance":{"kilometers":"55230944"}}]},{"name":"(2008 UX)","estimated_diameter":{"meters":{"estimated_diameter_min":192.5550781879,"estimated_diameter_max":430.566244241}},"is_potentially_hazardous_asteroid":false,"close_approach_data":[{"close_approach_date":"2160-09-20","relative_velocity":{"kilometers_per_second":"31.4802110737"},"miss_distance":{"kilometers":"68726152"}}]},{"name":"(2011 GL62)","estimated_diameter":{"meters":{"estimated_diameter_min":334.6223744549,"estimated_diameter_max":748.2383760735}},"is_potentially_hazardous_asteroid":false,"close_approach_data":[{"close_approach_date":"2160-09-20","relative_velocity":{"kilometers_per_second":"18.4767152773"},"miss_distance":{"kilometers":"72613216"}}]},{"name":"(2011 SG16)","estimated_diameter":{"meters":{"estimated_diameter_min":160.1603379786,"estimated_diameter_max":358.1294030194}},"is_potentially_hazardous_asteroid":false,"close_approach_data":[{"close_approach_date":"2160-09-20","relative_velocity":{"kilometers_per_second":"3.7166598224"},"miss_distance":{"kilometers":"60015508"}}]},{"name":"491007 (2011 GL62)","estimated_diameter":{"meters":{"estimated_diameter_min":334.6223744549,"estimated_diameter_max":748.2383760735}},"is_potentially_hazardous_asteroid":false,"close_approach_data":[{"close_approach_date":"2160-09-20","relative_velocity":{"kilometers_per_second":"18.4766798668"},"miss_distance":{"kilometers":"72613136"}}]}]