[{"name":"154244 (2002 KL6)","estimated_diameter":{"meters":{"estimated_diameter_min":840.5334020728,"estimated_diameter_max":1879.4898243938}},"is_potentially_hazardous_asteroid":false,"close_approach_data":[{"close_approach_date":"2160-06-08","relative_velocity":{"kilometers_per_second":"20.8182596288"},"miss_distance":{"kilometers":"69109928"}}]},{"name":"388188 (2006 DP14)","estimated_diameter":{"meters":{"estimated_diameter_min":441.1181999969,"estimated_diameter_max":986.3702813054}},"is_potentially_hazardous_asteroid":true,"close_approach_data":[{"close_approach_date":"2160-06-08","relative_velocity":{"kilometers_per_second":"24.203393524"},"miss_distance":{"kilometers":"30573972"}}]},{"name":"(2013 LC1)","estimated_diameter":{"meters":{"estimated_diameter_min":44.1118199997,"estimated_diameter_max":98.6370281305}},"is_potentially_hazardous_asteroid":false,"close_approach_data":[{"close_approach_date":"2160-06-08","relative_velocity":{"kilometers_per_second":"21.208661812"},"miss_distance":{"kilometers":"58233856"}}]},{"name":"(2016 YU8)","estimated_diameter":{"meters":{"estimated_diameter_min":242.4124811008,"estimated_diameter_max":542.0507863358}},"is_potentially_hazardous_asteroid":false,"close_approach_data":[{"close_approach_date":"2160-06-08","relative_velocity":{"kilometers_per_second":"11.398669899"},"miss_distance":{"kilometers":"68397280"}}]}]