[{"name":"(2006 VW2)","estimated_diameter":{"meters":{"estimated_diameter_min":152.9519353442,"estimated_diameter_max":342.0109247198}},"is_potentially_hazardous_asteroid":true,"close_approach_data":[{"close_approach_date":"2160-12-31","relative_velocity":{"kilometers_per_second":"8.1627603206"},"miss_distance":{"kilometers":"21506236"}}]},{"name":"(2012 PN28)","estimated_diameter":{"meters":{"estimated_diameter_min":732.0739893473,"estimated_diameter_max":1636.96720474}},"is_potentially_hazardous_asteroid":false,"close_approach_data":[{"close_approach_date":"2160-12-31","relative_velocity":{"kilometers_per_second":"19.4564126952"},"miss_distance":{"kilometers":"46662744"}}]},{"name":"(2015 QR3)","estimated_diameter":{"meters":{"estimated_diameter_min":19.2555078188,"estimated_diameter_max":43.0566244241}},"is_potentially_hazardous_asteroid":false,"close_approach_data":[{"close_approach_date":"2160-12-31","relative_velocity":{"kilometers_per_second":"8.1861794232"},"miss_distance":{"kilometers":"39499420"}}]},{"name":"506732 (2006 VW2)","estimated_diameter":{"meters":{"estimated_diameter_min":152.9519353442,"estimated_diameter_max":342.0109247198}},"is_potentially_hazardous_asteroid":true,"close_approach_data":[{"close_approach_date":"2160-12-31","relative_velocity":{"kilometers_per_second":"8.1628709091"},"miss_distance":{"kilometers":"21506094"}}]}]