[{"name":"152680 (1998 KJ9)","estimated_diameter":{"meters":{"estimated_diameter_min":350.3926411083,"estimated_diameter_max":783.5017643338}},"is_potentially_hazardous_asteroid":true,"close_approach_data":[{"close_approach_date":"2160-09-01","relative_velocity":{"kilometers_per_second":"21.9504426826"},"miss_distance":{"kilometers":"72758632"}}]},{"name":"(2004 AD)","estimated_diameter":{"meters":{"estimated_diameter_min":35.0392641108,"estimated_diameter_max":78.3501764334}},"is_potentially_hazardous_asteroid":false,"close_approach_data":[{"close_approach_date":"2160-09-01","relative_velocity":{"kilometers_per_second":"14.2908048525"},"miss_distance":{"kilometers":"45405076"}}]},{"name":"(2006 HW57)","estimated_diameter":{"meters":{"estimated_diameter_min":221.0828103591,"estimated_diameter_max":494.3561926196}},"is_potentially_hazardous_asteroid":true,"close_approach_data":[{"close_approach_date":"2160-09-01","relative_velocity":{"kilometers_per_second":"18.3335804895"},"miss_distance":{"kilometers":"58329624"}}]},{"name":"(2009 OO9)","estimated_diameter":{"meters":{"estimated_diameter_min":461.9074602816,"estimated_diameter_max":1032.8564805039}},"is_potentially_hazardous_asteroid":false,"close_approach_data":[{"close_approach_date":"2160-09-01","relative_velocity":{"kilometers_per_second":"24.380099565"},"miss_distance":{"kilometers":"23758902"}}]},{"name":"(2010 PK9)","estimated_diameter":{"meters":{"estimated_diameter_min":116.0259082094,"estimated_diameter_max":259.4418179074}},"is_potentially_hazardous_asteroid":true,"close_approach_data":[{"close_approach_date":"2160-09-01","relative_velocity":{"kilometers_per_second":"15.4545462716"},"miss_distance":{"kilometers":"19682934"}}]},{"name":"(2012 SW20)","estimated_diameter":{"meters":{"estimated_diameter_min":305.1792325939,"estimated_diameter_max":682.4015094011}},"is_potentially_hazardous_asteroid":true,"close_approach_data":[{"close_approach_date":"2160-09-01","relative_velocity":{"kilometers_per_second":"20.2276177053"},"miss_distance":{"kilometers":"41538812"}}]},{"name":"482488 (2012 SW20)","estimated_diameter":{"meters":{"estimated_diameter_min":305.1792325939,"estimated_diameter_max":682.4015094011}},"is_potentially_hazardous_asteroid":true,"close_approach_data":[{"close_approach_date":"2160-09-01","relative_velocity":{"kilometers_per_second":"20.2273218066"},"miss_distance":{"kilometers":"41537496"}}]}]