[{"name":"154993 (2005 EA94)","estimated_diameter":{"meters":{"estimated_diameter_min":667.6594134952,"estimated_diameter_max":1492.931834393}},"is_potentially_hazardous_asteroid":false,"close_approach_data":[{"close_approach_date":"2160-02-21","relative_velocity":{"kilometers_per_second":"19.7432137931"},"miss_distance":{"kilometers":"22123042"}}]},{"name":"285638 (2000 SO10)","estimated_diameter":{"meters":{"estimated_diameter_min":840.5334020728,"estimated_diameter_max":1879.4898243938}},"is_potentially_hazardous_asteroid":false,"close_approach_data":[{"close_approach_date":"2160-02-21","relative_velocity":{"kilometers_per_second":"28.9022727507"},"miss_distance":{"kilometers":"57525108"}}]},{"name":"292165 (2006 SC6)","estimated_diameter":{"meters":{"estimated_diameter_min":637.6097898754,"estimated_diameter_max":1425.7388332807}},"is_potentially_hazardous_asteroid":false,"close_approach_data":[{"close_approach_date":"2160-02-21","relative_velocity":{"kilometers_per_second":"30.671086627"},"miss_distance":{"kilometers":"72318656"}}]},{"name":"(2001 EC16)","estimated_diameter":{"meters":{"estimated_diameter_min":92.1626548503,"estimated_diameter_max":206.0819612321}},"is_potentially_hazardous_asteroid":false,"close_approach_data":[{"close_approach_date":"2160-02-21","relative_velocity":{"kilometers_per_second":"6.3803181688"},"miss_distance":{"kilometers":"65155616"}}]},{"name":"(2012 XO134)","estimated_diameter":{"meters":{"estimated_diameter_min":44.1118199997,"estimated_diameter_max":98.6370281305}},"is_potentially_hazardous_asteroid":false,"close_approach_data":[{"close_approach_date":"2160-02-21","relative_velocity":{"kilometers_per_second":"9.8771989228"},"miss_distance":{"kilometers":"53391244"}}]},{"name":"(2014 BP43)","estimated_diameter":{"meters":{"estimated_diameter_min":13.3215566698,"estimated_diameter_max":29.7879062798}},"is_potentially_hazardous_asteroid":false,"close_approach_data":[{"close_approach_date":"2160-02-21","relative_velocity":{"kilometers_per_second":"4.995475516"},"miss_distance":{"kilometers":"12576250"}}]},{"name":"(2015 GF)","estimated_diameter":{"meters":{"estimated_diameter_min":192.5550781879,"estimated_diameter_max":430.566244241}},"is_potentially_hazardous_asteroid":false,"close_approach_data":[{"close_approach_date":"2160-02-21","relative_velocity":{"kilometers_per_second":"5.9039813356"},"miss_distance":{"kilometers":"58773000"}}]},{"name":"(2015 TD145)","estimated_diameter":{"meters":{"estimated_diameter_min":96.5061469579,"estimated_diameter_max":215.7943048444}},"is_potentially_hazardous_asteroid":false,"close_approach_data":[{"close_approach_date":"2160-02-21","relative_velocity":{"kilometers_per_second":"14.7547156968"},"miss_distance":{"kilometers":"11968560"}}]}]