[{"name":"(2012 FR35)","estimated_diameter":{"meters":{"estimated_diameter_min":121.4940407996,"estimated_diameter_max":271.6689340891}},"is_potentially_hazardous_asteroid":false,"close_approach_data":[{"close_approach_date":"2160-04-29","relative_velocity":{"kilometers_per_second":"13.0902543996"},"miss_distance":{"kilometers":"29817924"}}]},{"name":"(2015 FQ117)","estimated_diameter":{"meters":{"estimated_diameter_min":201.6299194428,"estimated_diameter_max":450.8582061718}},"is_potentially_hazardous_asteroid":true,"close_approach_data":[{"close_approach_date":"2160-04-29","relative_velocity":{"kilometers_per_second":"18.5783559339"},"miss_distance":{"kilometers":"11169010"}}]}]