[{"name":"103067 (1999 XA143)","estimated_diameter":{"meters":{"estimated_diameter_min":1160.2590820944,"estimated_diameter_max":2594.4181790745}},"is_potentially_hazardous_asteroid":true,"close_approach_data":[{"close_approach_date":"2160-07-05","relative_velocity":{"kilometers_per_second":"21.1830864618"},"miss_distance":{"kilometers":"41582332"}}]},{"name":"106538 (2000 WK63)","estimated_diameter":{"meters":{"estimated_diameter_min":1460.6796427136,"estimated_diameter_max":3266.1789744576}},"is_potentially_hazardous_asteroid":false,"close_approach_data":[{"close_approach_date":"2160-07-05","relative_velocity":{"kilometers_per_second":"16.6034227412"},"miss_distance":{"kilometers":"35109560"}}]},{"name":"373503 (2001 CK42)","estimated_diameter":{"meters":{"estimated_diameter_min":265.8,"estimated_diameter_max":594.3468684194}},"is_potentially_hazardous_asteroid":false,"close_approach_data":[{"close_approach_date":"2160-07-05","relative_velocity":{"kilometers_per_second":"15.8313349412"},"miss_distance":{"kilometers":"65769572"}}]},{"name":"(2013 MR)","estimated_diameter":{"meters":{"estimated_diameter_min":121.4940407996,"estimated_diameter_max":271.6689340891}},"is_potentially_hazardous_asteroid":false,"close_approach_data":[{"close_approach_date":"2160-07-05","relative_velocity":{"kilometers_per_second":"13.1395750951"},"miss_distance":{"kilometers":"48230336"}}]},{"name":"(2013 YY13)","estimated_diameter":{"meters":{"estimated_diameter_min":384.1978910643,"estimated_diameter_max":859.0926012318}},"is_potentially_hazardous_asteroid":false,"close_approach_data":[{"close_approach_date":"2160-07-05","relative_velocity":{"kilometers_per_second":"18.9904477405"},"miss_distance":{"kilometers":"31342406"}}]}]