[{"name":"21374 (1997 WS22)","estimated_diameter":{"meters":{"estimated_diameter_min":880.1465209007,"estimated_diameter_max":1968.067450894}},"is_potentially_hazardous_asteroid":false,"close_approach_data":[{"close_approach_date":"2160-05-19","relative_velocity":{"kilometers_per_second":"18.0254221084"},"miss_distance":{"kilometers":"74644528"}}]},{"name":"434633 (2005 WB1)","estimated_diameter":{"meters":{"estimated_diameter_min":175.6123184804,"estimated_diameter_max":392.6810818086}},"is_potentially_hazardous_asteroid":true,"close_approach_data":[{"close_approach_date":"2160-05-19","relative_velocity":{"kilometers_per_second":"20.3739977223"},"miss_distance":{"kilometers":"33558520"}}]},{"name":"446833 (2001 RB12)","estimated_diameter":{"meters":{"estimated_diameter_min":167.7084621628,"estimated_diameter_max":375.0075217981}},"is_potentially_hazardous_asteroid":false,"close_approach_data":[{"close_approach_date":"2160-05-19","relative_velocity":{"kilometers_per_second":"22.7652467262"},"miss_distance":{"kilometers":"59880968"}}]},{"name":"(2002 XC91)","estimated_diameter":{"meters":{"estimated_diameter_min":305.1792325939,"estimated_diameter_max":682.4015094011}},"is_potentially_hazardous_asteroid":false,"close_approach_data":[{"close_approach_date":"2160-05-19","relative_velocity":{"kilometers_per_second":"19.1996820487"},"miss_distance":{"kilometers":"20060660"}}]},{"name":"(2011 GP65)","estimated_diameter":{"meters":{"estimated_diameter_min":183.8886720703,"estimated_diameter_max":411.1875710413}},"is_potentially_hazardous_asteroid":false,"close_approach_data":[{"close_approach_date":"2160-05-19","relative_velocity":{"kilometers_per_second":"13.2524395129"},"miss_distance":{"kilometers":"26185272"}}]},{"name":"(2013 KH6)","estimated_diameter":{"meters":{"estimated_diameter_min":60.8912622106,"estimated_diameter_max":136.1570015386}},"is_potentially_hazardous_asteroid":false,"close_approach_data":[{"close_approach_date":"2160-05-19","relative_velocity":{"kilometers_per_second":"19.0119832432"},"miss_distance":{"kilometers":"74603128"}}]},{"name":"(2017 KD3)","estimated_diameter":{"meters":{"estimated_diameter_min":87.9741291764,"estimated_diameter_max":196.7161330997}},"is_potentially_hazardous_asteroid":false,"close_approach_data":[{"close_approach_date":"2160-05-19","relative_velocity":{"kilometers_per_second":"7.2727926096"},"miss_distance":{"kilometers":"32979986"}}]}]