[{"name":"55408 (2001 TC2)","estimated_diameter":{"meters":{"estimated_diameter_min":506.4714588346,"estimated_diameter_max":1132.5046106177}},"is_potentially_hazardous_asteroid":false,"close_approach_data":[{"close_approach_date":"2160-09-26","relative_velocity":{"kilometers_per_second":"15.4192895229"},"miss_distance":{"kilometers":"57494880"}}]},{"name":"(2005 MX1)","estimated_diameter":{"meters":{"estimated_diameter_min":350.3926411083,"estimated_diameter_max":783.5017643338}},"is_potentially_hazardous_asteroid":false,"close_approach_data":[{"close_approach_date":"2160-09-26","relative_velocity":{"kilometers_per_second":"9.6005091736"},"miss_distance":{"kilometers":"9135444"}}]},{"name":"(2014 KN76)","estimated_diameter":{"meters":{"estimated_diameter_min":211.1324447897,"estimated_diameter_max":472.1064988055}},"is_potentially_hazardous_asteroid":false,"close_approach_data":[{"close_approach_date":"2160-09-26","relative_velocity":{"kilometers_per_second":"21.3249490689"},"miss_distance":{"kilometers":"73181104"}}]}]