[{"name":"162004 (1991 VE)","estimated_diameter":{"meters":{"estimated_diameter_min":608.9126221057,"estimated_diameter_max":1361.5700153859}},"is_potentially_hazardous_asteroid":false,"close_approach_data":[{"close_approach_date":"2160-11-10","relative_velocity":{"kilometers_per_second":"15.2993253617"},"miss_distance":{"kilometers":"53576096"}}]},{"name":"413021 (2000 SY162)","estimated_diameter":{"meters":{"estimated_diameter_min":350.3926411083,"estimated_diameter_max":783.5017643338}},"is_potentially_hazardous_asteroid":false,"close_approach_data":[{"close_approach_date":"2160-11-10","relative_velocity":{"kilometers_per_second":"4.9542793431"},"miss_distance":{"kilometers":"47893524"}}]},{"name":"451370 (2011 AK5)","estimated_diameter":{"meters":{"estimated_diameter_min":133.2155666981,"estimated_diameter_max":297.8790627982}},"is_potentially_hazardous_asteroid":true,"close_approach_data":[{"close_approach_date":"2160-11-10","relative_velocity":{"kilometers_per_second":"6.361305747"},"miss_distance":{"kilometers":"55768616"}}]},{"name":"(2005 UV64)","estimated_diameter":{"meters":{"estimated_diameter_min":13.3215566698,"estimated_diameter_max":29.7879062798}},"is_potentially_hazardous_asteroid":false,"close_approach_data":[{"close_approach_date":"2160-11-10","relative_velocity":{"kilometers_per_second":"11.4484973168"},"miss_distance":{"kilometers":"40133908"}}]},{"name":"(2016 UP41)","estimated_diameter":{"meters":{"estimated_diameter_min":127.2198785394,"estimated_diameter_max":284.4722965033}},"is_potentially_hazardous_asteroid":false,"close_approach_data":[{"close_approach_date":"2160-11-10","relative_velocity":{"kilometers_per_second":"6.9285779285"},"miss_distance":{"kilometers":"45409268"}}]}]