[{"name":"(2002 AC29)","estimated_diameter":{"meters":{"estimated_diameter_min":802.7031672829,"estimated_diameter_max":1794.8988477988}},"is_potentially_hazardous_asteroid":false,"close_approach_data":[{"close_approach_date":"2160-01-31","relative_velocity":{"kilometers_per_second":"17.6166666376"},"miss_distance":{"kilometers":"60823596"}}]},{"name":"(2009 JL1)","estimated_diameter":{"meters":{"estimated_diameter_min":167.7084621628,"estimated_diameter_max":375.0075217981}},"is_potentially_hazardous_asteroid":false,"close_approach_data":[{"close_approach_date":"2160-01-31","relative_velocity":{"kilometers_per_second":"6.2576275588"},"miss_distance":{"kilometers":"59115708"}}]},{"name":"480885 (2002 AC29)","estimated_diameter":{"meters":{"estimated_diameter_min":732.0739893473,"estimated_diameter_max":1636.96720474}},"is_potentially_hazardous_asteroid":false,"close_approach_data":[{"close_approach_date":"2160-01-31","relative_velocity":{"kilometers_per_second":"17.6162854908"},"miss_distance":{"kilometers":"60823368"}}]}]