[{"name":"(2011 WL15)","estimated_diameter":{"meters":{"estimated_diameter_min":305.1792325939,"estimated_diameter_max":682.4015094011}},"is_potentially_hazardous_asteroid":true,"close_approach_data":[{"close_approach_date":"2160-07-09","relative_velocity":{"kilometers_per_second":"15.4537922728"},"miss_distance":{"kilometers":"46106248"}}]},{"name":"482344 (2011 WL15)","estimated_diameter":{"meters":{"estimated_diameter_min":291.4439045349,"estimated_diameter_max":651.6883821679}},"is_potentially_hazardous_asteroid":true,"close_approach_data":[{"close_approach_date":"2160-07-09","relative_velocity":{"kilometers_per_second":"15.4537966599"},"miss_distance":{"kilometers":"46106288"}}]}]