[{"name":"(2011 WC)","estimated_diameter":{"meters":{"estimated_diameter_min":73.2073989347,"estimated_diameter_max":163.696720474}},"is_potentially_hazardous_asteroid":false,"close_approach_data":[{"close_approach_date":"2160-07-03","relative_velocity":{"kilometers_per_second":"5.3173554934"},"miss_distance":{"kilometers":"51530028"}}]},{"name":"(2013 HG20)","estimated_diameter":{"meters":{"estimated_diameter_min":167.7084621628,"estimated_diameter_max":375.0075217981}},"is_potentially_hazardous_asteroid":false,"close_approach_data":[{"close_approach_date":"2160-07-03","relative_velocity":{"kilometers_per_second":"9.734493429"},"miss_distance":{"kilometers":"17417286"}}]},{"name":"(2017 AH13)","estimated_diameter":{"meters":{"estimated_diameter_min":152.9519353442,"estimated_diameter_max":342.0109247198}},"is_potentially_hazardous_asteroid":false,"close_approach_data":[{"close_approach_date":"2160-07-03","relative_velocity":{"kilometers_per_second":"19.5681603185"},"miss_distance":{"kilometers":"47499768"}}]}]