[{"name":"154275 (2002 SR41)","estimated_diameter":{"meters":{"estimated_diameter_min":253.8370293645,"estimated_diameter_max":567.5968528656}},"is_potentially_hazardous_asteroid":true,"close_approach_data":[{"close_approach_date":"2160-10-26","relative_velocity":{"kilometers_per_second":"20.6302824379"},"miss_distance":{"kilometers":"28108216"}}]},{"name":"381989 (2010 HR80)","estimated_diameter":{"meters":{"estimated_diameter_min":278.3267680719,"estimated_diameter_max":622.3575733667}},"is_potentially_hazardous_asteroid":false,"close_approach_data":[{"close_approach_date":"2160-10-26","relative_velocity":{"kilometers_per_second":"27.501710398"},"miss_distance":{"kilometers":"46340132"}}]}]