[{"name":"(2010 GB6)","estimated_diameter":{"meters":{"estimated_diameter_min":101.054341542,"estimated_diameter_max":225.9643771094}},"is_potentially_hazardous_asteroid":false,"close_approach_data":[{"close_approach_date":"2160-04-08","relative_velocity":{"kilometers_per_second":"17.6163210013"},"miss_distance":{"kilometers":"26247762"}}]},{"name":"(2013 SC25)","estimated_diameter":{"meters":{"estimated_diameter_min":384.1978910643,"estimated_diameter_max":859.0926012318}},"is_potentially_hazardous_asteroid":false,"close_approach_data":[{"close_approach_date":"2160-04-08","relative_velocity":{"kilometers_per_second":"15.7491051356"},"miss_distance":{"kilometers":"57371144"}}]},{"name":"(2015 EK7)","estimated_diameter":{"meters":{"estimated_diameter_min":101.054341542,"estimated_diameter_max":225.9643771094}},"is_potentially_hazardous_asteroid":true,"close_approach_data":[{"close_approach_date":"2160-04-08","relative_velocity":{"kilometers_per_second":"20.6598010481"},"miss_distance":{"kilometers":"66782344"}}]},{"name":"471956 (2013 SC25)","estimated_diameter":{"meters":{"estimated_diameter_min":384.1978910643,"estimated_diameter_max":859.0926012318}},"is_potentially_hazardous_asteroid":false,"close_approach_data":[{"close_approach_date":"2160-04-08","relative_velocity":{"kilometers_per_second":"15.7492897687"},"miss_distance":{"kilometers":"57371552"}}]}]