[{"name":"162452 (2000 HO14)","estimated_diameter":{"meters":{"estimated_diameter_min":581.5070396458,"estimated_diameter_max":1300.2892700427}},"is_potentially_hazardous_asteroid":false,"close_approach_data":[{"close_approach_date":"2160-07-13","relative_velocity":{"kilometers_per_second":"3.2231910203"},"miss_distance":{"kilometers":"63626456"}}]},{"name":"(2013 MX5)","estimated_diameter":{"meters":{"estimated_diameter_min":441.1181999969,"estimated_diameter_max":986.3702813054}},"is_potentially_hazardous_asteroid":false,"close_approach_data":[{"close_approach_date":"2160-07-13","relative_velocity":{"kilometers_per_second":"3.5304436001"},"miss_distance":{"kilometers":"49447104"}}]},{"name":"(2015 RF36)","estimated_diameter":{"meters":{"estimated_diameter_min":55.5334911581,"estimated_diameter_max":124.1766612574}},"is_potentially_hazardous_asteroid":false,"close_approach_data":[{"close_approach_date":"2160-07-13","relative_velocity":{"kilometers_per_second":"6.9022305411"},"miss_distance":{"kilometers":"27347336"}}]},{"name":"(2014 OC4)","estimated_diameter":{"meters":{"estimated_diameter_min":21.113244479,"estimated_diameter_max":47.2106498806}},"is_potentially_hazardous_asteroid":false,"close_approach_data":[{"close_approach_date":"2160-07-13","relative_velocity":{"kilometers_per_second":"5.3089756061"},"miss_distance":{"kilometers":"6275481.5"}}]}]