[{"name":"(2000 HB24)","estimated_diameter":{"meters":{"estimated_diameter_min":48.3676488219,"estimated_diameter_max":108.1533506775}},"is_potentially_hazardous_asteroid":false,"close_approach_data":[{"close_approach_date":"2160-05-05","relative_velocity":{"kilometers_per_second":"22.2410204352"},"miss_distance":{"kilometers":"54015964"}}]},{"name":"(2014 KN76)","estimated_diameter":{"meters":{"estimated_diameter_min":211.1324447897,"estimated_diameter_max":472.1064988055}},"is_potentially_hazardous_asteroid":false,"close_approach_data":[{"close_approach_date":"2160-05-05","relative_velocity":{"kilometers_per_second":"18.5960792812"},"miss_distance":{"kilometers":"72201376"}}]}]