[{"name":"360502 (2003 EO16)","estimated_diameter":{"meters":{"estimated_diameter_min":211.1324447897,"estimated_diameter_max":472.1064988055}},"is_potentially_hazardous_asteroid":false,"close_approach_data":[{"close_approach_date":"2160-01-16","relative_velocity":{"kilometers_per_second":"17.4041771516"},"miss_distance":{"kilometers":"58165776"}}]},{"name":"(2013 AW52)","estimated_diameter":{"meters":{"estimated_diameter_min":278.3267680719,"estimated_diameter_max":622.3575733667}},"is_potentially_hazardous_asteroid":false,"close_approach_data":[{"close_approach_date":"2160-01-16","relative_velocity":{"kilometers_per_second":"13.2243424101"},"miss_distance":{"kilometers":"57289732"}}]},{"name":"(2013 BC70)","estimated_diameter":{"meters":{"estimated_diameter_min":38.4197891064,"estimated_diameter_max":85.9092601232}},"is_potentially_hazardous_asteroid":false,"close_approach_data":[{"close_approach_date":"2160-01-16","relative_velocity":{"kilometers_per_second":"17.9458892624"},"miss_distance":{"kilometers":"26212758"}}]}]