[{"name":"(2003 GH21)","estimated_diameter":{"meters":{"estimated_diameter_min":139.4938229344,"estimated_diameter_max":311.9176705226}},"is_potentially_hazardous_asteroid":false,"close_approach_data":[{"close_approach_date":"2160-04-05","relative_velocity":{"kilometers_per_second":"16.9243860327"},"miss_distance":{"kilometers":"63907868"}}]},{"name":"(2005 UX5)","estimated_diameter":{"meters":{"estimated_diameter_min":160.1603379786,"estimated_diameter_max":358.1294030194}},"is_potentially_hazardous_asteroid":false,"close_approach_data":[{"close_approach_date":"2160-04-05","relative_velocity":{"kilometers_per_second":"14.1562499941"},"miss_distance":{"kilometers":"28818370"}}]},{"name":"(2008 SD85)","estimated_diameter":{"meters":{"estimated_diameter_min":69.9125232246,"estimated_diameter_max":156.3291544087}},"is_potentially_hazardous_asteroid":false,"close_approach_data":[{"close_approach_date":"2160-04-05","relative_velocity":{"kilometers_per_second":"23.5463009848"},"miss_distance":{"kilometers":"70732352"}}]},{"name":"(2010 WG3)","estimated_diameter":{"meters":{"estimated_diameter_min":73.2073989347,"estimated_diameter_max":163.696720474}},"is_potentially_hazardous_asteroid":false,"close_approach_data":[{"close_approach_date":"2160-04-05","relative_velocity":{"kilometers_per_second":"15.5874979604"},"miss_distance":{"kilometers":"54777232"}}]}]