[{"name":"(2012 VP76)","estimated_diameter":{"meters":{"estimated_diameter_min":50.6471458835,"estimated_diameter_max":113.2504610618}},"is_potentially_hazardous_asteroid":false,"close_approach_data":[{"close_approach_date":"2160-12-21","relative_velocity":{"kilometers_per_second":"15.5943183262"},"miss_distance":{"kilometers":"61401628"}}]},{"name":"(2015 TB179)","estimated_diameter":{"meters":{"estimated_diameter_min":211.1324447897,"estimated_diameter_max":472.1064988055}},"is_potentially_hazardous_asteroid":false,"close_approach_data":[{"close_approach_date":"2160-12-21","relative_velocity":{"kilometers_per_second":"5.761234152"},"miss_distance":{"kilometers":"34821212"}}]},{"name":"(2016 HK)","estimated_diameter":{"meters":{"estimated_diameter_min":29.1443904535,"estimated_diameter_max":65.1688382168}},"is_potentially_hazardous_asteroid":false,"close_approach_data":[{"close_approach_date":"2160-12-21","relative_velocity":{"kilometers_per_second":"9.2968749191"},"miss_distance":{"kilometers":"27440428"}}]}]