[{"name":"3554 Amun (1986 EB)","estimated_diameter":{"meters":{"estimated_diameter_min":1822.0277059112,"estimated_diameter_max":4074.1778073054}},"is_potentially_hazardous_asteroid":false,"close_approach_data":[{"close_approach_date":"2160-08-27","relative_velocity":{"kilometers_per_second":"17.059908687"},"miss_distance":{"kilometers":"49759924"}}]},{"name":"142561 (2002 TX68)","estimated_diameter":{"meters":{"estimated_diameter_min":637.6097898754,"estimated_diameter_max":1425.7388332807}},"is_potentially_hazardous_asteroid":false,"close_approach_data":[{"close_approach_date":"2160-08-27","relative_velocity":{"kilometers_per_second":"8.5712721199"},"miss_distance":{"kilometers":"73294360"}}]},{"name":"436030 (2009 JO2)","estimated_diameter":{"meters":{"estimated_diameter_min":350.3926411083,"estimated_diameter_max":783.5017643338}},"is_potentially_hazardous_asteroid":false,"close_approach_data":[{"close_approach_date":"2160-08-27","relative_velocity":{"kilometers_per_second":"15.5534195949"},"miss_distance":{"kilometers":"45104964"}}]},{"name":"(2005 RO33)","estimated_diameter":{"meters":{"estimated_diameter_min":253.8370293645,"estimated_diameter_max":567.5968528656}},"is_potentially_hazardous_asteroid":false,"close_approach_data":[{"close_approach_date":"2160-08-27","relative_velocity":{"kilometers_per_second":"5.2888198912"},"miss_distance":{"kilometers":"25515762"}}]},{"name":"(2006 BV39)","estimated_diameter":{"meters":{"estimated_diameter_min":4.0230457983,"estimated_diameter_max":8.9958038817}},"is_potentially_hazardous_asteroid":false,"close_approach_data":[{"close_approach_date":"2160-08-27","relative_velocity":{"kilometers_per_second":"6.6051196849"},"miss_distance":{"kilometers":"51387080"}}]},{"name":"(2012 QH8)","estimated_diameter":{"meters":{"estimated_diameter_min":152.9519353442,"estimated_diameter_max":342.0109247198}},"is_potentially_hazardous_asteroid":false,"close_approach_data":[{"close_approach_date":"2160-08-27","relative_velocity":{"kilometers_per_second":"11.7293816435"},"miss_distance":{"kilometers":"34989124"}}]},{"name":"(2014 EB49)","estimated_diameter":{"meters":{"estimated_diameter_min":201.6299194428,"estimated_diameter_max":450.8582061718}},"is_potentially_hazardous_asteroid":false,"close_approach_data":[{"close_approach_date":"2160-08-27","relative_velocity":{"kilometers_per_second":"18.9961809667"},"miss_distance":{"kilometers":"44685968"}}]},{"name":"(2014 JW54)","estimated_diameter":{"meters":{"estimated_diameter_min":483.6764882185,"estimated_diameter_max":1081.533506775}},"is_potentially_hazardous_asteroid":false,"close_approach_data":[{"close_approach_date":"2160-08-27","relative_velocity":{"kilometers_per_second":"33.8949233577"},"miss_distance":{"kilometers":"51115460"}}]}]