[{"name":"257744 (2000 AD205)","estimated_diameter":{"meters":{"estimated_diameter_min":506.4714588346,"estimated_diameter_max":1132.5046106177}},"is_potentially_hazardous_asteroid":false,"close_approach_data":[{"close_approach_date":"2160-10-21","relative_velocity":{"kilometers_per_second":"13.6341891327"},"miss_distance":{"kilometers":"38926340"}}]},{"name":"438955 (2010 LN14)","estimated_diameter":{"meters":{"estimated_diameter_min":167.7084621628,"estimated_diameter_max":375.0075217981}},"is_potentially_hazardous_asteroid":true,"close_approach_data":[{"close_approach_date":"2160-10-21","relative_velocity":{"kilometers_per_second":"16.3010997266"},"miss_distance":{"kilometers":"57733148"}}]},{"name":"(2002 VE68)","estimated_diameter":{"meters":{"estimated_diameter_min":211.1324447897,"estimated_diameter_max":472.1064988055}},"is_potentially_hazardous_asteroid":true,"close_approach_data":[{"close_approach_date":"2160-10-21","relative_velocity":{"kilometers_per_second":"14.9369258585"},"miss_distance":{"kilometers":"30967950"}}]}]