[{"name":"(2016 HO3)","estimated_diameter":{"meters":{"estimated_diameter_min":38.7217499927,"estimated_diameter_max":86.5844651915}},"is_potentially_hazardous_asteroid":false,"close_approach_data":[{"close_approach_date":"2160-06-13","relative_velocity":{"kilometers_per_second":"4.3256034811"},"miss_distance":{"kilometers":"18967108"}}]},{"name":"(2016 HD19)","estimated_diameter":{"meters":{"estimated_diameter_min":441.1181999969,"estimated_diameter_max":986.3702813054}},"is_potentially_hazardous_asteroid":false,"close_approach_data":[{"close_approach_date":"2160-06-13","relative_velocity":{"kilometers_per_second":"23.0845292901"},"miss_distance":{"kilometers":"53009036"}}]},{"name":"469219 (2016 HO3)","estimated_diameter":{"meters":{"estimated_diameter_min":38.4197891064,"estimated_diameter_max":85.9092601232}},"is_potentially_hazardous_asteroid":false,"close_approach_data":[{"close_approach_date":"2160-06-13","relative_velocity":{"kilometers_per_second":"4.3256034442"},"miss_distance":{"kilometers":"18966728"}}]},{"name":"(2017 XS)","estimated_diameter":{"meters":{"estimated_diameter_min":75.4666334439,"estimated_diameter_max":168.7485224137}},"is_potentially_hazardous_asteroid":false,"close_approach_data":[{"close_approach_date":"2160-06-13","relative_velocity":{"kilometers_per_second":"19.6313448049"},"miss_distance":{"kilometers":"71570304"}}]}]