[{"name":"3671 Dionysus (1984 KD)","estimated_diameter":{"meters":{"estimated_diameter_min":1332.1556669813,"estimated_diameter_max":2978.7906279817}},"is_potentially_hazardous_asteroid":true,"close_approach_data":[{"close_approach_date":"2160-08-30","relative_velocity":{"kilometers_per_second":"17.5974189178"},"miss_distance":{"kilometers":"56207336"}}]},{"name":"153415 (2001 QP153)","estimated_diameter":{"meters":{"estimated_diameter_min":1058.1688593312,"estimated_diameter_max":2366.137501138}},"is_potentially_hazardous_asteroid":false,"close_approach_data":[{"close_approach_date":"2160-08-30","relative_velocity":{"kilometers_per_second":"31.6862451371"},"miss_distance":{"kilometers":"62052452"}}]},{"name":"(2005 NE21)","estimated_diameter":{"meters":{"estimated_diameter_min":152.9519353442,"estimated_diameter_max":342.0109247198}},"is_potentially_hazardous_asteroid":false,"close_approach_data":[{"close_approach_date":"2160-08-30","relative_velocity":{"kilometers_per_second":"13.2175516712"},"miss_distance":{"kilometers":"21506410"}}]},{"name":"(2007 TD66)","estimated_diameter":{"meters":{"estimated_diameter_min":116.0259082094,"estimated_diameter_max":259.4418179074}},"is_potentially_hazardous_asteroid":false,"close_approach_data":[{"close_approach_date":"2160-08-30","relative_velocity":{"kilometers_per_second":"11.1611672598"},"miss_distance":{"kilometers":"33304924"}}]},{"name":"(2012 QQ10)","estimated_diameter":{"meters":{"estimated_diameter_min":183.8886720703,"estimated_diameter_max":411.1875710413}},"is_potentially_hazardous_asteroid":true,"close_approach_data":[{"close_approach_date":"2160-08-30","relative_velocity":{"kilometers_per_second":"12.9089070561"},"miss_distance":{"kilometers":"33714280"}}]}]