[{"name":"18172 (2000 QL7)","estimated_diameter":{"meters":{"estimated_diameter_min":2016.2991944276,"estimated_diameter_max":4508.5820617181}},"is_potentially_hazardous_asteroid":false,"close_approach_data":[{"close_approach_date":"2160-01-07","relative_velocity":{"kilometers_per_second":"9.3839124346"},"miss_distance":{"kilometers":"60107248"}}]},{"name":"(2008 CC175)","estimated_diameter":{"meters":{"estimated_diameter_min":146.0679642714,"estimated_diameter_max":326.6178974458}},"is_potentially_hazardous_asteroid":false,"close_approach_data":[{"close_approach_date":"2160-01-07","relative_velocity":{"kilometers_per_second":"13.2472345555"},"miss_distance":{"kilometers":"67139664"}}]},{"name":"(2014 WF497)","estimated_diameter":{"meters":{"estimated_diameter_min":253.8370293645,"estimated_diameter_max":567.5968528656}},"is_potentially_hazardous_asteroid":false,"close_approach_data":[{"close_approach_date":"2160-01-07","relative_velocity":{"kilometers_per_second":"14.5398591981"},"miss_distance":{"kilometers":"50437992"}}]},{"name":"(2017 BE3)","estimated_diameter":{"meters":{"estimated_diameter_min":265.8,"estimated_diameter_max":594.3468684194}},"is_potentially_hazardous_asteroid":false,"close_approach_data":[{"close_approach_date":"2160-01-07","relative_velocity":{"kilometers_per_second":"33.4116485712"},"miss_distance":{"kilometers":"68890360"}}]},{"name":"(2017 YH)","estimated_diameter":{"meters":{"estimated_diameter_min":557.641358591,"estimated_diameter_max":1246.9239848748}},"is_potentially_hazardous_asteroid":false,"close_approach_data":[{"close_approach_date":"2160-01-07","relative_velocity":{"kilometers_per_second":"21.2649522043"},"miss_distance":{"kilometers":"68401856"}}]}]