[{"name":"(2004 HG12)","estimated_diameter":{"meters":{"estimated_diameter_min":88.0146520901,"estimated_diameter_max":196.8067450894}},"is_potentially_hazardous_asteroid":true,"close_approach_data":[{"close_approach_date":"2160-05-04","relative_velocity":{"kilometers_per_second":"14.447874529"},"miss_distance":{"kilometers":"37469816"}}]},{"name":"359592 (2010 VA1)","estimated_diameter":{"meters":{"estimated_diameter_min":291.4439045349,"estimated_diameter_max":651.6883821679}},"is_potentially_hazardous_asteroid":false,"close_approach_data":[{"close_approach_date":"2160-05-04","relative_velocity":{"kilometers_per_second":"6.1109323161"},"miss_distance":{"kilometers":"26953076"}}]},{"name":"(2003 JD13)","estimated_diameter":{"meters":{"estimated_diameter_min":291.4439045349,"estimated_diameter_max":651.6883821679}},"is_potentially_hazardous_asteroid":false,"close_approach_data":[{"close_approach_date":"2160-05-04","relative_velocity":{"kilometers_per_second":"21.3145957758"},"miss_distance":{"kilometers":"46965756"}}]},{"name":"(2009 VN1)","estimated_diameter":{"meters":{"estimated_diameter_min":38.4197891064,"estimated_diameter_max":85.9092601232}},"is_potentially_hazardous_asteroid":false,"close_approach_data":[{"close_approach_date":"2160-05-04","relative_velocity":{"kilometers_per_second":"14.3482348509"},"miss_distance":{"kilometers":"20293936"}}]}]