[{"name":"(2014 GP17)","estimated_diameter":{"meters":{"estimated_diameter_min":24.2412481101,"estimated_diameter_max":54.2050786336}},"is_potentially_hazardous_asteroid":false,"close_approach_data":[{"close_approach_date":"2160-07-19","relative_velocity":{"kilometers_per_second":"22.6338983281"},"miss_distance":{"kilometers":"67522912"}}]},{"name":"(2017 PM26)","estimated_diameter":{"meters":{"estimated_diameter_min":150.3678453243,"estimated_diameter_max":336.2327237754}},"is_potentially_hazardous_asteroid":false,"close_approach_data":[{"close_approach_date":"2160-07-19","relative_velocity":{"kilometers_per_second":"15.3695993938"},"miss_distance":{"kilometers":"26401854"}}]}]