[{"name":"310560 (2001 QL142)","estimated_diameter":{"meters":{"estimated_diameter_min":732.0739893473,"estimated_diameter_max":1636.96720474}},"is_potentially_hazardous_asteroid":true,"close_approach_data":[{"close_approach_date":"2160-09-17","relative_velocity":{"kilometers_per_second":"22.7911402668"},"miss_distance":{"kilometers":"14919521"}}]},{"name":"(2013 RO5)","estimated_diameter":{"meters":{"estimated_diameter_min":29.1443904535,"estimated_diameter_max":65.1688382168}},"is_potentially_hazardous_asteroid":false,"close_approach_data":[{"close_approach_date":"2160-09-17","relative_velocity":{"kilometers_per_second":"8.9356698932"},"miss_distance":{"kilometers":"10842811"}}]}]