[{"name":"408982 (2002 SP)","estimated_diameter":{"meters":{"estimated_diameter_min":183.8886720703,"estimated_diameter_max":411.1875710413}},"is_potentially_hazardous_asteroid":false,"close_approach_data":[{"close_approach_date":"2160-07-28","relative_velocity":{"kilometers_per_second":"16.3356359504"},"miss_distance":{"kilometers":"45698528"}}]},{"name":"(2009 RM)","estimated_diameter":{"meters":{"estimated_diameter_min":608.9126221057,"estimated_diameter_max":1361.5700153859}},"is_potentially_hazardous_asteroid":false,"close_approach_data":[{"close_approach_date":"2160-07-28","relative_velocity":{"kilometers_per_second":"3.7978751347"},"miss_distance":{"kilometers":"74543824"}}]},{"name":"(2015 OQ21)","estimated_diameter":{"meters":{"estimated_diameter_min":6.9912523225,"estimated_diameter_max":15.6329154409}},"is_potentially_hazardous_asteroid":false,"close_approach_data":[{"close_approach_date":"2160-07-28","relative_velocity":{"kilometers_per_second":"9.0660856467"},"miss_distance":{"kilometers":"6661424.5"}}]},{"name":"(2015 PM)","estimated_diameter":{"meters":{"estimated_diameter_min":211.1324447897,"estimated_diameter_max":472.1064988055}},"is_potentially_hazardous_asteroid":true,"close_approach_data":[{"close_approach_date":"2160-07-28","relative_velocity":{"kilometers_per_second":"27.7092332816"},"miss_distance":{"kilometers":"40552680"}}]}]