[{"name":"(2015 EL7)","estimated_diameter":{"meters":{"estimated_diameter_min":76.6575573531,"estimated_diameter_max":171.4115092306}},"is_potentially_hazardous_asteroid":false,"close_approach_data":[{"close_approach_date":"2160-03-27","relative_velocity":{"kilometers_per_second":"14.9368684579"},"miss_distance":{"kilometers":"27700548"}}]},{"name":"(2016 FR12)","estimated_diameter":{"meters":{"estimated_diameter_min":31.9561886721,"estimated_diameter_max":71.4562101727}},"is_potentially_hazardous_asteroid":false,"close_approach_data":[{"close_approach_date":"2160-03-27","relative_velocity":{"kilometers_per_second":"7.3082704816"},"miss_distance":{"kilometers":"20394556"}}]}]