[{"name":"154453 (2003 CJ11)","estimated_diameter":{"meters":{"estimated_diameter_min":2424.124811008,"estimated_diameter_max":5420.5078633577}},"is_potentially_hazardous_asteroid":false,"close_approach_data":[{"close_approach_date":"2160-03-26","relative_velocity":{"kilometers_per_second":"38.4465411707"},"miss_distance":{"kilometers":"73577424"}}]},{"name":"162433 (2000 FK10)","estimated_diameter":{"meters":{"estimated_diameter_min":384.1978910643,"estimated_diameter_max":859.0926012318}},"is_potentially_hazardous_asteroid":false,"close_approach_data":[{"close_approach_date":"2160-03-26","relative_velocity":{"kilometers_per_second":"28.5287189878"},"miss_distance":{"kilometers":"66386756"}}]},{"name":"162679 (2000 TK1)","estimated_diameter":{"meters":{"estimated_diameter_min":766.5755735311,"estimated_diameter_max":1714.1150923063}},"is_potentially_hazardous_asteroid":false,"close_approach_data":[{"close_approach_date":"2160-03-26","relative_velocity":{"kilometers_per_second":"29.6292125288"},"miss_distance":{"kilometers":"72529920"}}]},{"name":"(2015 FB)","estimated_diameter":{"meters":{"estimated_diameter_min":15.2951935344,"estimated_diameter_max":34.201092472}},"is_potentially_hazardous_asteroid":false,"close_approach_data":[{"close_approach_date":"2160-03-26","relative_velocity":{"kilometers_per_second":"7.6754150305"},"miss_distance":{"kilometers":"33659872"}}]}]