[{"name":"204232 (2004 DG2)","estimated_diameter":{"meters":{"estimated_diameter_min":555.334911581,"estimated_diameter_max":1241.766612574}},"is_potentially_hazardous_asteroid":false,"close_approach_data":[{"close_approach_date":"2160-09-06","relative_velocity":{"kilometers_per_second":"22.0684764446"},"miss_distance":{"kilometers":"65601924"}}]},{"name":"438452 (2007 AS12)","estimated_diameter":{"meters":{"estimated_diameter_min":402.3045798343,"estimated_diameter_max":899.5803881691}},"is_potentially_hazardous_asteroid":false,"close_approach_data":[{"close_approach_date":"2160-09-06","relative_velocity":{"kilometers_per_second":"14.2067311649"},"miss_distance":{"kilometers":"72184192"}}]},{"name":"(2009 SY)","estimated_diameter":{"meters":{"estimated_diameter_min":73.2073989347,"estimated_diameter_max":163.696720474}},"is_potentially_hazardous_asteroid":false,"close_approach_data":[{"close_approach_date":"2160-09-06","relative_velocity":{"kilometers_per_second":"23.5156739772"},"miss_distance":{"kilometers":"49323912"}}]},{"name":"(2016 RT1)","estimated_diameter":{"meters":{"estimated_diameter_min":110.8038821264,"estimated_diameter_max":247.7650126055}},"is_potentially_hazardous_asteroid":true,"close_approach_data":[{"close_approach_date":"2160-09-06","relative_velocity":{"kilometers_per_second":"16.2224271914"},"miss_distance":{"kilometers":"21113326"}}]},{"name":"(2013 RE21)","estimated_diameter":{"meters":{"estimated_diameter_min":291.4439045349,"estimated_diameter_max":651.6883821679}},"is_potentially_hazardous_asteroid":false,"close_approach_data":[{"close_approach_date":"2160-09-06","relative_velocity":{"kilometers_per_second":"3.4520086095"},"miss_distance":{"kilometers":"47178836"}}]}]