[{"name":"138013 (2000 CN101)","estimated_diameter":{"meters":{"estimated_diameter_min":3051.7923259387,"estimated_diameter_max":6824.0150940112}},"is_potentially_hazardous_asteroid":false,"close_approach_data":[{"close_approach_date":"2160-04-28","relative_velocity":{"kilometers_per_second":"13.5680075775"},"miss_distance":{"kilometers":"45274568"}}]},{"name":"399446 (2002 GF1)","estimated_diameter":{"meters":{"estimated_diameter_min":211.1324447897,"estimated_diameter_max":472.1064988055}},"is_potentially_hazardous_asteroid":false,"close_approach_data":[{"close_approach_date":"2160-04-28","relative_velocity":{"kilometers_per_second":"1.937934393"},"miss_distance":{"kilometers":"41718028"}}]},{"name":"434326 (2004 JG6)","estimated_diameter":{"meters":{"estimated_diameter_min":555.334911581,"estimated_diameter_max":1241.766612574}},"is_potentially_hazardous_asteroid":true,"close_approach_data":[{"close_approach_date":"2160-04-28","relative_velocity":{"kilometers_per_second":"20.3721982244"},"miss_distance":{"kilometers":"44280892"}}]},{"name":"451370 (2011 AK5)","estimated_diameter":{"meters":{"estimated_diameter_min":133.2155666981,"estimated_diameter_max":297.8790627982}},"is_potentially_hazardous_asteroid":true,"close_approach_data":[{"close_approach_date":"2160-04-28","relative_velocity":{"kilometers_per_second":"7.8665328044"},"miss_distance":{"kilometers":"16371878"}}]},{"name":"(2003 HM)","estimated_diameter":{"meters":{"estimated_diameter_min":96.5061469579,"estimated_diameter_max":215.7943048444}},"is_potentially_hazardous_asteroid":true,"close_approach_data":[{"close_approach_date":"2160-04-28","relative_velocity":{"kilometers_per_second":"15.2267908627"},"miss_distance":{"kilometers":"44813704"}}]}]