[{"name":"(2005 RK3)","estimated_diameter":{"meters":{"estimated_diameter_min":48.3676488219,"estimated_diameter_max":108.1533506775}},"is_potentially_hazardous_asteroid":false,"close_approach_data":[{"close_approach_date":"2160-08-21","relative_velocity":{"kilometers_per_second":"5.5734054159"},"miss_distance":{"kilometers":"13261198"}}]},{"name":"(2015 RH2)","estimated_diameter":{"meters":{"estimated_diameter_min":110.8038821264,"estimated_diameter_max":247.7650126055}},"is_potentially_hazardous_asteroid":true,"close_approach_data":[{"close_approach_date":"2160-08-21","relative_velocity":{"kilometers_per_second":"6.5414490246"},"miss_distance":{"kilometers":"55267360"}}]}]