[{"name":"451157 (2009 SQ104)","estimated_diameter":{"meters":{"estimated_diameter_min":167.7084621628,"estimated_diameter_max":375.0075217981}},"is_potentially_hazardous_asteroid":true,"close_approach_data":[{"close_approach_date":"2160-05-18","relative_velocity":{"kilometers_per_second":"3.2889758863"},"miss_distance":{"kilometers":"43043836"}}]},{"name":"(2007 GZ5)","estimated_diameter":{"meters":{"estimated_diameter_min":152.9519353442,"estimated_diameter_max":342.0109247198}},"is_potentially_hazardous_asteroid":false,"close_approach_data":[{"close_approach_date":"2160-05-18","relative_velocity":{"kilometers_per_second":"10.286819762"},"miss_distance":{"kilometers":"41938212"}}]}]