[{"name":"424965 (2009 AM15)","estimated_diameter":{"meters":{"estimated_diameter_min":461.9074602816,"estimated_diameter_max":1032.8564805039}},"is_potentially_hazardous_asteroid":false,"close_approach_data":[{"close_approach_date":"2160-02-27","relative_velocity":{"kilometers_per_second":"24.1973785128"},"miss_distance":{"kilometers":"27671990"}}]},{"name":"(2012 DK31)","estimated_diameter":{"meters":{"estimated_diameter_min":116.0259082094,"estimated_diameter_max":259.4418179074}},"is_potentially_hazardous_asteroid":true,"close_approach_data":[{"close_approach_date":"2160-02-27","relative_velocity":{"kilometers_per_second":"13.7152369151"},"miss_distance":{"kilometers":"7579591.5"}}]},{"name":"(2016 PO)","estimated_diameter":{"meters":{"estimated_diameter_min":25.3837029364,"estimated_diameter_max":56.7596852866}},"is_potentially_hazardous_asteroid":false,"close_approach_data":[{"close_approach_date":"2160-02-27","relative_velocity":{"kilometers_per_second":"7.4786308486"},"miss_distance":{"kilometers":"53065372"}}]}]