[{"name":"173664 (2001 JU2)","estimated_diameter":{"meters":{"estimated_diameter_min":319.5618867213,"estimated_diameter_max":714.5621017269}},"is_potentially_hazardous_asteroid":false,"close_approach_data":[{"close_approach_date":"2160-11-17","relative_velocity":{"kilometers_per_second":"5.6648821334"},"miss_distance":{"kilometers":"73975336"}}]},{"name":"(2009 XZ1)","estimated_diameter":{"meters":{"estimated_diameter_min":121.4940407996,"estimated_diameter_max":271.6689340891}},"is_potentially_hazardous_asteroid":true,"close_approach_data":[{"close_approach_date":"2160-11-17","relative_velocity":{"kilometers_per_second":"12.696721921"},"miss_distance":{"kilometers":"49413436"}}]},{"name":"477465 (2009 XZ1)","estimated_diameter":{"meters":{"estimated_diameter_min":121.4940407996,"estimated_diameter_max":271.6689340891}},"is_potentially_hazardous_asteroid":true,"close_approach_data":[{"close_approach_date":"2160-11-17","relative_velocity":{"kilometers_per_second":"12.6967221356"},"miss_distance":{"kilometers":"49413440"}}]}]