[{"name":"(2010 HX107)","estimated_diameter":{"meters":{"estimated_diameter_min":50.6471458835,"estimated_diameter_max":113.2504610618}},"is_potentially_hazardous_asteroid":false,"close_approach_data":[{"close_approach_date":"2160-08-06","relative_velocity":{"kilometers_per_second":"5.6073346752"},"miss_distance":{"kilometers":"45465056"}}]},{"name":"(2017 FT101)","estimated_diameter":{"meters":{"estimated_diameter_min":19.4964246947,"estimated_diameter_max":43.5953309355}},"is_potentially_hazardous_asteroid":false,"close_approach_data":[{"close_approach_date":"2160-08-06","relative_velocity":{"kilometers_per_second":"23.4810606055"},"miss_distance":{"kilometers":"72358248"}}]}]