[{"name":"86450 (2000 CK33)","estimated_diameter":{"meters":{"estimated_diameter_min":608.9126221057,"estimated_diameter_max":1361.5700153859}},"is_potentially_hazardous_asteroid":false,"close_approach_data":[{"close_approach_date":"2160-01-11","relative_velocity":{"kilometers_per_second":"19.8371914901"},"miss_distance":{"kilometers":"33358932"}}]},{"name":"(2001 SQ263)","estimated_diameter":{"meters":{"estimated_diameter_min":88.0146520901,"estimated_diameter_max":196.8067450894}},"is_potentially_hazardous_asteroid":false,"close_approach_data":[{"close_approach_date":"2160-01-11","relative_velocity":{"kilometers_per_second":"14.3716811176"},"miss_distance":{"kilometers":"7888013.5"}}]},{"name":"(2016 EC157)","estimated_diameter":{"meters":{"estimated_diameter_min":53.0340723319,"estimated_diameter_max":118.5877908577}},"is_potentially_hazardous_asteroid":false,"close_approach_data":[{"close_approach_date":"2160-01-11","relative_velocity":{"kilometers_per_second":"21.6846021509"},"miss_distance":{"kilometers":"54469000"}}]}]