[{"name":"162922 (2001 OY13)","estimated_diameter":{"meters":{"estimated_diameter_min":183.8886720703,"estimated_diameter_max":411.1875710413}},"is_potentially_hazardous_asteroid":true,"close_approach_data":[{"close_approach_date":"2160-07-04","relative_velocity":{"kilometers_per_second":"10.0478615054"},"miss_distance":{"kilometers":"11012538"}}]},{"name":"(2007 CA27)","estimated_diameter":{"meters":{"estimated_diameter_min":146.0679642714,"estimated_diameter_max":326.6178974458}},"is_potentially_hazardous_asteroid":false,"close_approach_data":[{"close_approach_date":"2160-07-04","relative_velocity":{"kilometers_per_second":"23.3804667977"},"miss_distance":{"kilometers":"65137148"}}]},{"name":"(2014 KQ76)","estimated_diameter":{"meters":{"estimated_diameter_min":127.2198785394,"estimated_diameter_max":284.4722965033}},"is_potentially_hazardous_asteroid":true,"close_approach_data":[{"close_approach_date":"2160-07-04","relative_velocity":{"kilometers_per_second":"10.5288040391"},"miss_distance":{"kilometers":"62655836"}}]},{"name":"(2015 XN55)","estimated_diameter":{"meters":{"estimated_diameter_min":9.6506146958,"estimated_diameter_max":21.5794304844}},"is_potentially_hazardous_asteroid":false,"close_approach_data":[{"close_approach_date":"2160-07-04","relative_velocity":{"kilometers_per_second":"7.6308436396"},"miss_distance":{"kilometers":"67702624"}}]},{"name":"468910 (2014 KQ76)","estimated_diameter":{"meters":{"estimated_diameter_min":133.2155666981,"estimated_diameter_max":297.8790627982}},"is_potentially_hazardous_asteroid":true,"close_approach_data":[{"close_approach_date":"2160-07-04","relative_velocity":{"kilometers_per_second":"10.529542243"},"miss_distance":{"kilometers":"62663980"}}]}]