[{"name":"(2010 RX30)","estimated_diameter":{"meters":{"estimated_diameter_min":10.1054341542,"estimated_diameter_max":22.5964377109}},"is_potentially_hazardous_asteroid":false,"close_approach_data":[{"close_approach_date":"2160-06-29","relative_velocity":{"kilometers_per_second":"21.2854219371"},"miss_distance":{"kilometers":"57105156"}}]},{"name":"(2017 KG3)","estimated_diameter":{"meters":{"estimated_diameter_min":30.9852480069,"estimated_diameter_max":69.2851208432}},"is_potentially_hazardous_asteroid":false,"close_approach_data":[{"close_approach_date":"2160-06-29","relative_velocity":{"kilometers_per_second":"10.3257748005"},"miss_distance":{"kilometers":"65970360"}}]}]