[{"name":"162080 (1998 DG16)","estimated_diameter":{"meters":{"estimated_diameter_min":278.3267680719,"estimated_diameter_max":622.3575733667}},"is_potentially_hazardous_asteroid":false,"close_approach_data":[{"close_approach_date":"2160-01-27","relative_velocity":{"kilometers_per_second":"24.1779412377"},"miss_distance":{"kilometers":"73017864"}}]},{"name":"(2006 MB)","estimated_diameter":{"meters":{"estimated_diameter_min":80.2703167283,"estimated_diameter_max":179.4898847799}},"is_potentially_hazardous_asteroid":false,"close_approach_data":[{"close_approach_date":"2160-01-27","relative_velocity":{"kilometers_per_second":"14.0504150347"},"miss_distance":{"kilometers":"68947392"}}]},{"name":"(2008 CH116)","estimated_diameter":{"meters":{"estimated_diameter_min":384.1978910643,"estimated_diameter_max":859.0926012318}},"is_potentially_hazardous_asteroid":false,"close_approach_data":[{"close_approach_date":"2160-01-27","relative_velocity":{"kilometers_per_second":"20.4853799127"},"miss_distance":{"kilometers":"37190600"}}]}]