[{"name":"(2000 WM63)","estimated_diameter":{"meters":{"estimated_diameter_min":201.6299194428,"estimated_diameter_max":450.8582061718}},"is_potentially_hazardous_asteroid":false,"close_approach_data":[{"close_approach_date":"2160-04-15","relative_velocity":{"kilometers_per_second":"19.7322281835"},"miss_distance":{"kilometers":"69748240"}}]},{"name":"(2012 HN2)","estimated_diameter":{"meters":{"estimated_diameter_min":305.1792325939,"estimated_diameter_max":682.4015094011}},"is_potentially_hazardous_asteroid":false,"close_approach_data":[{"close_approach_date":"2160-04-15","relative_velocity":{"kilometers_per_second":"15.992437175"},"miss_distance":{"kilometers":"64488660"}}]},{"name":"(2017 AK3)","estimated_diameter":{"meters":{"estimated_diameter_min":31.9561886721,"estimated_diameter_max":71.4562101727}},"is_potentially_hazardous_asteroid":false,"close_approach_data":[{"close_approach_date":"2160-04-15","relative_velocity":{"kilometers_per_second":"8.4758927224"},"miss_distance":{"kilometers":"16805486"}}]}]