[{"name":"66391 (1999 KW4)","estimated_diameter":{"meters":{"estimated_diameter_min":1332.1556669813,"estimated_diameter_max":2978.7906279817}},"is_potentially_hazardous_asteroid":true,"close_approach_data":[{"close_approach_date":"2160-05-28","relative_velocity":{"kilometers_per_second":"24.4111772337"},"miss_distance":{"kilometers":"22561652"}}]},{"name":"(2005 WC1)","estimated_diameter":{"meters":{"estimated_diameter_min":192.5550781879,"estimated_diameter_max":430.566244241}},"is_potentially_hazardous_asteroid":true,"close_approach_data":[{"close_approach_date":"2160-05-28","relative_velocity":{"kilometers_per_second":"10.9263147298"},"miss_distance":{"kilometers":"51095236"}}]},{"name":"(2009 WM1)","estimated_diameter":{"meters":{"estimated_diameter_min":221.0828103591,"estimated_diameter_max":494.3561926196}},"is_potentially_hazardous_asteroid":true,"close_approach_data":[{"close_approach_date":"2160-05-28","relative_velocity":{"kilometers_per_second":"13.2112087475"},"miss_distance":{"kilometers":"55055888"}}]},{"name":"469896 (2005 WC1)","estimated_diameter":{"meters":{"estimated_diameter_min":192.5550781879,"estimated_diameter_max":430.566244241}},"is_potentially_hazardous_asteroid":true,"close_approach_data":[{"close_approach_date":"2160-05-28","relative_velocity":{"kilometers_per_second":"10.9264084609"},"miss_distance":{"kilometers":"51093216"}}]},{"name":"(2017 XG2)","estimated_diameter":{"meters":{"estimated_diameter_min":101.054341542,"estimated_diameter_max":225.9643771094}},"is_potentially_hazardous_asteroid":false,"close_approach_data":[{"close_approach_date":"2160-05-28","relative_velocity":{"kilometers_per_second":"21.3166830879"},"miss_distance":{"kilometers":"68904048"}}]}]