[{"name":"(2013 AA53)","estimated_diameter":{"meters":{"estimated_diameter_min":350.3926411083,"estimated_diameter_max":783.5017643338}},"is_potentially_hazardous_asteroid":false,"close_approach_data":[{"close_approach_date":"2160-12-01","relative_velocity":{"kilometers_per_second":"32.0617752272"},"miss_distance":{"kilometers":"65713708"}}]},{"name":"(2016 AF193)","estimated_diameter":{"meters":{"estimated_diameter_min":110.8038821264,"estimated_diameter_max":247.7650126055}},"is_potentially_hazardous_asteroid":true,"close_approach_data":[{"close_approach_date":"2160-12-01","relative_velocity":{"kilometers_per_second":"10.7440511554"},"miss_distance":{"kilometers":"9429863"}}]}]