[{"name":"(2014 OE338)","estimated_diameter":{"meters":{"estimated_diameter_min":167.7084621628,"estimated_diameter_max":375.0075217981}},"is_potentially_hazardous_asteroid":false,"close_approach_data":[{"close_approach_date":"2160-02-16","relative_velocity":{"kilometers_per_second":"18.4217349573"},"miss_distance":{"kilometers":"34666748"}}]},{"name":"(2016 BW14)","estimated_diameter":{"meters":{"estimated_diameter_min":18.388867207,"estimated_diameter_max":41.1187571041}},"is_potentially_hazardous_asteroid":false,"close_approach_data":[{"close_approach_date":"2160-02-16","relative_velocity":{"kilometers_per_second":"14.2998559376"},"miss_distance":{"kilometers":"42015448"}}]}]