[{"name":"250458 (2004 BO41)","estimated_diameter":{"meters":{"estimated_diameter_min":667.6594134952,"estimated_diameter_max":1492.931834393}},"is_potentially_hazardous_asteroid":false,"close_approach_data":[{"close_approach_date":"2160-08-20","relative_velocity":{"kilometers_per_second":"17.7736796733"},"miss_distance":{"kilometers":"61501924"}}]},{"name":"444004 (2004 AS1)","estimated_diameter":{"meters":{"estimated_diameter_min":211.1324447897,"estimated_diameter_max":472.1064988055}},"is_potentially_hazardous_asteroid":true,"close_approach_data":[{"close_approach_date":"2160-08-20","relative_velocity":{"kilometers_per_second":"16.7826896"},"miss_distance":{"kilometers":"46329972"}}]}]