[{"name":"162483 (2000 PJ5)","estimated_diameter":{"meters":{"estimated_diameter_min":840.5334020728,"estimated_diameter_max":1879.4898243938}},"is_potentially_hazardous_asteroid":false,"close_approach_data":[{"close_approach_date":"2160-01-26","relative_velocity":{"kilometers_per_second":"36.7087803835"},"miss_distance":{"kilometers":"65316120"}}]},{"name":"416002 (2002 BN)","estimated_diameter":{"meters":{"estimated_diameter_min":211.1324447897,"estimated_diameter_max":472.1064988055}},"is_potentially_hazardous_asteroid":false,"close_approach_data":[{"close_approach_date":"2160-01-26","relative_velocity":{"kilometers_per_second":"19.6104483142"},"miss_distance":{"kilometers":"14549424"}}]},{"name":"(2003 VG1)","estimated_diameter":{"meters":{"estimated_diameter_min":461.9074602816,"estimated_diameter_max":1032.8564805039}},"is_potentially_hazardous_asteroid":false,"close_approach_data":[{"close_approach_date":"2160-01-26","relative_velocity":{"kilometers_per_second":"11.1865696311"},"miss_distance":{"kilometers":"60311984"}}]},{"name":"(2012 RG15)","estimated_diameter":{"meters":{"estimated_diameter_min":291.4439045349,"estimated_diameter_max":651.6883821679}},"is_potentially_hazardous_asteroid":true,"close_approach_data":[{"close_approach_date":"2160-01-26","relative_velocity":{"kilometers_per_second":"38.8026761382"},"miss_distance":{"kilometers":"72640120"}}]},{"name":"(2013 BE19)","estimated_diameter":{"meters":{"estimated_diameter_min":291.4439045349,"estimated_diameter_max":651.6883821679}},"is_potentially_hazardous_asteroid":true,"close_approach_data":[{"close_approach_date":"2160-01-26","relative_velocity":{"kilometers_per_second":"15.6839150979"},"miss_distance":{"kilometers":"50355840"}}]},{"name":"474532 (2003 VG1)","estimated_diameter":{"meters":{"estimated_diameter_min":461.9074602816,"estimated_diameter_max":1032.8564805039}},"is_potentially_hazardous_asteroid":false,"close_approach_data":[{"close_approach_date":"2160-01-26","relative_velocity":{"kilometers_per_second":"11.1865042595"},"miss_distance":{"kilometers":"60311552"}}]}]