[{"name":"363505 (2003 UC20)","estimated_diameter":{"meters":{"estimated_diameter_min":637.6097898754,"estimated_diameter_max":1425.7388332807}},"is_potentially_hazardous_asteroid":true,"close_approach_data":[{"close_approach_date":"2160-03-01","relative_velocity":{"kilometers_per_second":"6.5157585795"},"miss_distance":{"kilometers":"48711048"}}]},{"name":"(2012 QH8)","estimated_diameter":{"meters":{"estimated_diameter_min":152.9519353442,"estimated_diameter_max":342.0109247198}},"is_potentially_hazardous_asteroid":false,"close_approach_data":[{"close_approach_date":"2160-03-01","relative_velocity":{"kilometers_per_second":"19.1984127132"},"miss_distance":{"kilometers":"60634824"}}]}]