[{"name":"279744 (1998 KM3)","estimated_diameter":{"meters":{"estimated_diameter_min":291.4439045349,"estimated_diameter_max":651.6883821679}},"is_potentially_hazardous_asteroid":true,"close_approach_data":[{"close_approach_date":"2160-06-12","relative_velocity":{"kilometers_per_second":"19.217215413"},"miss_distance":{"kilometers":"5721353"}}]},{"name":"(2008 PR9)","estimated_diameter":{"meters":{"estimated_diameter_min":84.0533402073,"estimated_diameter_max":187.9489824394}},"is_potentially_hazardous_asteroid":false,"close_approach_data":[{"close_approach_date":"2160-06-12","relative_velocity":{"kilometers_per_second":"11.6323596686"},"miss_distance":{"kilometers":"58968284"}}]},{"name":"(2014 TC)","estimated_diameter":{"meters":{"estimated_diameter_min":15.2951935344,"estimated_diameter_max":34.201092472}},"is_potentially_hazardous_asteroid":false,"close_approach_data":[{"close_approach_date":"2160-06-12","relative_velocity":{"kilometers_per_second":"18.8664136569"},"miss_distance":{"kilometers":"66171612"}}]}]