[{"name":"337248 (2000 RH60)","estimated_diameter":{"meters":{"estimated_diameter_min":265.8,"estimated_diameter_max":594.3468684194}},"is_potentially_hazardous_asteroid":false,"close_approach_data":[{"close_approach_date":"2160-10-07","relative_velocity":{"kilometers_per_second":"30.5346838702"},"miss_distance":{"kilometers":"74328240"}}]},{"name":"388189 (2006 DS14)","estimated_diameter":{"meters":{"estimated_diameter_min":211.1324447897,"estimated_diameter_max":472.1064988055}},"is_potentially_hazardous_asteroid":false,"close_approach_data":[{"close_approach_date":"2160-10-07","relative_velocity":{"kilometers_per_second":"21.8722430662"},"miss_distance":{"kilometers":"67704712"}}]},{"name":"(2005 TQ45)","estimated_diameter":{"meters":{"estimated_diameter_min":20.1629919443,"estimated_diameter_max":45.0858206172}},"is_potentially_hazardous_asteroid":false,"close_approach_data":[{"close_approach_date":"2160-10-07","relative_velocity":{"kilometers_per_second":"13.9754678828"},"miss_distance":{"kilometers":"17730848"}}]},{"name":"(2011 SY120)","estimated_diameter":{"meters":{"estimated_diameter_min":60.8912622106,"estimated_diameter_max":136.1570015386}},"is_potentially_hazardous_asteroid":false,"close_approach_data":[{"close_approach_date":"2160-10-07","relative_velocity":{"kilometers_per_second":"18.3800678469"},"miss_distance":{"kilometers":"46042068"}}]},{"name":"(2016 TZ93)","estimated_diameter":{"meters":{"estimated_diameter_min":46.1907460282,"estimated_diameter_max":103.2856480504}},"is_potentially_hazardous_asteroid":false,"close_approach_data":[{"close_approach_date":"2160-10-07","relative_velocity":{"kilometers_per_second":"24.5489474621"},"miss_distance":{"kilometers":"70965264"}}]},{"name":"(2011 TX8)","estimated_diameter":{"meters":{"estimated_diameter_min":110.8038821264,"estimated_diameter_max":247.7650126055}},"is_potentially_hazardous_asteroid":true,"close_approach_data":[{"close_approach_date":"2160-10-07","relative_velocity":{"kilometers_per_second":"15.7368345744"},"miss_distance":{"kilometers":"55749700"}}]}]