[{"name":"365449 (2010 NJ1)","estimated_diameter":{"meters":{"estimated_diameter_min":211.1324447897,"estimated_diameter_max":472.1064988055}},"is_potentially_hazardous_asteroid":false,"close_approach_data":[{"close_approach_date":"2160-09-16","relative_velocity":{"kilometers_per_second":"22.7595224238"},"miss_distance":{"kilometers":"39882040"}}]},{"name":"(2006 AL3)","estimated_diameter":{"meters":{"estimated_diameter_min":278.3267680719,"estimated_diameter_max":622.3575733667}},"is_potentially_hazardous_asteroid":false,"close_approach_data":[{"close_approach_date":"2160-09-16","relative_velocity":{"kilometers_per_second":"7.6235356006"},"miss_distance":{"kilometers":"67025816"}}]},{"name":"(2012 OO)","estimated_diameter":{"meters":{"estimated_diameter_min":201.6299194428,"estimated_diameter_max":450.8582061718}},"is_potentially_hazardous_asteroid":true,"close_approach_data":[{"close_approach_date":"2160-09-16","relative_velocity":{"kilometers_per_second":"6.0461568863"},"miss_distance":{"kilometers":"8884653"}}]},{"name":"(2014 QX266)","estimated_diameter":{"meters":{"estimated_diameter_min":96.5061469579,"estimated_diameter_max":215.7943048444}},"is_potentially_hazardous_asteroid":false,"close_approach_data":[{"close_approach_date":"2160-09-16","relative_velocity":{"kilometers_per_second":"5.1934434725"},"miss_distance":{"kilometers":"64716316"}}]},{"name":"(2017 RY15)","estimated_diameter":{"meters":{"estimated_diameter_min":73.8167595898,"estimated_diameter_max":165.0592923216}},"is_potentially_hazardous_asteroid":false,"close_approach_data":[{"close_approach_date":"2160-09-16","relative_velocity":{"kilometers_per_second":"8.7372097036"},"miss_distance":{"kilometers":"32479172"}}]}]