[{"name":"(2014 UV)","estimated_diameter":{"meters":{"estimated_diameter_min":211.1324447897,"estimated_diameter_max":472.1064988055}},"is_potentially_hazardous_asteroid":false,"close_approach_data":[{"close_approach_date":"2160-11-07","relative_velocity":{"kilometers_per_second":"20.3369332289"},"miss_distance":{"kilometers":"62492896"}}]},{"name":"(2016 TU19)","estimated_diameter":{"meters":{"estimated_diameter_min":35.0392641108,"estimated_diameter_max":78.3501764334}},"is_potentially_hazardous_asteroid":false,"close_approach_data":[{"close_approach_date":"2160-11-07","relative_velocity":{"kilometers_per_second":"7.4917969006"},"miss_distance":{"kilometers":"16821456"}}]}]