[{"name":"(2002 XX4)","estimated_diameter":{"meters":{"estimated_diameter_min":305.1792325939,"estimated_diameter_max":682.4015094011}},"is_potentially_hazardous_asteroid":false,"close_approach_data":[{"close_approach_date":"2160-11-16","relative_velocity":{"kilometers_per_second":"13.0000108877"},"miss_distance":{"kilometers":"67155464"}}]},{"name":"(2010 VC72)","estimated_diameter":{"meters":{"estimated_diameter_min":66.7659413495,"estimated_diameter_max":149.2931834393}},"is_potentially_hazardous_asteroid":false,"close_approach_data":[{"close_approach_date":"2160-11-16","relative_velocity":{"kilometers_per_second":"6.459784732"},"miss_distance":{"kilometers":"50865288"}}]},{"name":"468446 (2002 XX4)","estimated_diameter":{"meters":{"estimated_diameter_min":305.1792325939,"estimated_diameter_max":682.4015094011}},"is_potentially_hazardous_asteroid":false,"close_approach_data":[{"close_approach_date":"2160-11-16","relative_velocity":{"kilometers_per_second":"13.0000127345"},"miss_distance":{"kilometers":"67155496"}}]}]