[{"name":"(2004 KF15)","estimated_diameter":{"meters":{"estimated_diameter_min":183.8886720703,"estimated_diameter_max":411.1875710413}},"is_potentially_hazardous_asteroid":false,"close_approach_data":[{"close_approach_date":"2160-06-03","relative_velocity":{"kilometers_per_second":"8.7325485405"},"miss_distance":{"kilometers":"44002572"}}]},{"name":"(2004 TD10)","estimated_diameter":{"meters":{"estimated_diameter_min":101.054341542,"estimated_diameter_max":225.9643771094}},"is_potentially_hazardous_asteroid":false,"close_approach_data":[{"close_approach_date":"2160-06-03","relative_velocity":{"kilometers_per_second":"15.2050179402"},"miss_distance":{"kilometers":"73486712"}}]}]