[{"name":"138359 (2000 GX127)","estimated_diameter":{"meters":{"estimated_diameter_min":699.1252322458,"estimated_diameter_max":1563.2915440869}},"is_potentially_hazardous_asteroid":false,"close_approach_data":[{"close_approach_date":"2160-06-14","relative_velocity":{"kilometers_per_second":"11.6360507735"},"miss_distance":{"kilometers":"74450264"}}]},{"name":"311925 (2007 BF72)","estimated_diameter":{"meters":{"estimated_diameter_min":305.1792325939,"estimated_diameter_max":682.4015094011}},"is_potentially_hazardous_asteroid":false,"close_approach_data":[{"close_approach_date":"2160-06-14","relative_velocity":{"kilometers_per_second":"5.0482152303"},"miss_distance":{"kilometers":"64892676"}}]},{"name":"(2013 UF3)","estimated_diameter":{"meters":{"estimated_diameter_min":96.5061469579,"estimated_diameter_max":215.7943048444}},"is_potentially_hazardous_asteroid":false,"close_approach_data":[{"close_approach_date":"2160-06-14","relative_velocity":{"kilometers_per_second":"30.4291520247"},"miss_distance":{"kilometers":"55073100"}}]}]