[{"name":"428694 Saule (2008 OS9)","estimated_diameter":{"meters":{"estimated_diameter_min":350.3926411083,"estimated_diameter_max":783.5017643338}},"is_potentially_hazardous_asteroid":false,"close_approach_data":[{"close_approach_date":"2160-08-01","relative_velocity":{"kilometers_per_second":"30.7350934477"},"miss_distance":{"kilometers":"50031232"}}]},{"name":"(1999 HX1)","estimated_diameter":{"meters":{"estimated_diameter_min":278.3267680719,"estimated_diameter_max":622.3575733667}},"is_potentially_hazardous_asteroid":false,"close_approach_data":[{"close_approach_date":"2160-08-01","relative_velocity":{"kilometers_per_second":"16.1728037396"},"miss_distance":{"kilometers":"68005128"}}]},{"name":"(2009 VS25)","estimated_diameter":{"meters":{"estimated_diameter_min":35.0392641108,"estimated_diameter_max":78.3501764334}},"is_potentially_hazardous_asteroid":false,"close_approach_data":[{"close_approach_date":"2160-08-01","relative_velocity":{"kilometers_per_second":"17.7913428078"},"miss_distance":{"kilometers":"48728036"}}]},{"name":"(2012 DF61)","estimated_diameter":{"meters":{"estimated_diameter_min":201.6299194428,"estimated_diameter_max":450.8582061718}},"is_potentially_hazardous_asteroid":false,"close_approach_data":[{"close_approach_date":"2160-08-01","relative_velocity":{"kilometers_per_second":"9.5924915594"},"miss_distance":{"kilometers":"32324712"}}]},{"name":"(2017 BF30)","estimated_diameter":{"meters":{"estimated_diameter_min":40.2304579834,"estimated_diameter_max":89.9580388169}},"is_potentially_hazardous_asteroid":false,"close_approach_data":[{"close_approach_date":"2160-08-01","relative_velocity":{"kilometers_per_second":"3.0159415804"},"miss_distance":{"kilometers":"8615452"}}]},{"name":"(2013 LF16)","estimated_diameter":{"meters":{"estimated_diameter_min":110.8549209511,"estimated_diameter_max":247.879138887}},"is_potentially_hazardous_asteroid":false,"close_approach_data":[{"close_approach_date":"2160-08-01","relative_velocity":{"kilometers_per_second":"12.4678875675"},"miss_distance":{"kilometers":"21284182"}}]},{"name":"485823 (2012 DF61)","estimated_diameter":{"meters":{"estimated_diameter_min":201.6299194428,"estimated_diameter_max":450.8582061718}},"is_potentially_hazardous_asteroid":false,"close_approach_data":[{"close_approach_date":"2160-08-01","relative_velocity":{"kilometers_per_second":"9.5924978904"},"miss_distance":{"kilometers":"32324674"}}]}]