[{"name":"101869 (1999 MM)","estimated_diameter":{"meters":{"estimated_diameter_min":366.9061375314,"estimated_diameter_max":820.4270648822}},"is_potentially_hazardous_asteroid":true,"close_approach_data":[{"close_approach_date":"2160-07-12","relative_velocity":{"kilometers_per_second":"19.0742110429"},"miss_distance":{"kilometers":"4989445.5"}}]},{"name":"329291 (2000 JB6)","estimated_diameter":{"meters":{"estimated_diameter_min":384.1978910643,"estimated_diameter_max":859.0926012318}},"is_potentially_hazardous_asteroid":false,"close_approach_data":[{"close_approach_date":"2160-07-12","relative_velocity":{"kilometers_per_second":"6.557125383"},"miss_distance":{"kilometers":"26919616"}}]},{"name":"(2013 ES89)","estimated_diameter":{"meters":{"estimated_diameter_min":402.3045798343,"estimated_diameter_max":899.5803881691}},"is_potentially_hazardous_asteroid":false,"close_approach_data":[{"close_approach_date":"2160-07-12","relative_velocity":{"kilometers_per_second":"12.4729942608"},"miss_distance":{"kilometers":"45460016"}}]}]