[{"name":"(2010 TM167)","estimated_diameter":{"meters":{"estimated_diameter_min":167.7084621628,"estimated_diameter_max":375.0075217981}},"is_potentially_hazardous_asteroid":false,"close_approach_data":[{"close_approach_date":"2160-11-27","relative_velocity":{"kilometers_per_second":"10.9574293711"},"miss_distance":{"kilometers":"73352520"}}]},{"name":"(2014 KM39)","estimated_diameter":{"meters":{"estimated_diameter_min":35.0392641108,"estimated_diameter_max":78.3501764334}},"is_potentially_hazardous_asteroid":false,"close_approach_data":[{"close_approach_date":"2160-11-27","relative_velocity":{"kilometers_per_second":"15.7406364268"},"miss_distance":{"kilometers":"57708204"}}]},{"name":"(2012 HD20)","estimated_diameter":{"meters":{"estimated_diameter_min":92.1626548503,"estimated_diameter_max":206.0819612321}},"is_potentially_hazardous_asteroid":false,"close_approach_data":[{"close_approach_date":"2160-11-27","relative_velocity":{"kilometers_per_second":"6.2271784176"},"miss_distance":{"kilometers":"8477426"}}]}]