[{"name":"(2013 PN43)","estimated_diameter":{"meters":{"estimated_diameter_min":192.5550781879,"estimated_diameter_max":430.566244241}},"is_potentially_hazardous_asteroid":false,"close_approach_data":[{"close_approach_date":"2160-09-10","relative_velocity":{"kilometers_per_second":"8.4535695574"},"miss_distance":{"kilometers":"71257064"}}]},{"name":"(2017 TG5)","estimated_diameter":{"meters":{"estimated_diameter_min":26.2394650424,"estimated_diameter_max":58.673227528}},"is_potentially_hazardous_asteroid":false,"close_approach_data":[{"close_approach_date":"2160-09-10","relative_velocity":{"kilometers_per_second":"10.9052342023"},"miss_distance":{"kilometers":"20028396"}}]}]