[{"name":"21088 Chelyabinsk (1992 BL2)","estimated_diameter":{"meters":{"estimated_diameter_min":3669.0613753145,"estimated_diameter_max":8204.270648822}},"is_potentially_hazardous_asteroid":false,"close_approach_data":[{"close_approach_date":"2160-07-23","relative_velocity":{"kilometers_per_second":"20.331003522"},"miss_distance":{"kilometers":"59411668"}}]},{"name":"137170 (1999 HF1)","estimated_diameter":{"meters":{"estimated_diameter_min":3195.6188672131,"estimated_diameter_max":7145.6210172693}},"is_potentially_hazardous_asteroid":false,"close_approach_data":[{"close_approach_date":"2160-07-23","relative_velocity":{"kilometers_per_second":"18.8659603676"},"miss_distance":{"kilometers":"50494292"}}]},{"name":"(2015 DP155)","estimated_diameter":{"meters":{"estimated_diameter_min":127.2198785394,"estimated_diameter_max":284.4722965033}},"is_potentially_hazardous_asteroid":true,"close_approach_data":[{"close_approach_date":"2160-07-23","relative_velocity":{"kilometers_per_second":"15.9726225797"},"miss_distance":{"kilometers":"63211484"}}]},{"name":"(2017 BB94)","estimated_diameter":{"meters":{"estimated_diameter_min":231.5021222103,"estimated_diameter_max":517.6544821978}},"is_potentially_hazardous_asteroid":false,"close_approach_data":[{"close_approach_date":"2160-07-23","relative_velocity":{"kilometers_per_second":"25.6397673593"},"miss_distance":{"kilometers":"52241964"}}]},{"name":"(2017 FR63)","estimated_diameter":{"meters":{"estimated_diameter_min":15.8765076361,"estimated_diameter_max":35.5009503196}},"is_potentially_hazardous_asteroid":false,"close_approach_data":[{"close_approach_date":"2160-07-23","relative_velocity":{"kilometers_per_second":"13.1770896434"},"miss_distance":{"kilometers":"47318072"}}]}]