[{"name":"(2004 MD6)","estimated_diameter":{"meters":{"estimated_diameter_min":221.0828103591,"estimated_diameter_max":494.3561926196}},"is_potentially_hazardous_asteroid":true,"close_approach_data":[{"close_approach_date":"2160-12-11","relative_velocity":{"kilometers_per_second":"26.7270315935"},"miss_distance":{"kilometers":"71531264"}}]},{"name":"(2007 WV3)","estimated_diameter":{"meters":{"estimated_diameter_min":278.3267680719,"estimated_diameter_max":622.3575733667}},"is_potentially_hazardous_asteroid":false,"close_approach_data":[{"close_approach_date":"2160-12-11","relative_velocity":{"kilometers_per_second":"20.4593873192"},"miss_distance":{"kilometers":"49219036"}}]},{"name":"(2015 AP43)","estimated_diameter":{"meters":{"estimated_diameter_min":265.8,"estimated_diameter_max":594.3468684194}},"is_potentially_hazardous_asteroid":false,"close_approach_data":[{"close_approach_date":"2160-12-11","relative_velocity":{"kilometers_per_second":"17.0168994315"},"miss_distance":{"kilometers":"33484100"}}]}]