[{"name":"8507 (1991 CB1)","estimated_diameter":{"meters":{"estimated_diameter_min":965.0614695789,"estimated_diameter_max":2157.9430484443}},"is_potentially_hazardous_asteroid":false,"close_approach_data":[{"close_approach_date":"2160-08-07","relative_velocity":{"kilometers_per_second":"18.4038691769"},"miss_distance":{"kilometers":"48888316"}}]},{"name":"441304 (2008 AU26)","estimated_diameter":{"meters":{"estimated_diameter_min":175.6123184804,"estimated_diameter_max":392.6810818086}},"is_potentially_hazardous_asteroid":false,"close_approach_data":[{"close_approach_date":"2160-08-07","relative_velocity":{"kilometers_per_second":"5.3585702557"},"miss_distance":{"kilometers":"65809880"}}]},{"name":"(1999 LD30)","estimated_diameter":{"meters":{"estimated_diameter_min":231.5021222103,"estimated_diameter_max":517.6544821978}},"is_potentially_hazardous_asteroid":false,"close_approach_data":[{"close_approach_date":"2160-08-07","relative_velocity":{"kilometers_per_second":"9.1434359513"},"miss_distance":{"kilometers":"26772062"}}]},{"name":"(2006 VD2)","estimated_diameter":{"meters":{"estimated_diameter_min":366.9061375314,"estimated_diameter_max":820.4270648822}},"is_potentially_hazardous_asteroid":false,"close_approach_data":[{"close_approach_date":"2160-08-07","relative_velocity":{"kilometers_per_second":"17.5713946522"},"miss_distance":{"kilometers":"48099048"}}]},{"name":"(2015 TH323)","estimated_diameter":{"meters":{"estimated_diameter_min":334.6223744549,"estimated_diameter_max":748.2383760735}},"is_potentially_hazardous_asteroid":false,"close_approach_data":[{"close_approach_date":"2160-08-07","relative_velocity":{"kilometers_per_second":"7.4554124461"},"miss_distance":{"kilometers":"40713756"}}]},{"name":"(2016 PC2)","estimated_diameter":{"meters":{"estimated_diameter_min":69.9125232246,"estimated_diameter_max":156.3291544087}},"is_potentially_hazardous_asteroid":false,"close_approach_data":[{"close_approach_date":"2160-08-07","relative_velocity":{"kilometers_per_second":"27.8699995942"},"miss_distance":{"kilometers":"72575128"}}]}]