[{"name":"(2012 XO134)","estimated_diameter":{"meters":{"estimated_diameter_min":44.1118199997,"estimated_diameter_max":98.6370281305}},"is_potentially_hazardous_asteroid":false,"close_approach_data":[{"close_approach_date":"2160-07-25","relative_velocity":{"kilometers_per_second":"14.612171147"},"miss_distance":{"kilometers":"58968200"}}]},{"name":"(2013 NJ15)","estimated_diameter":{"meters":{"estimated_diameter_min":76.6575573531,"estimated_diameter_max":171.4115092306}},"is_potentially_hazardous_asteroid":false,"close_approach_data":[{"close_approach_date":"2160-07-25","relative_velocity":{"kilometers_per_second":"8.4655224954"},"miss_distance":{"kilometers":"41396356"}}]}]