[{"name":"424392 (2007 YJ)","estimated_diameter":{"meters":{"estimated_diameter_min":110.8038821264,"estimated_diameter_max":247.7650126055}},"is_potentially_hazardous_asteroid":false,"close_approach_data":[{"close_approach_date":"2160-12-16","relative_velocity":{"kilometers_per_second":"7.9717574232"},"miss_distance":{"kilometers":"55534288"}}]},{"name":"(1994 EK)","estimated_diameter":{"meters":{"estimated_diameter_min":231.5021222103,"estimated_diameter_max":517.6544821978}},"is_potentially_hazardous_asteroid":true,"close_approach_data":[{"close_approach_date":"2160-12-16","relative_velocity":{"kilometers_per_second":"13.0393330573"},"miss_distance":{"kilometers":"33392028"}}]}]