[{"name":"(2001 QC96)","estimated_diameter":{"meters":{"estimated_diameter_min":192.5550781879,"estimated_diameter_max":430.566244241}},"is_potentially_hazardous_asteroid":false,"close_approach_data":[{"close_approach_date":"2160-08-31","relative_velocity":{"kilometers_per_second":"11.2063867675"},"miss_distance":{"kilometers":"37646472"}}]},{"name":"(2010 JK33)","estimated_diameter":{"meters":{"estimated_diameter_min":152.9519353442,"estimated_diameter_max":342.0109247198}},"is_potentially_hazardous_asteroid":true,"close_approach_data":[{"close_approach_date":"2160-08-31","relative_velocity":{"kilometers_per_second":"10.9923776645"},"miss_distance":{"kilometers":"20676222"}}]},{"name":"(2016 FT14)","estimated_diameter":{"meters":{"estimated_diameter_min":29.1443904535,"estimated_diameter_max":65.1688382168}},"is_potentially_hazardous_asteroid":false,"close_approach_data":[{"close_approach_date":"2160-08-31","relative_velocity":{"kilometers_per_second":"10.4147388919"},"miss_distance":{"kilometers":"50642012"}}]},{"name":"(2017 QY34)","estimated_diameter":{"meters":{"estimated_diameter_min":180.7819125435,"estimated_diameter_max":404.2406455497}},"is_potentially_hazardous_asteroid":true,"close_approach_data":[{"close_approach_date":"2160-08-31","relative_velocity":{"kilometers_per_second":"21.623346864"},"miss_distance":{"kilometers":"30276724"}}]}]