[{"name":"457059 (2008 EG)","estimated_diameter":{"meters":{"estimated_diameter_min":253.8370293645,"estimated_diameter_max":567.5968528656}},"is_potentially_hazardous_asteroid":false,"close_approach_data":[{"close_approach_date":"2160-03-20","relative_velocity":{"kilometers_per_second":"21.4953539643"},"miss_distance":{"kilometers":"45567876"}}]},{"name":"(2015 CZ)","estimated_diameter":{"meters":{"estimated_diameter_min":92.1626548503,"estimated_diameter_max":206.0819612321}},"is_potentially_hazardous_asteroid":false,"close_approach_data":[{"close_approach_date":"2160-03-20","relative_velocity":{"kilometers_per_second":"20.9377027899"},"miss_distance":{"kilometers":"50957456"}}]}]