[{"name":"172034 (2001 WR1)","estimated_diameter":{"meters":{"estimated_diameter_min":699.1252322458,"estimated_diameter_max":1563.2915440869}},"is_potentially_hazardous_asteroid":false,"close_approach_data":[{"close_approach_date":"2160-09-27","relative_velocity":{"kilometers_per_second":"16.1252955889"},"miss_distance":{"kilometers":"33591164"}}]},{"name":"(2005 EQ95)","estimated_diameter":{"meters":{"estimated_diameter_min":55.5334911581,"estimated_diameter_max":124.1766612574}},"is_potentially_hazardous_asteroid":false,"close_approach_data":[{"close_approach_date":"2160-09-27","relative_velocity":{"kilometers_per_second":"22.2909637013"},"miss_distance":{"kilometers":"45298600"}}]},{"name":"(2013 RZ73)","estimated_diameter":{"meters":{"estimated_diameter_min":175.6123184804,"estimated_diameter_max":392.6810818086}},"is_potentially_hazardous_asteroid":true,"close_approach_data":[{"close_approach_date":"2160-09-27","relative_velocity":{"kilometers_per_second":"27.2198784483"},"miss_distance":{"kilometers":"37590548"}}]},{"name":"(2014 GC35)","estimated_diameter":{"meters":{"estimated_diameter_min":88.0146520901,"estimated_diameter_max":196.8067450894}},"is_potentially_hazardous_asteroid":false,"close_approach_data":[{"close_approach_date":"2160-09-27","relative_velocity":{"kilometers_per_second":"21.9527259926"},"miss_distance":{"kilometers":"48970064"}}]},{"name":"(2017 HB1)","estimated_diameter":{"meters":{"estimated_diameter_min":15.2529896865,"estimated_diameter_max":34.1067217991}},"is_potentially_hazardous_asteroid":false,"close_approach_data":[{"close_approach_date":"2160-09-27","relative_velocity":{"kilometers_per_second":"5.6720253407"},"miss_distance":{"kilometers":"57374736"}}]}]