[{"name":"154020 (2002 CA10)","estimated_diameter":{"meters":{"estimated_diameter_min":402.3045798343,"estimated_diameter_max":899.5803881691}},"is_potentially_hazardous_asteroid":false,"close_approach_data":[{"close_approach_date":"2160-06-22","relative_velocity":{"kilometers_per_second":"23.9509975072"},"miss_distance":{"kilometers":"37742320"}}]},{"name":"(2009 WW104)","estimated_diameter":{"meters":{"estimated_diameter_min":84.0533402073,"estimated_diameter_max":187.9489824394}},"is_potentially_hazardous_asteroid":false,"close_approach_data":[{"close_approach_date":"2160-06-22","relative_velocity":{"kilometers_per_second":"13.3733896763"},"miss_distance":{"kilometers":"7505568.5"}}]}]