[{"name":"(2006 UZ215)","estimated_diameter":{"meters":{"estimated_diameter_min":21.113244479,"estimated_diameter_max":47.2106498806}},"is_potentially_hazardous_asteroid":false,"close_approach_data":[{"close_approach_date":"2160-10-30","relative_velocity":{"kilometers_per_second":"14.0961459863"},"miss_distance":{"kilometers":"31334204"}}]},{"name":"(2016 HG19)","estimated_diameter":{"meters":{"estimated_diameter_min":63.7609789875,"estimated_diameter_max":142.5738833281}},"is_potentially_hazardous_asteroid":false,"close_approach_data":[{"close_approach_date":"2160-10-30","relative_velocity":{"kilometers_per_second":"21.4458197465"},"miss_distance":{"kilometers":"70107864"}}]}]