[{"name":"450259 (2003 WQ7)","estimated_diameter":{"meters":{"estimated_diameter_min":319.5618867213,"estimated_diameter_max":714.5621017269}},"is_potentially_hazardous_asteroid":false,"close_approach_data":[{"close_approach_date":"2160-11-30","relative_velocity":{"kilometers_per_second":"9.2401832765"},"miss_distance":{"kilometers":"73938656"}}]},{"name":"(2012 XT111)","estimated_diameter":{"meters":{"estimated_diameter_min":17.561231848,"estimated_diameter_max":39.2681081809}},"is_potentially_hazardous_asteroid":false,"close_approach_data":[{"close_approach_date":"2160-11-30","relative_velocity":{"kilometers_per_second":"12.7413093123"},"miss_distance":{"kilometers":"7097797"}}]}]