[{"name":"331769 (2003 BQ35)","estimated_diameter":{"meters":{"estimated_diameter_min":291.4439045349,"estimated_diameter_max":651.6883821679}},"is_potentially_hazardous_asteroid":false,"close_approach_data":[{"close_approach_date":"2160-08-26","relative_velocity":{"kilometers_per_second":"7.5032831515"},"miss_distance":{"kilometers":"24711074"}}]},{"name":"(2008 EM7)","estimated_diameter":{"meters":{"estimated_diameter_min":152.9519353442,"estimated_diameter_max":342.0109247198}},"is_potentially_hazardous_asteroid":true,"close_approach_data":[{"close_approach_date":"2160-08-26","relative_velocity":{"kilometers_per_second":"22.2786897833"},"miss_distance":{"kilometers":"46176920"}}]},{"name":"(2015 OV)","estimated_diameter":{"meters":{"estimated_diameter_min":50.6471458835,"estimated_diameter_max":113.2504610618}},"is_potentially_hazardous_asteroid":false,"close_approach_data":[{"close_approach_date":"2160-08-26","relative_velocity":{"kilometers_per_second":"5.0835227886"},"miss_distance":{"kilometers":"9094474"}}]},{"name":"(2015 OB22)","estimated_diameter":{"meters":{"estimated_diameter_min":127.2198785394,"estimated_diameter_max":284.4722965033}},"is_potentially_hazardous_asteroid":false,"close_approach_data":[{"close_approach_date":"2160-08-26","relative_velocity":{"kilometers_per_second":"18.3966877876"},"miss_distance":{"kilometers":"50359696"}}]}]