[{"name":"85989 (1999 JD6)","estimated_diameter":{"meters":{"estimated_diameter_min":1010.5434154201,"estimated_diameter_max":2259.643771094}},"is_potentially_hazardous_asteroid":true,"close_approach_data":[{"close_approach_date":"2160-04-23","relative_velocity":{"kilometers_per_second":"13.1499642517"},"miss_distance":{"kilometers":"55562124"}}]},{"name":"410649 (2008 SO)","estimated_diameter":{"meters":{"estimated_diameter_min":183.8886720703,"estimated_diameter_max":411.1875710413}},"is_potentially_hazardous_asteroid":false,"close_approach_data":[{"close_approach_date":"2160-04-23","relative_velocity":{"kilometers_per_second":"13.5317410323"},"miss_distance":{"kilometers":"47208740"}}]},{"name":"(2013 GW68)","estimated_diameter":{"meters":{"estimated_diameter_min":116.0259082094,"estimated_diameter_max":259.4418179074}},"is_potentially_hazardous_asteroid":false,"close_approach_data":[{"close_approach_date":"2160-04-23","relative_velocity":{"kilometers_per_second":"9.3790086966"},"miss_distance":{"kilometers":"52411876"}}]}]