[{"name":"(2007 DL41)","estimated_diameter":{"meters":{"estimated_diameter_min":192.5550781879,"estimated_diameter_max":430.566244241}},"is_potentially_hazardous_asteroid":true,"close_approach_data":[{"close_approach_date":"2160-06-09","relative_velocity":{"kilometers_per_second":"10.7320944835"},"miss_distance":{"kilometers":"33431536"}}]},{"name":"(2015 JA2)","estimated_diameter":{"meters":{"estimated_diameter_min":167.7084621628,"estimated_diameter_max":375.0075217981}},"is_potentially_hazardous_asteroid":true,"close_approach_data":[{"close_approach_date":"2160-06-09","relative_velocity":{"kilometers_per_second":"22.5678908924"},"miss_distance":{"kilometers":"58203884"}}]}]