[{"name":"(2012 BU61)","estimated_diameter":{"meters":{"estimated_diameter_min":133.2155666981,"estimated_diameter_max":297.8790627982}},"is_potentially_hazardous_asteroid":true,"close_approach_data":[{"close_approach_date":"2160-06-02","relative_velocity":{"kilometers_per_second":"39.338437178"},"miss_distance":{"kilometers":"73618512"}}]},{"name":"(2015 BY310)","estimated_diameter":{"meters":{"estimated_diameter_min":121.4940407996,"estimated_diameter_max":271.6689340891}},"is_potentially_hazardous_asteroid":true,"close_approach_data":[{"close_approach_date":"2160-06-02","relative_velocity":{"kilometers_per_second":"10.1569378924"},"miss_distance":{"kilometers":"17354072"}}]}]