[{"name":"(2003 QH5)","estimated_diameter":{"meters":{"estimated_diameter_min":253.8370293645,"estimated_diameter_max":567.5968528656}},"is_potentially_hazardous_asteroid":true,"close_approach_data":[{"close_approach_date":"2160-06-04","relative_velocity":{"kilometers_per_second":"12.126121051"},"miss_distance":{"kilometers":"53174124"}}]},{"name":"(2011 KY15)","estimated_diameter":{"meters":{"estimated_diameter_min":40.2304579834,"estimated_diameter_max":89.9580388169}},"is_potentially_hazardous_asteroid":false,"close_approach_data":[{"close_approach_date":"2160-06-04","relative_velocity":{"kilometers_per_second":"13.1940711247"},"miss_distance":{"kilometers":"9839644"}}]},{"name":"(2013 TQ5)","estimated_diameter":{"meters":{"estimated_diameter_min":291.4439045349,"estimated_diameter_max":651.6883821679}},"is_potentially_hazardous_asteroid":false,"close_approach_data":[{"close_approach_date":"2160-06-04","relative_velocity":{"kilometers_per_second":"9.4106839999"},"miss_distance":{"kilometers":"48732632"}}]},{"name":"480936 (2003 QH5)","estimated_diameter":{"meters":{"estimated_diameter_min":242.4124811008,"estimated_diameter_max":542.0507863358}},"is_potentially_hazardous_asteroid":true,"close_approach_data":[{"close_approach_date":"2160-06-04","relative_velocity":{"kilometers_per_second":"12.1269619019"},"miss_distance":{"kilometers":"53181504"}}]}]