[{"name":"136582 (1992 BA)","estimated_diameter":{"meters":{"estimated_diameter_min":265.8,"estimated_diameter_max":594.3468684194}},"is_potentially_hazardous_asteroid":false,"close_approach_data":[{"close_approach_date":"2160-06-18","relative_velocity":{"kilometers_per_second":"3.8453728925"},"miss_distance":{"kilometers":"44350640"}}]},{"name":"(2005 UL)","estimated_diameter":{"meters":{"estimated_diameter_min":421.2646105562,"estimated_diameter_max":941.9763057186}},"is_potentially_hazardous_asteroid":false,"close_approach_data":[{"close_approach_date":"2160-06-18","relative_velocity":{"kilometers_per_second":"35.3151632694"},"miss_distance":{"kilometers":"67954944"}}]}]