[{"name":"153243 (2001 AU47)","estimated_diameter":{"meters":{"estimated_diameter_min":840.5334020728,"estimated_diameter_max":1879.4898243938}},"is_potentially_hazardous_asteroid":false,"close_approach_data":[{"close_approach_date":"2194-09-08","relative_velocity":{"kilometers_per_second":"28.2620006866"},"miss_distance":{"kilometers":"69978952"}}]},{"name":"(2007 DW)","estimated_diameter":{"meters":{"estimated_diameter_min":211.1324447897,"estimated_diameter_max":472.1064988055}},"is_potentially_hazardous_asteroid":false,"close_approach_data":[{"close_approach_date":"2194-09-08","relative_velocity":{"kilometers_per_second":"29.4346848503"},"miss_distance":{"kilometers":"59667896"}}]},{"name":"(2015 EN7)","estimated_diameter":{"meters":{"estimated_diameter_min":242.4124811008,"estimated_diameter_max":542.0507863358}},"is_potentially_hazardous_asteroid":false,"close_approach_data":[{"close_approach_date":"2194-09-08","relative_velocity":{"kilometers_per_second":"26.7811072121"},"miss_distance":{"kilometers":"25096346"}}]}]