[{"name":"1566 Icarus (1949 MA)","estimated_diameter":{"meters":{"estimated_diameter_min":1108.0388212642,"estimated_diameter_max":2477.6501260554}},"is_potentially_hazardous_asteroid":true,"close_approach_data":[{"close_approach_date":"2194-06-27","relative_velocity":{"kilometers_per_second":"36.9176628963"},"miss_distance":{"kilometers":"38860644"}}]},{"name":"152637 (1997 NC1)","estimated_diameter":{"meters":{"estimated_diameter_min":667.6594134952,"estimated_diameter_max":1492.931834393}},"is_potentially_hazardous_asteroid":true,"close_approach_data":[{"close_approach_date":"2194-06-27","relative_velocity":{"kilometers_per_second":"16.6673545138"},"miss_distance":{"kilometers":"55452312"}}]},{"name":"(2017 CW1)","estimated_diameter":{"meters":{"estimated_diameter_min":152.9519353442,"estimated_diameter_max":342.0109247198}},"is_potentially_hazardous_asteroid":false,"close_approach_data":[{"close_approach_date":"2194-06-27","relative_velocity":{"kilometers_per_second":"12.0498752319"},"miss_distance":{"kilometers":"43287172"}}]}]