[{"name":"153415 (2001 QP153)","estimated_diameter":{"meters":{"estimated_diameter_min":1058.1688593312,"estimated_diameter_max":2366.137501138}},"is_potentially_hazardous_asteroid":false,"close_approach_data":[{"close_approach_date":"2194-01-15","relative_velocity":{"kilometers_per_second":"33.358125649"},"miss_distance":{"kilometers":"63551532"}}]},{"name":"162157 (1999 CV8)","estimated_diameter":{"meters":{"estimated_diameter_min":305.1792325939,"estimated_diameter_max":682.4015094011}},"is_potentially_hazardous_asteroid":false,"close_approach_data":[{"close_approach_date":"2194-01-15","relative_velocity":{"kilometers_per_second":"8.5789293768"},"miss_distance":{"kilometers":"30698440"}}]},{"name":"(2016 NZ55)","estimated_diameter":{"meters":{"estimated_diameter_min":152.9519353442,"estimated_diameter_max":342.0109247198}},"is_potentially_hazardous_asteroid":false,"close_approach_data":[{"close_approach_date":"2194-01-15","relative_velocity":{"kilometers_per_second":"14.6299335622"},"miss_distance":{"kilometers":"57848080"}}]},{"name":"(2015 RT83)","estimated_diameter":{"meters":{"estimated_diameter_min":278.3267680719,"estimated_diameter_max":622.3575733667}},"is_potentially_hazardous_asteroid":false,"close_approach_data":[{"close_approach_date":"2194-01-15","relative_velocity":{"kilometers_per_second":"6.2294278264"},"miss_distance":{"kilometers":"43394360"}}]},{"name":"503277 (2015 RT83)","estimated_diameter":{"meters":{"estimated_diameter_min":278.3267680719,"estimated_diameter_max":622.3575733667}},"is_potentially_hazardous_asteroid":false,"close_approach_data":[{"close_approach_date":"2194-01-15","relative_velocity":{"kilometers_per_second":"6.2294279141"},"miss_distance":{"kilometers":"43394360"}}]}]