[{"name":"(1999 NW2)","estimated_diameter":{"meters":{"estimated_diameter_min":60.8912622106,"estimated_diameter_max":136.1570015386}},"is_potentially_hazardous_asteroid":false,"close_approach_data":[{"close_approach_date":"2194-12-25","relative_velocity":{"kilometers_per_second":"5.4098546043"},"miss_distance":{"kilometers":"26714572"}}]},{"name":"(2003 AB23)","estimated_diameter":{"meters":{"estimated_diameter_min":278.3267680719,"estimated_diameter_max":622.3575733667}},"is_potentially_hazardous_asteroid":false,"close_approach_data":[{"close_approach_date":"2194-12-25","relative_velocity":{"kilometers_per_second":"7.9346267798"},"miss_distance":{"kilometers":"67003732"}}]},{"name":"(2014 OV3)","estimated_diameter":{"meters":{"estimated_diameter_min":60.8912622106,"estimated_diameter_max":136.1570015386}},"is_potentially_hazardous_asteroid":false,"close_approach_data":[{"close_approach_date":"2194-12-25","relative_velocity":{"kilometers_per_second":"5.1860484223"},"miss_distance":{"kilometers":"12619439"}}]}]