[{"name":"1917 Cuyo (1968 AA)","estimated_diameter":{"meters":{"estimated_diameter_min":4411.181999969,"estimated_diameter_max":9863.7028130542}},"is_potentially_hazardous_asteroid":false,"close_approach_data":[{"close_approach_date":"2194-11-02","relative_velocity":{"kilometers_per_second":"18.3254314373"},"miss_distance":{"kilometers":"69054864"}}]},{"name":"326332 (2000 GS146)","estimated_diameter":{"meters":{"estimated_diameter_min":699.1252322458,"estimated_diameter_max":1563.2915440869}},"is_potentially_hazardous_asteroid":false,"close_approach_data":[{"close_approach_date":"2194-11-02","relative_velocity":{"kilometers_per_second":"23.1662075843"},"miss_distance":{"kilometers":"72663208"}}]},{"name":"(2004 TP20)","estimated_diameter":{"meters":{"estimated_diameter_min":278.3267680719,"estimated_diameter_max":622.3575733667}},"is_potentially_hazardous_asteroid":false,"close_approach_data":[{"close_approach_date":"2194-11-02","relative_velocity":{"kilometers_per_second":"12.8441526474"},"miss_distance":{"kilometers":"58855676"}}]},{"name":"(2005 MR5)","estimated_diameter":{"meters":{"estimated_diameter_min":211.1324447897,"estimated_diameter_max":472.1064988055}},"is_potentially_hazardous_asteroid":false,"close_approach_data":[{"close_approach_date":"2194-11-02","relative_velocity":{"kilometers_per_second":"19.1694357162"},"miss_distance":{"kilometers":"64499000"}}]},{"name":"(2013 VO5)","estimated_diameter":{"meters":{"estimated_diameter_min":146.0679642714,"estimated_diameter_max":326.6178974458}},"is_potentially_hazardous_asteroid":true,"close_approach_data":[{"close_approach_date":"2194-11-02","relative_velocity":{"kilometers_per_second":"13.0457831891"},"miss_distance":{"kilometers":"63802840"}}]},{"name":"468481 (2004 TP20)","estimated_diameter":{"meters":{"estimated_diameter_min":278.3267680719,"estimated_diameter_max":622.3575733667}},"is_potentially_hazardous_asteroid":false,"close_approach_data":[{"close_approach_date":"2194-11-02","relative_velocity":{"kilometers_per_second":"12.8441549013"},"miss_distance":{"kilometers":"58856284"}}]},{"name":"(2016 BD1)","estimated_diameter":{"meters":{"estimated_diameter_min":152.9519353442,"estimated_diameter_max":342.0109247198}},"is_potentially_hazardous_asteroid":false,"close_approach_data":[{"close_approach_date":"2194-11-02","relative_velocity":{"kilometers_per_second":"2.7554157582"},"miss_distance":{"kilometers":"36885636"}}]}]