[{"name":"(2009 EB1)","estimated_diameter":{"meters":{"estimated_diameter_min":192.5550781879,"estimated_diameter_max":430.566244241}},"is_potentially_hazardous_asteroid":false,"close_approach_data":[{"close_approach_date":"2194-12-23","relative_velocity":{"kilometers_per_second":"17.4542030963"},"miss_distance":{"kilometers":"32969094"}}]},{"name":"481965 (2009 EB1)","estimated_diameter":{"meters":{"estimated_diameter_min":192.5550781879,"estimated_diameter_max":430.566244241}},"is_potentially_hazardous_asteroid":false,"close_approach_data":[{"close_approach_date":"2194-12-23","relative_velocity":{"kilometers_per_second":"17.4541045483"},"miss_distance":{"kilometers":"32968886"}}]},{"name":"(2013 AT72)","estimated_diameter":{"meters":{"estimated_diameter_min":38.4197891064,"estimated_diameter_max":85.9092601232}},"is_potentially_hazardous_asteroid":false,"close_approach_data":[{"close_approach_date":"2194-12-23","relative_velocity":{"kilometers_per_second":"16.6561822419"},"miss_distance":{"kilometers":"28581636"}}]}]