[{"name":"85953 (1999 FK21)","estimated_diameter":{"meters":{"estimated_diameter_min":637.6097898754,"estimated_diameter_max":1425.7388332807}},"is_potentially_hazardous_asteroid":false,"close_approach_data":[{"close_approach_date":"2194-03-28","relative_velocity":{"kilometers_per_second":"33.982100258"},"miss_distance":{"kilometers":"62212748"}}]},{"name":"(2005 GC141)","estimated_diameter":{"meters":{"estimated_diameter_min":334.6223744549,"estimated_diameter_max":748.2383760735}},"is_potentially_hazardous_asteroid":false,"close_approach_data":[{"close_approach_date":"2194-03-28","relative_velocity":{"kilometers_per_second":"14.3460803677"},"miss_distance":{"kilometers":"56725800"}}]},{"name":"(2008 SS)","estimated_diameter":{"meters":{"estimated_diameter_min":96.5061469579,"estimated_diameter_max":215.7943048444}},"is_potentially_hazardous_asteroid":false,"close_approach_data":[{"close_approach_date":"2194-03-28","relative_velocity":{"kilometers_per_second":"22.0249111667"},"miss_distance":{"kilometers":"68216048"}}]},{"name":"474706 (2005 GC141)","estimated_diameter":{"meters":{"estimated_diameter_min":334.6223744549,"estimated_diameter_max":748.2383760735}},"is_potentially_hazardous_asteroid":false,"close_approach_data":[{"close_approach_date":"2194-03-28","relative_velocity":{"kilometers_per_second":"14.3460776679"},"miss_distance":{"kilometers":"56725896"}}]}]