[{"name":"285638 (2000 SO10)","estimated_diameter":{"meters":{"estimated_diameter_min":840.5334020728,"estimated_diameter_max":1879.4898243938}},"is_potentially_hazardous_asteroid":false,"close_approach_data":[{"close_approach_date":"2194-03-31","relative_velocity":{"kilometers_per_second":"29.0697922186"},"miss_distance":{"kilometers":"61957540"}}]},{"name":"(2016 TH56)","estimated_diameter":{"meters":{"estimated_diameter_min":88.0146520901,"estimated_diameter_max":196.8067450894}},"is_potentially_hazardous_asteroid":false,"close_approach_data":[{"close_approach_date":"2194-03-31","relative_velocity":{"kilometers_per_second":"13.3230573313"},"miss_distance":{"kilometers":"41536152"}}]}]