[{"name":"187026 (2005 EK70)","estimated_diameter":{"meters":{"estimated_diameter_min":921.6265485028,"estimated_diameter_max":2060.8196123208}},"is_potentially_hazardous_asteroid":false,"close_approach_data":[{"close_approach_date":"2194-10-06","relative_velocity":{"kilometers_per_second":"20.955062109"},"miss_distance":{"kilometers":"67401200"}}]},{"name":"(2015 SS)","estimated_diameter":{"meters":{"estimated_diameter_min":253.8370293645,"estimated_diameter_max":567.5968528656}},"is_potentially_hazardous_asteroid":false,"close_approach_data":[{"close_approach_date":"2194-10-06","relative_velocity":{"kilometers_per_second":"14.9381990102"},"miss_distance":{"kilometers":"53019776"}}]},{"name":"(2016 LE9)","estimated_diameter":{"meters":{"estimated_diameter_min":699.1252322458,"estimated_diameter_max":1563.2915440869}},"is_potentially_hazardous_asteroid":false,"close_approach_data":[{"close_approach_date":"2194-10-06","relative_velocity":{"kilometers_per_second":"25.3347888683"},"miss_distance":{"kilometers":"69376536"}}]},{"name":"(2016 UA)","estimated_diameter":{"meters":{"estimated_diameter_min":183.8886720703,"estimated_diameter_max":411.1875710413}},"is_potentially_hazardous_asteroid":false,"close_approach_data":[{"close_approach_date":"2194-10-06","relative_velocity":{"kilometers_per_second":"24.7428781571"},"miss_distance":{"kilometers":"55275892"}}]}]