[{"name":"136818 Selqet (1997 MW1)","estimated_diameter":{"meters":{"estimated_diameter_min":441.1181999969,"estimated_diameter_max":986.3702813054}},"is_potentially_hazardous_asteroid":false,"close_approach_data":[{"close_approach_date":"2194-02-05","relative_velocity":{"kilometers_per_second":"13.701210871"},"miss_distance":{"kilometers":"56501028"}}]},{"name":"(2012 BV26)","estimated_diameter":{"meters":{"estimated_diameter_min":80.2703167283,"estimated_diameter_max":179.4898847799}},"is_potentially_hazardous_asteroid":false,"close_approach_data":[{"close_approach_date":"2194-02-05","relative_velocity":{"kilometers_per_second":"14.1143185063"},"miss_distance":{"kilometers":"37440968"}}]}]