[{"name":"(2002 RR25)","estimated_diameter":{"meters":{"estimated_diameter_min":183.8886720703,"estimated_diameter_max":411.1875710413}},"is_potentially_hazardous_asteroid":false,"close_approach_data":[{"close_approach_date":"2194-08-29","relative_velocity":{"kilometers_per_second":"9.4170669111"},"miss_distance":{"kilometers":"39955148"}}]},{"name":"(2014 ED)","estimated_diameter":{"meters":{"estimated_diameter_min":402.3045798343,"estimated_diameter_max":899.5803881691}},"is_potentially_hazardous_asteroid":false,"close_approach_data":[{"close_approach_date":"2194-08-29","relative_velocity":{"kilometers_per_second":"19.8585490479"},"miss_distance":{"kilometers":"55700084"}}]},{"name":"468117 (2014 ED)","estimated_diameter":{"meters":{"estimated_diameter_min":402.3045798343,"estimated_diameter_max":899.5803881691}},"is_potentially_hazardous_asteroid":false,"close_approach_data":[{"close_approach_date":"2194-08-29","relative_velocity":{"kilometers_per_second":"19.8587598454"},"miss_distance":{"kilometers":"55700156"}}]}]