[{"name":"(1997 GL3)","estimated_diameter":{"meters":{"estimated_diameter_min":402.3045798343,"estimated_diameter_max":899.5803881691}},"is_potentially_hazardous_asteroid":true,"close_approach_data":[{"close_approach_date":"2194-04-08","relative_velocity":{"kilometers_per_second":"23.2530562039"},"miss_distance":{"kilometers":"13846017"}}]},{"name":"(2017 FM127)","estimated_diameter":{"meters":{"estimated_diameter_min":20.3589312876,"estimated_diameter_max":45.5239543082}},"is_potentially_hazardous_asteroid":false,"close_approach_data":[{"close_approach_date":"2194-04-08","relative_velocity":{"kilometers_per_second":"6.4846250454"},"miss_distance":{"kilometers":"23199526"}}]}]