[{"name":"203471 (2002 AU4)","estimated_diameter":{"meters":{"estimated_diameter_min":350.3926411083,"estimated_diameter_max":783.5017643338}},"is_potentially_hazardous_asteroid":false,"close_approach_data":[{"close_approach_date":"2194-08-06","relative_velocity":{"kilometers_per_second":"20.6799931817"},"miss_distance":{"kilometers":"73659056"}}]},{"name":"209215 (2003 WP25)","estimated_diameter":{"meters":{"estimated_diameter_min":38.4197891064,"estimated_diameter_max":85.9092601232}},"is_potentially_hazardous_asteroid":false,"close_approach_data":[{"close_approach_date":"2194-08-06","relative_velocity":{"kilometers_per_second":"3.479213362"},"miss_distance":{"kilometers":"19043742"}}]},{"name":"(2003 AB23)","estimated_diameter":{"meters":{"estimated_diameter_min":278.3267680719,"estimated_diameter_max":622.3575733667}},"is_potentially_hazardous_asteroid":false,"close_approach_data":[{"close_approach_date":"2194-08-06","relative_velocity":{"kilometers_per_second":"11.0642564892"},"miss_distance":{"kilometers":"14416991"}}]},{"name":"(2014 HJ184)","estimated_diameter":{"meters":{"estimated_diameter_min":121.4940407996,"estimated_diameter_max":271.6689340891}},"is_potentially_hazardous_asteroid":false,"close_approach_data":[{"close_approach_date":"2194-08-06","relative_velocity":{"kilometers_per_second":"11.0906401357"},"miss_distance":{"kilometers":"60945728"}}]},{"name":"(2017 AH13)","estimated_diameter":{"meters":{"estimated_diameter_min":152.9519353442,"estimated_diameter_max":342.0109247198}},"is_potentially_hazardous_asteroid":false,"close_approach_data":[{"close_approach_date":"2194-08-06","relative_velocity":{"kilometers_per_second":"21.4300589288"},"miss_distance":{"kilometers":"61756268"}}]}]