[{"name":"411165 (2010 DF1)","estimated_diameter":{"meters":{"estimated_diameter_min":116.0259082094,"estimated_diameter_max":259.4418179074}},"is_potentially_hazardous_asteroid":true,"close_approach_data":[{"close_approach_date":"2194-03-04","relative_velocity":{"kilometers_per_second":"27.7645641505"},"miss_distance":{"kilometers":"67445184"}}]},{"name":"(2007 RX19)","estimated_diameter":{"meters":{"estimated_diameter_min":530.3407233187,"estimated_diameter_max":1185.8779085771}},"is_potentially_hazardous_asteroid":false,"close_approach_data":[{"close_approach_date":"2194-03-04","relative_velocity":{"kilometers_per_second":"25.6116857313"},"miss_distance":{"kilometers":"41757572"}}]},{"name":"(2012 DJ61)","estimated_diameter":{"meters":{"estimated_diameter_min":278.3267680719,"estimated_diameter_max":622.3575733667}},"is_potentially_hazardous_asteroid":true,"close_approach_data":[{"close_approach_date":"2194-03-04","relative_velocity":{"kilometers_per_second":"32.0283027165"},"miss_distance":{"kilometers":"23719618"}}]},{"name":"(2017 FM90)","estimated_diameter":{"meters":{"estimated_diameter_min":148.5097532846,"estimated_diameter_max":332.0779036661}},"is_potentially_hazardous_asteroid":false,"close_approach_data":[{"close_approach_date":"2194-03-04","relative_velocity":{"kilometers_per_second":"18.9013272528"},"miss_distance":{"kilometers":"35517816"}}]}]