[{"name":"326290 Akhenaten (1998 HE3)","estimated_diameter":{"meters":{"estimated_diameter_min":116.0259082094,"estimated_diameter_max":259.4418179074}},"is_potentially_hazardous_asteroid":true,"close_approach_data":[{"close_approach_date":"2194-05-06","relative_velocity":{"kilometers_per_second":"9.497013082"},"miss_distance":{"kilometers":"21338954"}}]},{"name":"450649 (2006 UY64)","estimated_diameter":{"meters":{"estimated_diameter_min":334.6223744549,"estimated_diameter_max":748.2383760735}},"is_potentially_hazardous_asteroid":false,"close_approach_data":[{"close_approach_date":"2194-05-06","relative_velocity":{"kilometers_per_second":"15.8692415146"},"miss_distance":{"kilometers":"37622620"}}]},{"name":"(2008 JM20)","estimated_diameter":{"meters":{"estimated_diameter_min":167.7084621628,"estimated_diameter_max":375.0075217981}},"is_potentially_hazardous_asteroid":false,"close_approach_data":[{"close_approach_date":"2194-05-06","relative_velocity":{"kilometers_per_second":"18.6054959706"},"miss_distance":{"kilometers":"25100920"}}]},{"name":"(2017 HV3)","estimated_diameter":{"meters":{"estimated_diameter_min":48.1454196618,"estimated_diameter_max":107.6564311691}},"is_potentially_hazardous_asteroid":false,"close_approach_data":[{"close_approach_date":"2194-05-06","relative_velocity":{"kilometers_per_second":"10.6162601556"},"miss_distance":{"kilometers":"42853876"}}]}]