[{"name":"66253 (1999 GT3)","estimated_diameter":{"meters":{"estimated_diameter_min":581.5070396458,"estimated_diameter_max":1300.2892700427}},"is_potentially_hazardous_asteroid":false,"close_approach_data":[{"close_approach_date":"2194-06-22","relative_velocity":{"kilometers_per_second":"41.8400810515"},"miss_distance":{"kilometers":"66318104"}}]},{"name":"(2016 AO164)","estimated_diameter":{"meters":{"estimated_diameter_min":105.8168859331,"estimated_diameter_max":236.6137501138}},"is_potentially_hazardous_asteroid":false,"close_approach_data":[{"close_approach_date":"2194-06-22","relative_velocity":{"kilometers_per_second":"6.4198184715"},"miss_distance":{"kilometers":"74348728"}}]}]