[{"name":"140928 (2001 VG75)","estimated_diameter":{"meters":{"estimated_diameter_min":608.9126221057,"estimated_diameter_max":1361.5700153859}},"is_potentially_hazardous_asteroid":false,"close_approach_data":[{"close_approach_date":"2194-12-22","relative_velocity":{"kilometers_per_second":"14.6672009841"},"miss_distance":{"kilometers":"50153420"}}]},{"name":"225416 (1999 YC)","estimated_diameter":{"meters":{"estimated_diameter_min":921.6265485028,"estimated_diameter_max":2060.8196123208}},"is_potentially_hazardous_asteroid":false,"close_approach_data":[{"close_approach_date":"2194-12-22","relative_velocity":{"kilometers_per_second":"27.015150115"},"miss_distance":{"kilometers":"51469016"}}]},{"name":"442177 (2010 XC24)","estimated_diameter":{"meters":{"estimated_diameter_min":265.8,"estimated_diameter_max":594.3468684194}},"is_potentially_hazardous_asteroid":false,"close_approach_data":[{"close_approach_date":"2194-12-22","relative_velocity":{"kilometers_per_second":"19.3847306172"},"miss_distance":{"kilometers":"46616588"}}]}]