[{"name":"55532 (2001 WG2)","estimated_diameter":{"meters":{"estimated_diameter_min":1677.0846216284,"estimated_diameter_max":3750.0752179805}},"is_potentially_hazardous_asteroid":false,"close_approach_data":[{"close_approach_date":"2194-06-12","relative_velocity":{"kilometers_per_second":"30.0921656132"},"miss_distance":{"kilometers":"54219544"}}]},{"name":"(2001 FC58)","estimated_diameter":{"meters":{"estimated_diameter_min":221.0828103591,"estimated_diameter_max":494.3561926196}},"is_potentially_hazardous_asteroid":true,"close_approach_data":[{"close_approach_date":"2194-06-12","relative_velocity":{"kilometers_per_second":"8.6189012919"},"miss_distance":{"kilometers":"55536872"}}]},{"name":"(2005 EJ94)","estimated_diameter":{"meters":{"estimated_diameter_min":402.3045798343,"estimated_diameter_max":899.5803881691}},"is_potentially_hazardous_asteroid":false,"close_approach_data":[{"close_approach_date":"2194-06-12","relative_velocity":{"kilometers_per_second":"3.3404777371"},"miss_distance":{"kilometers":"43675604"}}]},{"name":"(2014 SZ303)","estimated_diameter":{"meters":{"estimated_diameter_min":637.6097898754,"estimated_diameter_max":1425.7388332807}},"is_potentially_hazardous_asteroid":false,"close_approach_data":[{"close_approach_date":"2194-06-12","relative_velocity":{"kilometers_per_second":"20.070576023"},"miss_distance":{"kilometers":"30724592"}}]},{"name":"(2017 EV2)","estimated_diameter":{"meters":{"estimated_diameter_min":192.5550781879,"estimated_diameter_max":430.566244241}},"is_potentially_hazardous_asteroid":false,"close_approach_data":[{"close_approach_date":"2194-06-12","relative_velocity":{"kilometers_per_second":"27.511741821"},"miss_distance":{"kilometers":"64835600"}}]},{"name":"(2007 MB4)","estimated_diameter":{"meters":{"estimated_diameter_min":80.2703167283,"estimated_diameter_max":179.4898847799}},"is_potentially_hazardous_asteroid":false,"close_approach_data":[{"close_approach_date":"2194-06-12","relative_velocity":{"kilometers_per_second":"20.0840491287"},"miss_distance":{"kilometers":"46593048"}}]},{"name":"497236 (2005 EJ94)","estimated_diameter":{"meters":{"estimated_diameter_min":402.3045798343,"estimated_diameter_max":899.5803881691}},"is_potentially_hazardous_asteroid":false,"close_approach_data":[{"close_approach_date":"2194-06-12","relative_velocity":{"kilometers_per_second":"3.3404776724"},"miss_distance":{"kilometers":"43675604"}}]},{"name":"(2017 TV1)","estimated_diameter":{"meters":{"estimated_diameter_min":15.2529896865,"estimated_diameter_max":34.1067217991}},"is_potentially_hazardous_asteroid":false,"close_approach_data":[{"close_approach_date":"2194-06-12","relative_velocity":{"kilometers_per_second":"9.8025866244"},"miss_distance":{"kilometers":"12133255"}}]}]