[{"name":"(1999 FA)","estimated_diameter":{"meters":{"estimated_diameter_min":192.5550781879,"estimated_diameter_max":430.566244241}},"is_potentially_hazardous_asteroid":true,"close_approach_data":[{"close_approach_date":"2194-03-07","relative_velocity":{"kilometers_per_second":"7.1963102613"},"miss_distance":{"kilometers":"1493568.375"}}]},{"name":"(2007 RU9)","estimated_diameter":{"meters":{"estimated_diameter_min":183.8886720703,"estimated_diameter_max":411.1875710413}},"is_potentially_hazardous_asteroid":true,"close_approach_data":[{"close_approach_date":"2194-03-07","relative_velocity":{"kilometers_per_second":"16.5852151669"},"miss_distance":{"kilometers":"2022156"}}]},{"name":"(2014 QK362)","estimated_diameter":{"meters":{"estimated_diameter_min":127.2198785394,"estimated_diameter_max":284.4722965033}},"is_potentially_hazardous_asteroid":false,"close_approach_data":[{"close_approach_date":"2194-03-07","relative_velocity":{"kilometers_per_second":"19.727485897"},"miss_distance":{"kilometers":"68337360"}}]},{"name":"474158 (1999 FA)","estimated_diameter":{"meters":{"estimated_diameter_min":192.5550781879,"estimated_diameter_max":430.566244241}},"is_potentially_hazardous_asteroid":true,"close_approach_data":[{"close_approach_date":"2194-03-07","relative_velocity":{"kilometers_per_second":"7.18722945"},"miss_distance":{"kilometers":"1376426.125"}}]}]