[{"name":"65909 (1998 FH12)","estimated_diameter":{"meters":{"estimated_diameter_min":384.1978910643,"estimated_diameter_max":859.0926012318}},"is_potentially_hazardous_asteroid":true,"close_approach_data":[{"close_approach_date":"2194-01-08","relative_velocity":{"kilometers_per_second":"10.5007623717"},"miss_distance":{"kilometers":"50427624"}}]},{"name":"(1998 VE31)","estimated_diameter":{"meters":{"estimated_diameter_min":175.6123184804,"estimated_diameter_max":392.6810818086}},"is_potentially_hazardous_asteroid":false,"close_approach_data":[{"close_approach_date":"2194-01-08","relative_velocity":{"kilometers_per_second":"9.8492939102"},"miss_distance":{"kilometers":"66126312"}}]},{"name":"(2015 XT1)","estimated_diameter":{"meters":{"estimated_diameter_min":58.1507039646,"estimated_diameter_max":130.0289270043}},"is_potentially_hazardous_asteroid":false,"close_approach_data":[{"close_approach_date":"2194-01-08","relative_velocity":{"kilometers_per_second":"15.4786370493"},"miss_distance":{"kilometers":"30841926"}}]},{"name":"(2013 YP139)","estimated_diameter":{"meters":{"estimated_diameter_min":127.2198785394,"estimated_diameter_max":284.4722965033}},"is_potentially_hazardous_asteroid":true,"close_approach_data":[{"close_approach_date":"2194-01-08","relative_velocity":{"kilometers_per_second":"29.4954683594"},"miss_distance":{"kilometers":"64007124"}}]},{"name":"(2017 YA8)","estimated_diameter":{"meters":{"estimated_diameter_min":93.5739530256,"estimated_diameter_max":209.2377198886}},"is_potentially_hazardous_asteroid":false,"close_approach_data":[{"close_approach_date":"2194-01-08","relative_velocity":{"kilometers_per_second":"20.2882773537"},"miss_distance":{"kilometers":"68813960"}}]}]