[{"name":"371660 (2007 CN26)","estimated_diameter":{"meters":{"estimated_diameter_min":160.1603379786,"estimated_diameter_max":358.1294030194}},"is_potentially_hazardous_asteroid":true,"close_approach_data":[{"close_approach_date":"2194-03-14","relative_velocity":{"kilometers_per_second":"8.4677934979"},"miss_distance":{"kilometers":"73895608"}}]},{"name":"(2000 AF205)","estimated_diameter":{"meters":{"estimated_diameter_min":121.4940407996,"estimated_diameter_max":271.6689340891}},"is_potentially_hazardous_asteroid":true,"close_approach_data":[{"close_approach_date":"2194-03-14","relative_velocity":{"kilometers_per_second":"7.9631416554"},"miss_distance":{"kilometers":"49105848"}}]},{"name":"488490 (2000 AF205)","estimated_diameter":{"meters":{"estimated_diameter_min":121.4940407996,"estimated_diameter_max":271.6689340891}},"is_potentially_hazardous_asteroid":true,"close_approach_data":[{"close_approach_date":"2194-03-14","relative_velocity":{"kilometers_per_second":"7.9631241746"},"miss_distance":{"kilometers":"49105736"}}]}]