[{"name":"7025 (1993 QA)","estimated_diameter":{"meters":{"estimated_diameter_min":581.5070396458,"estimated_diameter_max":1300.2892700427}},"is_potentially_hazardous_asteroid":false,"close_approach_data":[{"close_approach_date":"2194-10-15","relative_velocity":{"kilometers_per_second":"6.6140036267"},"miss_distance":{"kilometers":"71503496"}}]},{"name":"162694 (2000 UH11)","estimated_diameter":{"meters":{"estimated_diameter_min":319.5618867213,"estimated_diameter_max":714.5621017269}},"is_potentially_hazardous_asteroid":false,"close_approach_data":[{"close_approach_date":"2194-10-15","relative_velocity":{"kilometers_per_second":"17.2128541613"},"miss_distance":{"kilometers":"33432666"}}]},{"name":"(2005 OG3)","estimated_diameter":{"meters":{"estimated_diameter_min":305.1792325939,"estimated_diameter_max":682.4015094011}},"is_potentially_hazardous_asteroid":false,"close_approach_data":[{"close_approach_date":"2194-10-15","relative_velocity":{"kilometers_per_second":"16.0408378845"},"miss_distance":{"kilometers":"70422576"}}]}]