[{"name":"68278 (2001 FC7)","estimated_diameter":{"meters":{"estimated_diameter_min":530.3407233187,"estimated_diameter_max":1185.8779085771}},"is_potentially_hazardous_asteroid":false,"close_approach_data":[{"close_approach_date":"2194-09-30","relative_velocity":{"kilometers_per_second":"2.2946347111"},"miss_distance":{"kilometers":"45143328"}}]},{"name":"363027 (1998 ST27)","estimated_diameter":{"meters":{"estimated_diameter_min":334.6223744549,"estimated_diameter_max":748.2383760735}},"is_potentially_hazardous_asteroid":true,"close_approach_data":[{"close_approach_date":"2194-09-30","relative_velocity":{"kilometers_per_second":"29.7432587603"},"miss_distance":{"kilometers":"63958928"}}]},{"name":"371660 (2007 CN26)","estimated_diameter":{"meters":{"estimated_diameter_min":160.1603379786,"estimated_diameter_max":358.1294030194}},"is_potentially_hazardous_asteroid":true,"close_approach_data":[{"close_approach_date":"2194-09-30","relative_velocity":{"kilometers_per_second":"17.1626507271"},"miss_distance":{"kilometers":"52782068"}}]},{"name":"(2005 OU1)","estimated_diameter":{"meters":{"estimated_diameter_min":253.8370293645,"estimated_diameter_max":567.5968528656}},"is_potentially_hazardous_asteroid":false,"close_approach_data":[{"close_approach_date":"2194-09-30","relative_velocity":{"kilometers_per_second":"8.1028580389"},"miss_distance":{"kilometers":"44039836"}}]},{"name":"(2010 LG64)","estimated_diameter":{"meters":{"estimated_diameter_min":242.4124811008,"estimated_diameter_max":542.0507863358}},"is_potentially_hazardous_asteroid":false,"close_approach_data":[{"close_approach_date":"2194-09-30","relative_velocity":{"kilometers_per_second":"24.8133692916"},"miss_distance":{"kilometers":"10239962"}}]},{"name":"(2012 LF11)","estimated_diameter":{"meters":{"estimated_diameter_min":183.8886720703,"estimated_diameter_max":411.1875710413}},"is_potentially_hazardous_asteroid":false,"close_approach_data":[{"close_approach_date":"2194-09-30","relative_velocity":{"kilometers_per_second":"11.030008433"},"miss_distance":{"kilometers":"29172934"}}]},{"name":"(2014 SS261)","estimated_diameter":{"meters":{"estimated_diameter_min":14.6067964271,"estimated_diameter_max":32.6617897446}},"is_potentially_hazardous_asteroid":false,"close_approach_data":[{"close_approach_date":"2194-09-30","relative_velocity":{"kilometers_per_second":"8.3683521847"},"miss_distance":{"kilometers":"18209856"}}]},{"name":"(2017 DC36)","estimated_diameter":{"meters":{"estimated_diameter_min":101.054341542,"estimated_diameter_max":225.9643771094}},"is_potentially_hazardous_asteroid":false,"close_approach_data":[{"close_approach_date":"2194-09-30","relative_velocity":{"kilometers_per_second":"9.0919741453"},"miss_distance":{"kilometers":"40726064"}}]},{"name":"(2016 RQ1)","estimated_diameter":{"meters":{"estimated_diameter_min":29.1443904535,"estimated_diameter_max":65.1688382168}},"is_potentially_hazardous_asteroid":false,"close_approach_data":[{"close_approach_date":"2194-09-30","relative_velocity":{"kilometers_per_second":"5.7948704884"},"miss_distance":{"kilometers":"6438055"}}]}]