[{"name":"89958 (2002 LY45)","estimated_diameter":{"meters":{"estimated_diameter_min":1058.1688593312,"estimated_diameter_max":2366.137501138}},"is_potentially_hazardous_asteroid":true,"close_approach_data":[{"close_approach_date":"2194-03-19","relative_velocity":{"kilometers_per_second":"23.13600421"},"miss_distance":{"kilometers":"52215872"}}]},{"name":"444627 (2006 WU)","estimated_diameter":{"meters":{"estimated_diameter_min":441.1181999969,"estimated_diameter_max":986.3702813054}},"is_potentially_hazardous_asteroid":false,"close_approach_data":[{"close_approach_date":"2194-03-19","relative_velocity":{"kilometers_per_second":"3.1293937543"},"miss_distance":{"kilometers":"32635294"}}]},{"name":"(2002 FT5)","estimated_diameter":{"meters":{"estimated_diameter_min":110.8038821264,"estimated_diameter_max":247.7650126055}},"is_potentially_hazardous_asteroid":false,"close_approach_data":[{"close_approach_date":"2194-03-19","relative_velocity":{"kilometers_per_second":"17.443133653"},"miss_distance":{"kilometers":"33862384"}}]},{"name":"(2011 EZ40)","estimated_diameter":{"meters":{"estimated_diameter_min":146.0679642714,"estimated_diameter_max":326.6178974458}},"is_potentially_hazardous_asteroid":false,"close_approach_data":[{"close_approach_date":"2194-03-19","relative_velocity":{"kilometers_per_second":"12.7209512793"},"miss_distance":{"kilometers":"59245268"}}]}]