[{"name":"163023 (2001 XU1)","estimated_diameter":{"meters":{"estimated_diameter_min":366.9061375314,"estimated_diameter_max":820.4270648822}},"is_potentially_hazardous_asteroid":false,"close_approach_data":[{"close_approach_date":"2194-12-06","relative_velocity":{"kilometers_per_second":"16.1182891307"},"miss_distance":{"kilometers":"35003080"}}]},{"name":"333755 (2010 VC1)","estimated_diameter":{"meters":{"estimated_diameter_min":366.9061375314,"estimated_diameter_max":820.4270648822}},"is_potentially_hazardous_asteroid":false,"close_approach_data":[{"close_approach_date":"2194-12-06","relative_velocity":{"kilometers_per_second":"19.0207953079"},"miss_distance":{"kilometers":"51468472"}}]},{"name":"345705 (2006 VB14)","estimated_diameter":{"meters":{"estimated_diameter_min":506.4714588346,"estimated_diameter_max":1132.5046106177}},"is_potentially_hazardous_asteroid":false,"close_approach_data":[{"close_approach_date":"2194-12-06","relative_velocity":{"kilometers_per_second":"16.2952444874"},"miss_distance":{"kilometers":"28001684"}}]},{"name":"415713 (1998 XX2)","estimated_diameter":{"meters":{"estimated_diameter_min":278.3267680719,"estimated_diameter_max":622.3575733667}},"is_potentially_hazardous_asteroid":true,"close_approach_data":[{"close_approach_date":"2194-12-06","relative_velocity":{"kilometers_per_second":"12.9175976195"},"miss_distance":{"kilometers":"23539864"}}]}]