[{"name":"277142 (2005 LG8)","estimated_diameter":{"meters":{"estimated_diameter_min":1160.2590820944,"estimated_diameter_max":2594.4181790745}},"is_potentially_hazardous_asteroid":false,"close_approach_data":[{"close_approach_date":"2194-03-29","relative_velocity":{"kilometers_per_second":"39.0772834971"},"miss_distance":{"kilometers":"63084120"}}]},{"name":"(2014 FO38)","estimated_diameter":{"meters":{"estimated_diameter_min":14.6067964271,"estimated_diameter_max":32.6617897446}},"is_potentially_hazardous_asteroid":false,"close_approach_data":[{"close_approach_date":"2194-03-29","relative_velocity":{"kilometers_per_second":"19.916402996"},"miss_distance":{"kilometers":"52077784"}}]}]