[{"name":"(2003 WO151)","estimated_diameter":{"meters":{"estimated_diameter_min":221.0828103591,"estimated_diameter_max":494.3561926196}},"is_potentially_hazardous_asteroid":false,"close_approach_data":[{"close_approach_date":"2194-06-03","relative_velocity":{"kilometers_per_second":"21.9554404881"},"miss_distance":{"kilometers":"60624476"}}]},{"name":"(2015 SZ16)","estimated_diameter":{"meters":{"estimated_diameter_min":76.6575573531,"estimated_diameter_max":171.4115092306}},"is_potentially_hazardous_asteroid":false,"close_approach_data":[{"close_approach_date":"2194-06-03","relative_velocity":{"kilometers_per_second":"9.5259812889"},"miss_distance":{"kilometers":"50424572"}}]},{"name":"(2016 AC65)","estimated_diameter":{"meters":{"estimated_diameter_min":110.8038821264,"estimated_diameter_max":247.7650126055}},"is_potentially_hazardous_asteroid":true,"close_approach_data":[{"close_approach_date":"2194-06-03","relative_velocity":{"kilometers_per_second":"16.9437462149"},"miss_distance":{"kilometers":"44682704"}}]}]