[{"name":"(2002 EH1)","estimated_diameter":{"meters":{"estimated_diameter_min":319.5618867213,"estimated_diameter_max":714.5621017269}},"is_potentially_hazardous_asteroid":false,"close_approach_data":[{"close_approach_date":"2194-05-29","relative_velocity":{"kilometers_per_second":"1.2923396451"},"miss_distance":{"kilometers":"66519260"}}]},{"name":"(2009 WW104)","estimated_diameter":{"meters":{"estimated_diameter_min":84.0533402073,"estimated_diameter_max":187.9489824394}},"is_potentially_hazardous_asteroid":false,"close_approach_data":[{"close_approach_date":"2194-05-29","relative_velocity":{"kilometers_per_second":"26.2297008572"},"miss_distance":{"kilometers":"71398584"}}]},{"name":"(2010 GD35)","estimated_diameter":{"meters":{"estimated_diameter_min":33.4622374455,"estimated_diameter_max":74.8238376074}},"is_potentially_hazardous_asteroid":false,"close_approach_data":[{"close_approach_date":"2194-05-29","relative_velocity":{"kilometers_per_second":"16.7494248274"},"miss_distance":{"kilometers":"28508762"}}]},{"name":"(2010 XA68)","estimated_diameter":{"meters":{"estimated_diameter_min":110.8038821264,"estimated_diameter_max":247.7650126055}},"is_potentially_hazardous_asteroid":true,"close_approach_data":[{"close_approach_date":"2194-05-29","relative_velocity":{"kilometers_per_second":"29.9875043638"},"miss_distance":{"kilometers":"31883296"}}]}]