[{"name":"3908 Nyx (1980 PA)","estimated_diameter":{"meters":{"estimated_diameter_min":921.6265485028,"estimated_diameter_max":2060.8196123208}},"is_potentially_hazardous_asteroid":false,"close_approach_data":[{"close_approach_date":"2194-10-18","relative_velocity":{"kilometers_per_second":"5.4408064871"},"miss_distance":{"kilometers":"8675802"}}]},{"name":"357058 (2001 OG25)","estimated_diameter":{"meters":{"estimated_diameter_min":253.8370293645,"estimated_diameter_max":567.5968528656}},"is_potentially_hazardous_asteroid":false,"close_approach_data":[{"close_approach_date":"2194-10-18","relative_velocity":{"kilometers_per_second":"5.6578653109"},"miss_distance":{"kilometers":"74279288"}}]}]