[{"name":"259221 (2003 BA21)","estimated_diameter":{"meters":{"estimated_diameter_min":384.1978910643,"estimated_diameter_max":859.0926012318}},"is_potentially_hazardous_asteroid":false,"close_approach_data":[{"close_approach_date":"2194-03-20","relative_velocity":{"kilometers_per_second":"33.5442713354"},"miss_distance":{"kilometers":"52717316"}}]},{"name":"(2010 VD72)","estimated_diameter":{"meters":{"estimated_diameter_min":133.2155666981,"estimated_diameter_max":297.8790627982}},"is_potentially_hazardous_asteroid":true,"close_approach_data":[{"close_approach_date":"2194-03-20","relative_velocity":{"kilometers_per_second":"11.48388231"},"miss_distance":{"kilometers":"49095444"}}]},{"name":"(2013 PY38)","estimated_diameter":{"meters":{"estimated_diameter_min":30.5179232594,"estimated_diameter_max":68.2401509401}},"is_potentially_hazardous_asteroid":false,"close_approach_data":[{"close_approach_date":"2194-03-20","relative_velocity":{"kilometers_per_second":"10.4575253004"},"miss_distance":{"kilometers":"23755408"}}]}]