[{"name":"277810 (2006 FV35)","estimated_diameter":{"meters":{"estimated_diameter_min":116.0259082094,"estimated_diameter_max":259.4418179074}},"is_potentially_hazardous_asteroid":false,"close_approach_data":[{"close_approach_date":"2194-07-13","relative_velocity":{"kilometers_per_second":"10.0548260014"},"miss_distance":{"kilometers":"47816116"}}]},{"name":"307070 (2002 AV31)","estimated_diameter":{"meters":{"estimated_diameter_min":192.5550781879,"estimated_diameter_max":430.566244241}},"is_potentially_hazardous_asteroid":false,"close_approach_data":[{"close_approach_date":"2194-07-13","relative_velocity":{"kilometers_per_second":"8.1777931636"},"miss_distance":{"kilometers":"60256532"}}]},{"name":"369984 (1998 QR52)","estimated_diameter":{"meters":{"estimated_diameter_min":461.9074602816,"estimated_diameter_max":1032.8564805039}},"is_potentially_hazardous_asteroid":false,"close_approach_data":[{"close_approach_date":"2194-07-13","relative_velocity":{"kilometers_per_second":"22.3238588684"},"miss_distance":{"kilometers":"74645584"}}]},{"name":"403775 (2011 HS4)","estimated_diameter":{"meters":{"estimated_diameter_min":167.7084621628,"estimated_diameter_max":375.0075217981}},"is_potentially_hazardous_asteroid":true,"close_approach_data":[{"close_approach_date":"2194-07-13","relative_velocity":{"kilometers_per_second":"14.7079076679"},"miss_distance":{"kilometers":"49639884"}}]}]