[{"name":"6037 (1988 EG)","estimated_diameter":{"meters":{"estimated_diameter_min":483.6764882185,"estimated_diameter_max":1081.533506775}},"is_potentially_hazardous_asteroid":true,"close_approach_data":[{"close_approach_date":"2194-08-02","relative_velocity":{"kilometers_per_second":"27.5189653551"},"miss_distance":{"kilometers":"64146764"}}]},{"name":"247517 (2002 QY6)","estimated_diameter":{"meters":{"estimated_diameter_min":305.1792325939,"estimated_diameter_max":682.4015094011}},"is_potentially_hazardous_asteroid":false,"close_approach_data":[{"close_approach_date":"2194-08-02","relative_velocity":{"kilometers_per_second":"19.7274338282"},"miss_distance":{"kilometers":"20342766"}}]},{"name":"333521 (2005 PO)","estimated_diameter":{"meters":{"estimated_diameter_min":278.3267680719,"estimated_diameter_max":622.3575733667}},"is_potentially_hazardous_asteroid":true,"close_approach_data":[{"close_approach_date":"2194-08-02","relative_velocity":{"kilometers_per_second":"9.2462006107"},"miss_distance":{"kilometers":"70893224"}}]},{"name":"(2014 OV3)","estimated_diameter":{"meters":{"estimated_diameter_min":60.8912622106,"estimated_diameter_max":136.1570015386}},"is_potentially_hazardous_asteroid":false,"close_approach_data":[{"close_approach_date":"2194-08-02","relative_velocity":{"kilometers_per_second":"3.6544315381"},"miss_distance":{"kilometers":"21795056"}}]},{"name":"(2016 NF22)","estimated_diameter":{"meters":{"estimated_diameter_min":221.0828103591,"estimated_diameter_max":494.3561926196}},"is_potentially_hazardous_asteroid":false,"close_approach_data":[{"close_approach_date":"2194-08-02","relative_velocity":{"kilometers_per_second":"12.9794503065"},"miss_distance":{"kilometers":"42311376"}}]}]