[{"name":"(2003 UV11)","estimated_diameter":{"meters":{"estimated_diameter_min":334.6223744549,"estimated_diameter_max":748.2383760735}},"is_potentially_hazardous_asteroid":true,"close_approach_data":[{"close_approach_date":"2194-10-23","relative_velocity":{"kilometers_per_second":"31.6259643897"},"miss_distance":{"kilometers":"29720464"}}]},{"name":"(2015 FT118)","estimated_diameter":{"meters":{"estimated_diameter_min":221.0828103591,"estimated_diameter_max":494.3561926196}},"is_potentially_hazardous_asteroid":true,"close_approach_data":[{"close_approach_date":"2194-10-23","relative_velocity":{"kilometers_per_second":"13.7572292838"},"miss_distance":{"kilometers":"21459506"}}]},{"name":"503941 (2003 UV11)","estimated_diameter":{"meters":{"estimated_diameter_min":334.6223744549,"estimated_diameter_max":748.2383760735}},"is_potentially_hazardous_asteroid":true,"close_approach_data":[{"close_approach_date":"2194-10-23","relative_velocity":{"kilometers_per_second":"31.6259101331"},"miss_distance":{"kilometers":"29720204"}}]}]