[{"name":"1620 Geographos (1951 RA)","estimated_diameter":{"meters":{"estimated_diameter_min":2016.2991944276,"estimated_diameter_max":4508.5820617181}},"is_potentially_hazardous_asteroid":true,"close_approach_data":[{"close_approach_date":"2194-09-10","relative_velocity":{"kilometers_per_second":"19.8591732831"},"miss_distance":{"kilometers":"45693328"}}]},{"name":"162825 (2001 BO61)","estimated_diameter":{"meters":{"estimated_diameter_min":667.6594134952,"estimated_diameter_max":1492.931834393}},"is_potentially_hazardous_asteroid":true,"close_approach_data":[{"close_approach_date":"2194-09-10","relative_velocity":{"kilometers_per_second":"25.4333191697"},"miss_distance":{"kilometers":"5250067.5"}}]},{"name":"(2012 BB124)","estimated_diameter":{"meters":{"estimated_diameter_min":152.9519353442,"estimated_diameter_max":342.0109247198}},"is_potentially_hazardous_asteroid":true,"close_approach_data":[{"close_approach_date":"2194-09-10","relative_velocity":{"kilometers_per_second":"21.0505844453"},"miss_distance":{"kilometers":"69450472"}}]}]