[{"name":"164207 (2004 GU9)","estimated_diameter":{"meters":{"estimated_diameter_min":160.1603379786,"estimated_diameter_max":358.1294030194}},"is_potentially_hazardous_asteroid":true,"close_approach_data":[{"close_approach_date":"2194-05-18","relative_velocity":{"kilometers_per_second":"7.2851525771"},"miss_distance":{"kilometers":"28747688"}}]},{"name":"359242 (2009 FT)","estimated_diameter":{"meters":{"estimated_diameter_min":441.1181999969,"estimated_diameter_max":986.3702813054}},"is_potentially_hazardous_asteroid":false,"close_approach_data":[{"close_approach_date":"2194-05-18","relative_velocity":{"kilometers_per_second":"18.013979345"},"miss_distance":{"kilometers":"58509472"}}]},{"name":"(2014 WF6)","estimated_diameter":{"meters":{"estimated_diameter_min":35.0392641108,"estimated_diameter_max":78.3501764334}},"is_potentially_hazardous_asteroid":false,"close_approach_data":[{"close_approach_date":"2194-05-18","relative_velocity":{"kilometers_per_second":"17.8887038827"},"miss_distance":{"kilometers":"6625952.5"}}]}]