[{"name":"141018 (2001 WC47)","estimated_diameter":{"meters":{"estimated_diameter_min":441.1181999969,"estimated_diameter_max":986.3702813054}},"is_potentially_hazardous_asteroid":false,"close_approach_data":[{"close_approach_date":"2194-06-16","relative_velocity":{"kilometers_per_second":"2.5155422108"},"miss_distance":{"kilometers":"45711360"}}]},{"name":"344076 (1998 HJ3)","estimated_diameter":{"meters":{"estimated_diameter_min":461.9074602816,"estimated_diameter_max":1032.8564805039}},"is_potentially_hazardous_asteroid":true,"close_approach_data":[{"close_approach_date":"2194-06-16","relative_velocity":{"kilometers_per_second":"17.3049577225"},"miss_distance":{"kilometers":"60024488"}}]},{"name":"365449 (2010 NJ1)","estimated_diameter":{"meters":{"estimated_diameter_min":211.1324447897,"estimated_diameter_max":472.1064988055}},"is_potentially_hazardous_asteroid":false,"close_approach_data":[{"close_approach_date":"2194-06-16","relative_velocity":{"kilometers_per_second":"11.8917395414"},"miss_distance":{"kilometers":"42552472"}}]}]