[{"name":"161995 (1983 LB)","estimated_diameter":{"meters":{"estimated_diameter_min":965.0614695789,"estimated_diameter_max":2157.9430484443}},"is_potentially_hazardous_asteroid":false,"close_approach_data":[{"close_approach_date":"2194-06-25","relative_velocity":{"kilometers_per_second":"12.6719755808"},"miss_distance":{"kilometers":"64282728"}}]},{"name":"(2002 AA29)","estimated_diameter":{"meters":{"estimated_diameter_min":40.2304579834,"estimated_diameter_max":89.9580388169}},"is_potentially_hazardous_asteroid":false,"close_approach_data":[{"close_approach_date":"2194-06-25","relative_velocity":{"kilometers_per_second":"6.1121173756"},"miss_distance":{"kilometers":"16217920"}}]},{"name":"(2007 WU3)","estimated_diameter":{"meters":{"estimated_diameter_min":46.1907460282,"estimated_diameter_max":103.2856480504}},"is_potentially_hazardous_asteroid":false,"close_approach_data":[{"close_approach_date":"2194-06-25","relative_velocity":{"kilometers_per_second":"5.2420512307"},"miss_distance":{"kilometers":"7268575"}}]},{"name":"(2014 YP15)","estimated_diameter":{"meters":{"estimated_diameter_min":278.3267680719,"estimated_diameter_max":622.3575733667}},"is_potentially_hazardous_asteroid":false,"close_approach_data":[{"close_approach_date":"2194-06-25","relative_velocity":{"kilometers_per_second":"13.7555803563"},"miss_distance":{"kilometers":"23825114"}}]}]