[{"name":"138947 (2001 BA40)","estimated_diameter":{"meters":{"estimated_diameter_min":483.6764882185,"estimated_diameter_max":1081.533506775}},"is_potentially_hazardous_asteroid":false,"close_approach_data":[{"close_approach_date":"2194-03-17","relative_velocity":{"kilometers_per_second":"19.4901338577"},"miss_distance":{"kilometers":"66832672"}}]},{"name":"(1991 GO)","estimated_diameter":{"meters":{"estimated_diameter_min":265.8,"estimated_diameter_max":594.3468684194}},"is_potentially_hazardous_asteroid":true,"close_approach_data":[{"close_approach_date":"2194-03-17","relative_velocity":{"kilometers_per_second":"13.1987193952"},"miss_distance":{"kilometers":"31062740"}}]},{"name":"(2010 JE87)","estimated_diameter":{"meters":{"estimated_diameter_min":183.8886720703,"estimated_diameter_max":411.1875710413}},"is_potentially_hazardous_asteroid":true,"close_approach_data":[{"close_approach_date":"2194-03-17","relative_velocity":{"kilometers_per_second":"11.1139424057"},"miss_distance":{"kilometers":"63174908"}}]},{"name":"(2016 CZ192)","estimated_diameter":{"meters":{"estimated_diameter_min":31.9561886721,"estimated_diameter_max":71.4562101727}},"is_potentially_hazardous_asteroid":false,"close_approach_data":[{"close_approach_date":"2194-03-17","relative_velocity":{"kilometers_per_second":"9.7809484672"},"miss_distance":{"kilometers":"34346528"}}]},{"name":"468727 (2010 JE87)","estimated_diameter":{"meters":{"estimated_diameter_min":183.8886720703,"estimated_diameter_max":411.1875710413}},"is_potentially_hazardous_asteroid":true,"close_approach_data":[{"close_approach_date":"2194-03-17","relative_velocity":{"kilometers_per_second":"11.1140112264"},"miss_distance":{"kilometers":"63174148"}}]}]