[{"name":"302311 (2002 AA)","estimated_diameter":{"meters":{"estimated_diameter_min":366.9061375314,"estimated_diameter_max":820.4270648822}},"is_potentially_hazardous_asteroid":false,"close_approach_data":[{"close_approach_date":"2194-12-31","relative_velocity":{"kilometers_per_second":"7.6845254767"},"miss_distance":{"kilometers":"25933720"}}]},{"name":"(2008 TM10)","estimated_diameter":{"meters":{"estimated_diameter_min":421.2646105562,"estimated_diameter_max":941.9763057186}},"is_potentially_hazardous_asteroid":false,"close_approach_data":[{"close_approach_date":"2194-12-31","relative_velocity":{"kilometers_per_second":"14.0705428861"},"miss_distance":{"kilometers":"54798452"}}]},{"name":"(2011 ON24)","estimated_diameter":{"meters":{"estimated_diameter_min":66.7659413495,"estimated_diameter_max":149.2931834393}},"is_potentially_hazardous_asteroid":false,"close_approach_data":[{"close_approach_date":"2194-12-31","relative_velocity":{"kilometers_per_second":"14.282029657"},"miss_distance":{"kilometers":"55655196"}}]},{"name":"(2013 FZ7)","estimated_diameter":{"meters":{"estimated_diameter_min":69.9125232246,"estimated_diameter_max":156.3291544087}},"is_potentially_hazardous_asteroid":false,"close_approach_data":[{"close_approach_date":"2194-12-31","relative_velocity":{"kilometers_per_second":"18.9877565838"},"miss_distance":{"kilometers":"38356456"}}]},{"name":"(2017 EE23)","estimated_diameter":{"meters":{"estimated_diameter_min":122.4489249646,"estimated_diameter_max":273.8041199927}},"is_potentially_hazardous_asteroid":false,"close_approach_data":[{"close_approach_date":"2194-12-31","relative_velocity":{"kilometers_per_second":"10.6910152704"},"miss_distance":{"kilometers":"59514600"}}]},{"name":"(2016 JH12)","estimated_diameter":{"meters":{"estimated_diameter_min":92.1626548503,"estimated_diameter_max":206.0819612321}},"is_potentially_hazardous_asteroid":false,"close_approach_data":[{"close_approach_date":"2194-12-31","relative_velocity":{"kilometers_per_second":"13.1609764239"},"miss_distance":{"kilometers":"55337936"}}]}]