[{"name":"312956 (1997 CZ3)","estimated_diameter":{"meters":{"estimated_diameter_min":334.6223744549,"estimated_diameter_max":748.2383760735}},"is_potentially_hazardous_asteroid":false,"close_approach_data":[{"close_approach_date":"2194-12-30","relative_velocity":{"kilometers_per_second":"27.9624016788"},"miss_distance":{"kilometers":"57990328"}}]},{"name":"(2008 YZ32)","estimated_diameter":{"meters":{"estimated_diameter_min":253.8370293645,"estimated_diameter_max":567.5968528656}},"is_potentially_hazardous_asteroid":false,"close_approach_data":[{"close_approach_date":"2194-12-30","relative_velocity":{"kilometers_per_second":"14.8305896996"},"miss_distance":{"kilometers":"49329976"}}]},{"name":"(2013 WT45)","estimated_diameter":{"meters":{"estimated_diameter_min":231.5021222103,"estimated_diameter_max":517.6544821978}},"is_potentially_hazardous_asteroid":true,"close_approach_data":[{"close_approach_date":"2194-12-30","relative_velocity":{"kilometers_per_second":"12.3472083934"},"miss_distance":{"kilometers":"24580084"}}]},{"name":"(1997 AC11)","estimated_diameter":{"meters":{"estimated_diameter_min":211.1324447897,"estimated_diameter_max":472.1064988055}},"is_potentially_hazardous_asteroid":false,"close_approach_data":[{"close_approach_date":"2194-12-30","relative_velocity":{"kilometers_per_second":"16.1965435496"},"miss_distance":{"kilometers":"69536632"}}]},{"name":"(2017 PX24)","estimated_diameter":{"meters":{"estimated_diameter_min":127.8659697165,"estimated_diameter_max":285.9170002951}},"is_potentially_hazardous_asteroid":false,"close_approach_data":[{"close_approach_date":"2194-12-30","relative_velocity":{"kilometers_per_second":"4.5510816001"},"miss_distance":{"kilometers":"63302364"}}]}]