[{"name":"5786 Talos (1991 RC)","estimated_diameter":{"meters":{"estimated_diameter_min":1010.5434154201,"estimated_diameter_max":2259.643771094}},"is_potentially_hazardous_asteroid":false,"close_approach_data":[{"close_approach_date":"2194-10-10","relative_velocity":{"kilometers_per_second":"36.0823296033"},"miss_distance":{"kilometers":"55876700"}}]},{"name":"252399 (2001 TX44)","estimated_diameter":{"meters":{"estimated_diameter_min":384.1978910643,"estimated_diameter_max":859.0926012318}},"is_potentially_hazardous_asteroid":true,"close_approach_data":[{"close_approach_date":"2194-10-10","relative_velocity":{"kilometers_per_second":"13.3856773988"},"miss_distance":{"kilometers":"61640592"}}]},{"name":"(2008 PR9)","estimated_diameter":{"meters":{"estimated_diameter_min":84.0533402073,"estimated_diameter_max":187.9489824394}},"is_potentially_hazardous_asteroid":false,"close_approach_data":[{"close_approach_date":"2194-10-10","relative_velocity":{"kilometers_per_second":"9.677701379"},"miss_distance":{"kilometers":"55859796"}}]},{"name":"(2014 RW22)","estimated_diameter":{"meters":{"estimated_diameter_min":40.2304579834,"estimated_diameter_max":89.9580388169}},"is_potentially_hazardous_asteroid":false,"close_approach_data":[{"close_approach_date":"2194-10-10","relative_velocity":{"kilometers_per_second":"9.8834125531"},"miss_distance":{"kilometers":"30846380"}}]}]