[{"name":"277617 (2006 BT7)","estimated_diameter":{"meters":{"estimated_diameter_min":581.5070396458,"estimated_diameter_max":1300.2892700427}},"is_potentially_hazardous_asteroid":false,"close_approach_data":[{"close_approach_date":"2194-06-17","relative_velocity":{"kilometers_per_second":"22.9974111846"},"miss_distance":{"kilometers":"68904080"}}]},{"name":"464885 (2005 LS3)","estimated_diameter":{"meters":{"estimated_diameter_min":334.6223744549,"estimated_diameter_max":748.2383760735}},"is_potentially_hazardous_asteroid":false,"close_approach_data":[{"close_approach_date":"2194-06-17","relative_velocity":{"kilometers_per_second":"20.4995042063"},"miss_distance":{"kilometers":"41925428"}}]},{"name":"(2016 JN)","estimated_diameter":{"meters":{"estimated_diameter_min":55.5334911581,"estimated_diameter_max":124.1766612574}},"is_potentially_hazardous_asteroid":false,"close_approach_data":[{"close_approach_date":"2194-06-17","relative_velocity":{"kilometers_per_second":"10.8712553964"},"miss_distance":{"kilometers":"31887894"}}]},{"name":"(2013 TK4)","estimated_diameter":{"meters":{"estimated_diameter_min":42.1264610556,"estimated_diameter_max":94.1976305719}},"is_potentially_hazardous_asteroid":false,"close_approach_data":[{"close_approach_date":"2194-06-17","relative_velocity":{"kilometers_per_second":"9.2363673376"},"miss_distance":{"kilometers":"44716316"}}]}]