[{"name":"307070 (2002 AV31)","estimated_diameter":{"meters":{"estimated_diameter_min":192.5550781879,"estimated_diameter_max":430.566244241}},"is_potentially_hazardous_asteroid":false,"close_approach_data":[{"close_approach_date":"2194-12-28","relative_velocity":{"kilometers_per_second":"16.3231547969"},"miss_distance":{"kilometers":"55488932"}}]},{"name":"(2008 FS6)","estimated_diameter":{"meters":{"estimated_diameter_min":96.5061469579,"estimated_diameter_max":215.7943048444}},"is_potentially_hazardous_asteroid":false,"close_approach_data":[{"close_approach_date":"2194-12-28","relative_velocity":{"kilometers_per_second":"6.8610225351"},"miss_distance":{"kilometers":"69107664"}}]},{"name":"(2013 XZ21)","estimated_diameter":{"meters":{"estimated_diameter_min":221.0828103591,"estimated_diameter_max":494.3561926196}},"is_potentially_hazardous_asteroid":false,"close_approach_data":[{"close_approach_date":"2194-12-28","relative_velocity":{"kilometers_per_second":"16.2938395488"},"miss_distance":{"kilometers":"70563152"}}]}]