[{"name":"455299 (2002 EL6)","estimated_diameter":{"meters":{"estimated_diameter_min":667.6594134952,"estimated_diameter_max":1492.931834393}},"is_potentially_hazardous_asteroid":true,"close_approach_data":[{"close_approach_date":"2194-08-27","relative_velocity":{"kilometers_per_second":"20.4228857764"},"miss_distance":{"kilometers":"56051952"}}]},{"name":"(2015 MO11)","estimated_diameter":{"meters":{"estimated_diameter_min":265.8,"estimated_diameter_max":594.3468684194}},"is_potentially_hazardous_asteroid":false,"close_approach_data":[{"close_approach_date":"2194-08-27","relative_velocity":{"kilometers_per_second":"6.7296175071"},"miss_distance":{"kilometers":"48809876"}}]},{"name":"(2017 PX24)","estimated_diameter":{"meters":{"estimated_diameter_min":127.8659697165,"estimated_diameter_max":285.9170002951}},"is_potentially_hazardous_asteroid":false,"close_approach_data":[{"close_approach_date":"2194-08-27","relative_velocity":{"kilometers_per_second":"9.8773740313"},"miss_distance":{"kilometers":"12609778"}}]}]