[{"name":"281375 (2008 JV19)","estimated_diameter":{"meters":{"estimated_diameter_min":183.8886720703,"estimated_diameter_max":411.1875710413}},"is_potentially_hazardous_asteroid":true,"close_approach_data":[{"close_approach_date":"2194-07-21","relative_velocity":{"kilometers_per_second":"6.3542815779"},"miss_distance":{"kilometers":"31240468"}}]},{"name":"(2010 MH1)","estimated_diameter":{"meters":{"estimated_diameter_min":146.0679642714,"estimated_diameter_max":326.6178974458}},"is_potentially_hazardous_asteroid":false,"close_approach_data":[{"close_approach_date":"2194-07-21","relative_velocity":{"kilometers_per_second":"10.0479857114"},"miss_distance":{"kilometers":"62846064"}}]},{"name":"(2012 BV26)","estimated_diameter":{"meters":{"estimated_diameter_min":80.2703167283,"estimated_diameter_max":179.4898847799}},"is_potentially_hazardous_asteroid":false,"close_approach_data":[{"close_approach_date":"2194-07-21","relative_velocity":{"kilometers_per_second":"11.6827735516"},"miss_distance":{"kilometers":"49198496"}}]},{"name":"(2016 AN165)","estimated_diameter":{"meters":{"estimated_diameter_min":7.6657557353,"estimated_diameter_max":17.1411509231}},"is_potentially_hazardous_asteroid":false,"close_approach_data":[{"close_approach_date":"2194-07-21","relative_velocity":{"kilometers_per_second":"12.6456020439"},"miss_distance":{"kilometers":"11323805"}}]},{"name":"(2017 DS37)","estimated_diameter":{"meters":{"estimated_diameter_min":9.216265485,"estimated_diameter_max":20.6081961232}},"is_potentially_hazardous_asteroid":false,"close_approach_data":[{"close_approach_date":"2194-07-21","relative_velocity":{"kilometers_per_second":"6.7390367597"},"miss_distance":{"kilometers":"32109662"}}]}]