[{"name":"85640 (1998 OX4)","estimated_diameter":{"meters":{"estimated_diameter_min":160.1603379786,"estimated_diameter_max":358.1294030194}},"is_potentially_hazardous_asteroid":true,"close_approach_data":[{"close_approach_date":"2194-08-20","relative_velocity":{"kilometers_per_second":"26.0805625202"},"miss_distance":{"kilometers":"71934952"}}]},{"name":"(2011 FZ2)","estimated_diameter":{"meters":{"estimated_diameter_min":921.6265485028,"estimated_diameter_max":2060.8196123208}},"is_potentially_hazardous_asteroid":false,"close_approach_data":[{"close_approach_date":"2194-08-20","relative_velocity":{"kilometers_per_second":"24.4009385432"},"miss_distance":{"kilometers":"71434328"}}]},{"name":"(2014 FO38)","estimated_diameter":{"meters":{"estimated_diameter_min":14.6067964271,"estimated_diameter_max":32.6617897446}},"is_potentially_hazardous_asteroid":false,"close_approach_data":[{"close_approach_date":"2194-08-20","relative_velocity":{"kilometers_per_second":"16.5753061207"},"miss_distance":{"kilometers":"74021720"}}]},{"name":"(2015 WZ12)","estimated_diameter":{"meters":{"estimated_diameter_min":14.6067964271,"estimated_diameter_max":32.6617897446}},"is_potentially_hazardous_asteroid":false,"close_approach_data":[{"close_approach_date":"2194-08-20","relative_velocity":{"kilometers_per_second":"8.7842228985"},"miss_distance":{"kilometers":"63680004"}}]}]