[{"name":"(2006 AK8)","estimated_diameter":{"meters":{"estimated_diameter_min":152.9519353442,"estimated_diameter_max":342.0109247198}},"is_potentially_hazardous_asteroid":false,"close_approach_data":[{"close_approach_date":"2194-01-17","relative_velocity":{"kilometers_per_second":"21.8393579847"},"miss_distance":{"kilometers":"70628120"}}]},{"name":"(2008 OO)","estimated_diameter":{"meters":{"estimated_diameter_min":305.1792325939,"estimated_diameter_max":682.4015094011}},"is_potentially_hazardous_asteroid":true,"close_approach_data":[{"close_approach_date":"2194-01-17","relative_velocity":{"kilometers_per_second":"21.5691348515"},"miss_distance":{"kilometers":"4505112"}}]},{"name":"(2010 BB3)","estimated_diameter":{"meters":{"estimated_diameter_min":242.4124811008,"estimated_diameter_max":542.0507863358}},"is_potentially_hazardous_asteroid":false,"close_approach_data":[{"close_approach_date":"2194-01-17","relative_velocity":{"kilometers_per_second":"5.3431521198"},"miss_distance":{"kilometers":"47726332"}}]},{"name":"(2011 GZ54)","estimated_diameter":{"meters":{"estimated_diameter_min":105.8168859331,"estimated_diameter_max":236.6137501138}},"is_potentially_hazardous_asteroid":false,"close_approach_data":[{"close_approach_date":"2194-01-17","relative_velocity":{"kilometers_per_second":"6.0672660139"},"miss_distance":{"kilometers":"70353048"}}]},{"name":"(2014 TX57)","estimated_diameter":{"meters":{"estimated_diameter_min":152.9519353442,"estimated_diameter_max":342.0109247198}},"is_potentially_hazardous_asteroid":false,"close_approach_data":[{"close_approach_date":"2194-01-17","relative_velocity":{"kilometers_per_second":"13.6378676276"},"miss_distance":{"kilometers":"52548776"}}]},{"name":"469929 (2006 AK8)","estimated_diameter":{"meters":{"estimated_diameter_min":167.7084621628,"estimated_diameter_max":375.0075217981}},"is_potentially_hazardous_asteroid":false,"close_approach_data":[{"close_approach_date":"2194-01-17","relative_velocity":{"kilometers_per_second":"21.8393305849"},"miss_distance":{"kilometers":"70627872"}}]},{"name":"(2012 EY11)","estimated_diameter":{"meters":{"estimated_diameter_min":110.8038821264,"estimated_diameter_max":247.7650126055}},"is_potentially_hazardous_asteroid":true,"close_approach_data":[{"close_approach_date":"2194-01-17","relative_velocity":{"kilometers_per_second":"16.1484804073"},"miss_distance":{"kilometers":"67723192"}}]}]