[{"name":"17274 (2000 LC16)","estimated_diameter":{"meters":{"estimated_diameter_min":1272.1987853936,"estimated_diameter_max":2844.7229650327}},"is_potentially_hazardous_asteroid":false,"close_approach_data":[{"close_approach_date":"2194-07-30","relative_velocity":{"kilometers_per_second":"14.4471070804"},"miss_distance":{"kilometers":"73992864"}}]},{"name":"387816 (2004 FM17)","estimated_diameter":{"meters":{"estimated_diameter_min":334.6223744549,"estimated_diameter_max":748.2383760735}},"is_potentially_hazardous_asteroid":false,"close_approach_data":[{"close_approach_date":"2194-07-30","relative_velocity":{"kilometers_per_second":"8.4197448025"},"miss_distance":{"kilometers":"42982000"}}]},{"name":"(2002 XC91)","estimated_diameter":{"meters":{"estimated_diameter_min":305.1792325939,"estimated_diameter_max":682.4015094011}},"is_potentially_hazardous_asteroid":false,"close_approach_data":[{"close_approach_date":"2194-07-30","relative_velocity":{"kilometers_per_second":"18.5121515354"},"miss_distance":{"kilometers":"59091976"}}]},{"name":"(2005 XT77)","estimated_diameter":{"meters":{"estimated_diameter_min":152.9519353442,"estimated_diameter_max":342.0109247198}},"is_potentially_hazardous_asteroid":true,"close_approach_data":[{"close_approach_date":"2194-07-30","relative_velocity":{"kilometers_per_second":"12.3630908156"},"miss_distance":{"kilometers":"50918676"}}]},{"name":"(2010 CF19)","estimated_diameter":{"meters":{"estimated_diameter_min":121.4940407996,"estimated_diameter_max":271.6689340891}},"is_potentially_hazardous_asteroid":true,"close_approach_data":[{"close_approach_date":"2194-07-30","relative_velocity":{"kilometers_per_second":"5.9954925257"},"miss_distance":{"kilometers":"51299228"}}]},{"name":"(2017 PM26)","estimated_diameter":{"meters":{"estimated_diameter_min":150.3678453243,"estimated_diameter_max":336.2327237754}},"is_potentially_hazardous_asteroid":false,"close_approach_data":[{"close_approach_date":"2194-07-30","relative_velocity":{"kilometers_per_second":"23.0121541901"},"miss_distance":{"kilometers":"48502136"}}]}]