[{"name":"141018 (2001 WC47)","estimated_diameter":{"meters":{"estimated_diameter_min":441.1181999969,"estimated_diameter_max":986.3702813054}},"is_potentially_hazardous_asteroid":false,"close_approach_data":[{"close_approach_date":"2194-03-16","relative_velocity":{"kilometers_per_second":"10.2181906577"},"miss_distance":{"kilometers":"46873208"}}]},{"name":"162120 (1998 SH36)","estimated_diameter":{"meters":{"estimated_diameter_min":201.6299194428,"estimated_diameter_max":450.8582061718}},"is_potentially_hazardous_asteroid":true,"close_approach_data":[{"close_approach_date":"2194-03-16","relative_velocity":{"kilometers_per_second":"20.4811135854"},"miss_distance":{"kilometers":"72490848"}}]},{"name":"302010 (2000 SH8)","estimated_diameter":{"meters":{"estimated_diameter_min":483.6764882185,"estimated_diameter_max":1081.533506775}},"is_potentially_hazardous_asteroid":false,"close_approach_data":[{"close_approach_date":"2194-03-16","relative_velocity":{"kilometers_per_second":"28.1071867471"},"miss_distance":{"kilometers":"47588304"}}]},{"name":"(2012 BC20)","estimated_diameter":{"meters":{"estimated_diameter_min":483.6764882185,"estimated_diameter_max":1081.533506775}},"is_potentially_hazardous_asteroid":false,"close_approach_data":[{"close_approach_date":"2194-03-16","relative_velocity":{"kilometers_per_second":"20.7962206067"},"miss_distance":{"kilometers":"74188304"}}]},{"name":"(2014 BX32)","estimated_diameter":{"meters":{"estimated_diameter_min":133.2155666981,"estimated_diameter_max":297.8790627982}},"is_potentially_hazardous_asteroid":false,"close_approach_data":[{"close_approach_date":"2194-03-16","relative_velocity":{"kilometers_per_second":"7.4731157006"},"miss_distance":{"kilometers":"42974868"}}]},{"name":"(2014 FZ6)","estimated_diameter":{"meters":{"estimated_diameter_min":30.5179232594,"estimated_diameter_max":68.2401509401}},"is_potentially_hazardous_asteroid":false,"close_approach_data":[{"close_approach_date":"2194-03-16","relative_velocity":{"kilometers_per_second":"7.7286744445"},"miss_distance":{"kilometers":"18728276"}}]},{"name":"(2014 FO47)","estimated_diameter":{"meters":{"estimated_diameter_min":231.5021222103,"estimated_diameter_max":517.6544821978}},"is_potentially_hazardous_asteroid":true,"close_approach_data":[{"close_approach_date":"2194-03-16","relative_velocity":{"kilometers_per_second":"11.0654445715"},"miss_distance":{"kilometers":"26695928"}}]},{"name":"500094 (2012 BC20)","estimated_diameter":{"meters":{"estimated_diameter_min":483.6764882185,"estimated_diameter_max":1081.533506775}},"is_potentially_hazardous_asteroid":false,"close_approach_data":[{"close_approach_date":"2194-03-16","relative_velocity":{"kilometers_per_second":"20.7963633873"},"miss_distance":{"kilometers":"74189040"}}]},{"name":"(2016 SL3)","estimated_diameter":{"meters":{"estimated_diameter_min":26.58,"estimated_diameter_max":59.4346868419}},"is_potentially_hazardous_asteroid":false,"close_approach_data":[{"close_approach_date":"2194-03-16","relative_velocity":{"kilometers_per_second":"7.2383142325"},"miss_distance":{"kilometers":"19969964"}}]}]