[{"name":"209215 (2003 WP25)","estimated_diameter":{"meters":{"estimated_diameter_min":38.4197891064,"estimated_diameter_max":85.9092601232}},"is_potentially_hazardous_asteroid":false,"close_approach_data":[{"close_approach_date":"2194-11-16","relative_velocity":{"kilometers_per_second":"3.5375068872"},"miss_distance":{"kilometers":"16608736"}}]},{"name":"368184 (2000 RN77)","estimated_diameter":{"meters":{"estimated_diameter_min":334.6223744549,"estimated_diameter_max":748.2383760735}},"is_potentially_hazardous_asteroid":false,"close_approach_data":[{"close_approach_date":"2194-11-16","relative_velocity":{"kilometers_per_second":"15.4541616797"},"miss_distance":{"kilometers":"47930208"}}]},{"name":"374855 (2006 VQ13)","estimated_diameter":{"meters":{"estimated_diameter_min":265.8,"estimated_diameter_max":594.3468684194}},"is_potentially_hazardous_asteroid":true,"close_approach_data":[{"close_approach_date":"2194-11-16","relative_velocity":{"kilometers_per_second":"16.4423693954"},"miss_distance":{"kilometers":"887392.5625"}}]},{"name":"(2005 TE45)","estimated_diameter":{"meters":{"estimated_diameter_min":58.1507039646,"estimated_diameter_max":130.0289270043}},"is_potentially_hazardous_asteroid":false,"close_approach_data":[{"close_approach_date":"2194-11-16","relative_velocity":{"kilometers_per_second":"6.1038474094"},"miss_distance":{"kilometers":"30469404"}}]},{"name":"(2009 WR25)","estimated_diameter":{"meters":{"estimated_diameter_min":127.2198785394,"estimated_diameter_max":284.4722965033}},"is_potentially_hazardous_asteroid":false,"close_approach_data":[{"close_approach_date":"2194-11-16","relative_velocity":{"kilometers_per_second":"20.8451358367"},"miss_distance":{"kilometers":"17298666"}}]},{"name":"(2011 OB57)","estimated_diameter":{"meters":{"estimated_diameter_min":16.7708462163,"estimated_diameter_max":37.5007521798}},"is_potentially_hazardous_asteroid":false,"close_approach_data":[{"close_approach_date":"2194-11-16","relative_velocity":{"kilometers_per_second":"5.0427377158"},"miss_distance":{"kilometers":"15080628"}}]},{"name":"(2015 VB1)","estimated_diameter":{"meters":{"estimated_diameter_min":50.6471458835,"estimated_diameter_max":113.2504610618}},"is_potentially_hazardous_asteroid":false,"close_approach_data":[{"close_approach_date":"2194-11-16","relative_velocity":{"kilometers_per_second":"10.975486558"},"miss_distance":{"kilometers":"20743936"}}]},{"name":"(2016 DB1)","estimated_diameter":{"meters":{"estimated_diameter_min":13.3215566698,"estimated_diameter_max":29.7879062798}},"is_potentially_hazardous_asteroid":false,"close_approach_data":[{"close_approach_date":"2194-11-16","relative_velocity":{"kilometers_per_second":"14.5469124739"},"miss_distance":{"kilometers":"64951056"}}]}]