[{"name":"6489 Golevka (1991 JX)","estimated_diameter":{"meters":{"estimated_diameter_min":384.1978910643,"estimated_diameter_max":859.0926012318}},"is_potentially_hazardous_asteroid":true,"close_approach_data":[{"close_approach_date":"2194-07-12","relative_velocity":{"kilometers_per_second":"7.2575096535"},"miss_distance":{"kilometers":"8953275"}}]},{"name":"(2011 OB)","estimated_diameter":{"meters":{"estimated_diameter_min":366.9061375314,"estimated_diameter_max":820.4270648822}},"is_potentially_hazardous_asteroid":true,"close_approach_data":[{"close_approach_date":"2194-07-12","relative_velocity":{"kilometers_per_second":"20.8142208878"},"miss_distance":{"kilometers":"5979856"}}]},{"name":"(2014 MK6)","estimated_diameter":{"meters":{"estimated_diameter_min":167.7084621628,"estimated_diameter_max":375.0075217981}},"is_potentially_hazardous_asteroid":false,"close_approach_data":[{"close_approach_date":"2194-07-12","relative_velocity":{"kilometers_per_second":"2.9180496929"},"miss_distance":{"kilometers":"52265764"}}]}]