[{"name":"137170 (1999 HF1)","estimated_diameter":{"meters":{"estimated_diameter_min":3195.6188672131,"estimated_diameter_max":7145.6210172693}},"is_potentially_hazardous_asteroid":false,"close_approach_data":[{"close_approach_date":"2194-03-09","relative_velocity":{"kilometers_per_second":"16.7686651292"},"miss_distance":{"kilometers":"29277818"}}]},{"name":"(2006 VW2)","estimated_diameter":{"meters":{"estimated_diameter_min":152.9519353442,"estimated_diameter_max":342.0109247198}},"is_potentially_hazardous_asteroid":true,"close_approach_data":[{"close_approach_date":"2194-03-09","relative_velocity":{"kilometers_per_second":"7.0889529611"},"miss_distance":{"kilometers":"28220380"}}]},{"name":"(2013 RU5)","estimated_diameter":{"meters":{"estimated_diameter_min":221.0828103591,"estimated_diameter_max":494.3561926196}},"is_potentially_hazardous_asteroid":false,"close_approach_data":[{"close_approach_date":"2194-03-09","relative_velocity":{"kilometers_per_second":"30.6403321504"},"miss_distance":{"kilometers":"49540624"}}]},{"name":"506732 (2006 VW2)","estimated_diameter":{"meters":{"estimated_diameter_min":152.9519353442,"estimated_diameter_max":342.0109247198}},"is_potentially_hazardous_asteroid":true,"close_approach_data":[{"close_approach_date":"2194-03-09","relative_velocity":{"kilometers_per_second":"7.0888846563"},"miss_distance":{"kilometers":"28220548"}}]}]