[{"name":"162149 (1998 YQ11)","estimated_diameter":{"meters":{"estimated_diameter_min":921.6265485028,"estimated_diameter_max":2060.8196123208}},"is_potentially_hazardous_asteroid":false,"close_approach_data":[{"close_approach_date":"2194-01-22","relative_velocity":{"kilometers_per_second":"12.7741361005"},"miss_distance":{"kilometers":"66977428"}}]},{"name":"454094 (2013 BZ45)","estimated_diameter":{"meters":{"estimated_diameter_min":110.8038821264,"estimated_diameter_max":247.7650126055}},"is_potentially_hazardous_asteroid":true,"close_approach_data":[{"close_approach_date":"2194-01-22","relative_velocity":{"kilometers_per_second":"20.3331871586"},"miss_distance":{"kilometers":"72336200"}}]}]