[{"name":"436037 (2009 NJ)","estimated_diameter":{"meters":{"estimated_diameter_min":506.4714588346,"estimated_diameter_max":1132.5046106177}},"is_potentially_hazardous_asteroid":false,"close_approach_data":[{"close_approach_date":"2194-01-16","relative_velocity":{"kilometers_per_second":"21.6984553383"},"miss_distance":{"kilometers":"18893762"}}]},{"name":"(2006 SE6)","estimated_diameter":{"meters":{"estimated_diameter_min":73.2073989347,"estimated_diameter_max":163.696720474}},"is_potentially_hazardous_asteroid":false,"close_approach_data":[{"close_approach_date":"2194-01-16","relative_velocity":{"kilometers_per_second":"12.2245817738"},"miss_distance":{"kilometers":"58824404"}}]},{"name":"(2010 PM58)","estimated_diameter":{"meters":{"estimated_diameter_min":175.6123184804,"estimated_diameter_max":392.6810818086}},"is_potentially_hazardous_asteroid":false,"close_approach_data":[{"close_approach_date":"2194-01-16","relative_velocity":{"kilometers_per_second":"8.5115381635"},"miss_distance":{"kilometers":"50491512"}}]},{"name":"(2015 AB)","estimated_diameter":{"meters":{"estimated_diameter_min":253.8370293645,"estimated_diameter_max":567.5968528656}},"is_potentially_hazardous_asteroid":false,"close_approach_data":[{"close_approach_date":"2194-01-16","relative_velocity":{"kilometers_per_second":"3.8698128851"},"miss_distance":{"kilometers":"70295704"}}]},{"name":"(2015 AW16)","estimated_diameter":{"meters":{"estimated_diameter_min":121.4940407996,"estimated_diameter_max":271.6689340891}},"is_potentially_hazardous_asteroid":false,"close_approach_data":[{"close_approach_date":"2194-01-16","relative_velocity":{"kilometers_per_second":"20.9289264689"},"miss_distance":{"kilometers":"61231524"}}]},{"name":"(2015 BE513)","estimated_diameter":{"meters":{"estimated_diameter_min":101.054341542,"estimated_diameter_max":225.9643771094}},"is_potentially_hazardous_asteroid":false,"close_approach_data":[{"close_approach_date":"2194-01-16","relative_velocity":{"kilometers_per_second":"8.4529275637"},"miss_distance":{"kilometers":"29791006"}}]},{"name":"(2015 YP10)","estimated_diameter":{"meters":{"estimated_diameter_min":242.4124811008,"estimated_diameter_max":542.0507863358}},"is_potentially_hazardous_asteroid":false,"close_approach_data":[{"close_approach_date":"2194-01-16","relative_velocity":{"kilometers_per_second":"13.9196030606"},"miss_distance":{"kilometers":"28892826"}}]},{"name":"(2017 CX31)","estimated_diameter":{"meters":{"estimated_diameter_min":25.3837029364,"estimated_diameter_max":56.7596852866}},"is_potentially_hazardous_asteroid":false,"close_approach_data":[{"close_approach_date":"2194-01-16","relative_velocity":{"kilometers_per_second":"10.473364254"},"miss_distance":{"kilometers":"16562033"}}]},{"name":"(2018 BX1)","estimated_diameter":{"meters":{"estimated_diameter_min":48.3453798244,"estimated_diameter_max":108.1035556855}},"is_potentially_hazardous_asteroid":false,"close_approach_data":[{"close_approach_date":"2194-01-16","relative_velocity":{"kilometers_per_second":"18.8146181803"},"miss_distance":{"kilometers":"16819832"}}]}]