[{"name":"438902 (2009 WF104)","estimated_diameter":{"meters":{"estimated_diameter_min":921.6265485028,"estimated_diameter_max":2060.8196123208}},"is_potentially_hazardous_asteroid":false,"close_approach_data":[{"close_approach_date":"2194-02-06","relative_velocity":{"kilometers_per_second":"15.9237475309"},"miss_distance":{"kilometers":"69042384"}}]},{"name":"(2002 BA1)","estimated_diameter":{"meters":{"estimated_diameter_min":133.2155666981,"estimated_diameter_max":297.8790627982}},"is_potentially_hazardous_asteroid":false,"close_approach_data":[{"close_approach_date":"2194-02-06","relative_velocity":{"kilometers_per_second":"1.3499465216"},"miss_distance":{"kilometers":"73728840"}}]}]