[{"name":"(2016 XK18)","estimated_diameter":{"meters":{"estimated_diameter_min":33.4622374455,"estimated_diameter_max":74.8238376074}},"is_potentially_hazardous_asteroid":false,"close_approach_data":[{"close_approach_date":"2194-02-09","relative_velocity":{"kilometers_per_second":"14.335776756"},"miss_distance":{"kilometers":"34844748"}}]},{"name":"(2016 YN1)","estimated_diameter":{"meters":{"estimated_diameter_min":50.6471458835,"estimated_diameter_max":113.2504610618}},"is_potentially_hazardous_asteroid":false,"close_approach_data":[{"close_approach_date":"2194-02-09","relative_velocity":{"kilometers_per_second":"5.8956335533"},"miss_distance":{"kilometers":"11591697"}}]},{"name":"(2014 FP)","estimated_diameter":{"meters":{"estimated_diameter_min":88.0146520901,"estimated_diameter_max":196.8067450894}},"is_potentially_hazardous_asteroid":false,"close_approach_data":[{"close_approach_date":"2194-02-09","relative_velocity":{"kilometers_per_second":"8.5185362943"},"miss_distance":{"kilometers":"73376224"}}]}]