[{"name":"(2003 YJ)","estimated_diameter":{"meters":{"estimated_diameter_min":231.5021222103,"estimated_diameter_max":517.6544821978}},"is_potentially_hazardous_asteroid":false,"close_approach_data":[{"close_approach_date":"2194-11-21","relative_velocity":{"kilometers_per_second":"11.8493456561"},"miss_distance":{"kilometers":"44325888"}}]},{"name":"(2005 JU81)","estimated_diameter":{"meters":{"estimated_diameter_min":121.4940407996,"estimated_diameter_max":271.6689340891}},"is_potentially_hazardous_asteroid":true,"close_approach_data":[{"close_approach_date":"2194-11-21","relative_velocity":{"kilometers_per_second":"10.7591278798"},"miss_distance":{"kilometers":"11314755"}}]},{"name":"(2013 TK4)","estimated_diameter":{"meters":{"estimated_diameter_min":42.1264610556,"estimated_diameter_max":94.1976305719}},"is_potentially_hazardous_asteroid":false,"close_approach_data":[{"close_approach_date":"2194-11-21","relative_velocity":{"kilometers_per_second":"6.7478841201"},"miss_distance":{"kilometers":"28389620"}}]},{"name":"(2015 TW237)","estimated_diameter":{"meters":{"estimated_diameter_min":60.8912622106,"estimated_diameter_max":136.1570015386}},"is_potentially_hazardous_asteroid":false,"close_approach_data":[{"close_approach_date":"2194-11-21","relative_velocity":{"kilometers_per_second":"12.9281283442"},"miss_distance":{"kilometers":"48095484"}}]}]