[{"name":"85709 (1998 SG36)","estimated_diameter":{"meters":{"estimated_diameter_min":1756.1231848042,"estimated_diameter_max":3926.8108180856}},"is_potentially_hazardous_asteroid":false,"close_approach_data":[{"close_approach_date":"2194-03-25","relative_velocity":{"kilometers_per_second":"18.0185730458"},"miss_distance":{"kilometers":"47633116"}}]},{"name":"425713 (2011 BK24)","estimated_diameter":{"meters":{"estimated_diameter_min":319.5618867213,"estimated_diameter_max":714.5621017269}},"is_potentially_hazardous_asteroid":false,"close_approach_data":[{"close_approach_date":"2194-03-25","relative_velocity":{"kilometers_per_second":"4.6063734737"},"miss_distance":{"kilometers":"46241804"}}]},{"name":"427684 (2004 DH2)","estimated_diameter":{"meters":{"estimated_diameter_min":242.4124811008,"estimated_diameter_max":542.0507863358}},"is_potentially_hazardous_asteroid":false,"close_approach_data":[{"close_approach_date":"2194-03-25","relative_velocity":{"kilometers_per_second":"13.2603394161"},"miss_distance":{"kilometers":"61965364"}}]},{"name":"(2011 EB12)","estimated_diameter":{"meters":{"estimated_diameter_min":146.0679642714,"estimated_diameter_max":326.6178974458}},"is_potentially_hazardous_asteroid":false,"close_approach_data":[{"close_approach_date":"2194-03-25","relative_velocity":{"kilometers_per_second":"17.8846922851"},"miss_distance":{"kilometers":"57710064"}}]},{"name":"(2015 SY16)","estimated_diameter":{"meters":{"estimated_diameter_min":127.2198785394,"estimated_diameter_max":284.4722965033}},"is_potentially_hazardous_asteroid":true,"close_approach_data":[{"close_approach_date":"2194-03-25","relative_velocity":{"kilometers_per_second":"10.756324363"},"miss_distance":{"kilometers":"43451320"}}]}]