[{"name":"(1983 LC)","estimated_diameter":{"meters":{"estimated_diameter_min":366.9061375314,"estimated_diameter_max":820.4270648822}},"is_potentially_hazardous_asteroid":true,"close_approach_data":[{"close_approach_date":"2194-06-10","relative_velocity":{"kilometers_per_second":"29.352790677"},"miss_distance":{"kilometers":"60172108"}}]},{"name":"(1999 VR6)","estimated_diameter":{"meters":{"estimated_diameter_min":183.8886720703,"estimated_diameter_max":411.1875710413}},"is_potentially_hazardous_asteroid":true,"close_approach_data":[{"close_approach_date":"2194-06-10","relative_velocity":{"kilometers_per_second":"31.9076740096"},"miss_distance":{"kilometers":"47550380"}}]},{"name":"(2011 BO59)","estimated_diameter":{"meters":{"estimated_diameter_min":152.9519353442,"estimated_diameter_max":342.0109247198}},"is_potentially_hazardous_asteroid":true,"close_approach_data":[{"close_approach_date":"2194-06-10","relative_velocity":{"kilometers_per_second":"13.1942524042"},"miss_distance":{"kilometers":"30233694"}}]}]