[{"name":"326683 (2002 WP)","estimated_diameter":{"meters":{"estimated_diameter_min":555.334911581,"estimated_diameter_max":1241.766612574}},"is_potentially_hazardous_asteroid":false,"close_approach_data":[{"close_approach_date":"2194-12-04","relative_velocity":{"kilometers_per_second":"11.2951534675"},"miss_distance":{"kilometers":"45964324"}}]},{"name":"(2015 QE9)","estimated_diameter":{"meters":{"estimated_diameter_min":334.6223744549,"estimated_diameter_max":748.2383760735}},"is_potentially_hazardous_asteroid":false,"close_approach_data":[{"close_approach_date":"2194-12-04","relative_velocity":{"kilometers_per_second":"2.8933988857"},"miss_distance":{"kilometers":"57121504"}}]},{"name":"503274 (2015 QE9)","estimated_diameter":{"meters":{"estimated_diameter_min":334.6223744549,"estimated_diameter_max":748.2383760735}},"is_potentially_hazardous_asteroid":false,"close_approach_data":[{"close_approach_date":"2194-12-04","relative_velocity":{"kilometers_per_second":"2.8934121311"},"miss_distance":{"kilometers":"57121448"}}]}]