[{"name":"350523 (2000 EA14)","estimated_diameter":{"meters":{"estimated_diameter_min":160.1603379786,"estimated_diameter_max":358.1294030194}},"is_potentially_hazardous_asteroid":true,"close_approach_data":[{"close_approach_date":"2194-07-06","relative_velocity":{"kilometers_per_second":"4.6531833233"},"miss_distance":{"kilometers":"38060692"}}]},{"name":"396793 (2004 JN2)","estimated_diameter":{"meters":{"estimated_diameter_min":253.8370293645,"estimated_diameter_max":567.5968528656}},"is_potentially_hazardous_asteroid":false,"close_approach_data":[{"close_approach_date":"2194-07-06","relative_velocity":{"kilometers_per_second":"17.4010772193"},"miss_distance":{"kilometers":"44895852"}}]},{"name":"(2002 LT24)","estimated_diameter":{"meters":{"estimated_diameter_min":101.054341542,"estimated_diameter_max":225.9643771094}},"is_potentially_hazardous_asteroid":true,"close_approach_data":[{"close_approach_date":"2194-07-06","relative_velocity":{"kilometers_per_second":"24.5559448233"},"miss_distance":{"kilometers":"63166220"}}]},{"name":"469445 (2002 LT24)","estimated_diameter":{"meters":{"estimated_diameter_min":101.054341542,"estimated_diameter_max":225.9643771094}},"is_potentially_hazardous_asteroid":true,"close_approach_data":[{"close_approach_date":"2194-07-06","relative_velocity":{"kilometers_per_second":"24.5559424258"},"miss_distance":{"kilometers":"63166212"}}]}]