[{"name":"(2007 VD12)","estimated_diameter":{"meters":{"estimated_diameter_min":265.8,"estimated_diameter_max":594.3468684194}},"is_potentially_hazardous_asteroid":true,"close_approach_data":[{"close_approach_date":"2194-05-24","relative_velocity":{"kilometers_per_second":"14.8281677726"},"miss_distance":{"kilometers":"8840145"}}]},{"name":"(2014 GF50)","estimated_diameter":{"meters":{"estimated_diameter_min":192.5550781879,"estimated_diameter_max":430.566244241}},"is_potentially_hazardous_asteroid":false,"close_approach_data":[{"close_approach_date":"2194-05-24","relative_velocity":{"kilometers_per_second":"4.0968199937"},"miss_distance":{"kilometers":"55763460"}}]},{"name":"(2017 FU90)","estimated_diameter":{"meters":{"estimated_diameter_min":23.5697500293,"estimated_diameter_max":52.7035632782}},"is_potentially_hazardous_asteroid":false,"close_approach_data":[{"close_approach_date":"2194-05-24","relative_velocity":{"kilometers_per_second":"23.9888441637"},"miss_distance":{"kilometers":"28840690"}}]}]