[{"name":"(2008 LA)","estimated_diameter":{"meters":{"estimated_diameter_min":63.7609789875,"estimated_diameter_max":142.5738833281}},"is_potentially_hazardous_asteroid":false,"close_approach_data":[{"close_approach_date":"2194-06-19","relative_velocity":{"kilometers_per_second":"11.6495667507"},"miss_distance":{"kilometers":"7483017.5"}}]},{"name":"(2008 WQ63)","estimated_diameter":{"meters":{"estimated_diameter_min":253.8370293645,"estimated_diameter_max":567.5968528656}},"is_potentially_hazardous_asteroid":true,"close_approach_data":[{"close_approach_date":"2194-06-19","relative_velocity":{"kilometers_per_second":"15.4112589896"},"miss_distance":{"kilometers":"8618922"}}]},{"name":"277830 (2006 HR29)","estimated_diameter":{"meters":{"estimated_diameter_min":192.5550781879,"estimated_diameter_max":430.566244241}},"is_potentially_hazardous_asteroid":false,"close_approach_data":[{"close_approach_date":"2194-06-19","relative_velocity":{"kilometers_per_second":"7.3901649266"},"miss_distance":{"kilometers":"38362652"}}]}]