[{"name":"380524 (2004 GY)","estimated_diameter":{"meters":{"estimated_diameter_min":253.8370293645,"estimated_diameter_max":567.5968528656}},"is_potentially_hazardous_asteroid":false,"close_approach_data":[{"close_approach_date":"2194-05-11","relative_velocity":{"kilometers_per_second":"14.0304993037"},"miss_distance":{"kilometers":"41886356"}}]},{"name":"457212 (2008 JR26)","estimated_diameter":{"meters":{"estimated_diameter_min":278.3267680719,"estimated_diameter_max":622.3575733667}},"is_potentially_hazardous_asteroid":false,"close_approach_data":[{"close_approach_date":"2194-05-11","relative_velocity":{"kilometers_per_second":"9.3639062066"},"miss_distance":{"kilometers":"66256728"}}]},{"name":"(2004 XM29)","estimated_diameter":{"meters":{"estimated_diameter_min":69.9125232246,"estimated_diameter_max":156.3291544087}},"is_potentially_hazardous_asteroid":false,"close_approach_data":[{"close_approach_date":"2194-05-11","relative_velocity":{"kilometers_per_second":"16.5561488471"},"miss_distance":{"kilometers":"9599295"}}]},{"name":"(2012 DL31)","estimated_diameter":{"meters":{"estimated_diameter_min":73.2073989347,"estimated_diameter_max":163.696720474}},"is_potentially_hazardous_asteroid":false,"close_approach_data":[{"close_approach_date":"2194-05-11","relative_velocity":{"kilometers_per_second":"19.0184815294"},"miss_distance":{"kilometers":"65934772"}}]},{"name":"(2015 AH)","estimated_diameter":{"meters":{"estimated_diameter_min":133.2155666981,"estimated_diameter_max":297.8790627982}},"is_potentially_hazardous_asteroid":true,"close_approach_data":[{"close_approach_date":"2194-05-11","relative_velocity":{"kilometers_per_second":"9.8081616062"},"miss_distance":{"kilometers":"24457082"}}]},{"name":"(2016 AL8)","estimated_diameter":{"meters":{"estimated_diameter_min":183.8886720703,"estimated_diameter_max":411.1875710413}},"is_potentially_hazardous_asteroid":true,"close_approach_data":[{"close_approach_date":"2194-05-11","relative_velocity":{"kilometers_per_second":"18.2018225717"},"miss_distance":{"kilometers":"63353892"}}]}]