[{"name":"(2016 LU47)","estimated_diameter":{"meters":{"estimated_diameter_min":60.8912622106,"estimated_diameter_max":136.1570015386}},"is_potentially_hazardous_asteroid":false,"close_approach_data":[{"close_approach_date":"2194-09-18","relative_velocity":{"kilometers_per_second":"15.379419413"},"miss_distance":{"kilometers":"58126836"}}]},{"name":"(2013 GY7)","estimated_diameter":{"meters":{"estimated_diameter_min":231.5021222103,"estimated_diameter_max":517.6544821978}},"is_potentially_hazardous_asteroid":true,"close_approach_data":[{"close_approach_date":"2194-09-18","relative_velocity":{"kilometers_per_second":"17.120820553"},"miss_distance":{"kilometers":"67027204"}}]},{"name":"(2014 EH45)","estimated_diameter":{"meters":{"estimated_diameter_min":73.2073989347,"estimated_diameter_max":163.696720474}},"is_potentially_hazardous_asteroid":false,"close_approach_data":[{"close_approach_date":"2194-09-18","relative_velocity":{"kilometers_per_second":"12.4498467231"},"miss_distance":{"kilometers":"17198996"}}]},{"name":"(2016 SP2)","estimated_diameter":{"meters":{"estimated_diameter_min":40.2304579834,"estimated_diameter_max":89.9580388169}},"is_potentially_hazardous_asteroid":false,"close_approach_data":[{"close_approach_date":"2194-09-18","relative_velocity":{"kilometers_per_second":"7.2332983155"},"miss_distance":{"kilometers":"28038850"}}]}]