[{"name":"(2006 AL3)","estimated_diameter":{"meters":{"estimated_diameter_min":278.3267680719,"estimated_diameter_max":622.3575733667}},"is_potentially_hazardous_asteroid":false,"close_approach_data":[{"close_approach_date":"2194-10-22","relative_velocity":{"kilometers_per_second":"4.6224098508"},"miss_distance":{"kilometers":"62057356"}}]},{"name":"(2011 PU1)","estimated_diameter":{"meters":{"estimated_diameter_min":20.1629919443,"estimated_diameter_max":45.0858206172}},"is_potentially_hazardous_asteroid":false,"close_approach_data":[{"close_approach_date":"2194-10-22","relative_velocity":{"kilometers_per_second":"6.8936292307"},"miss_distance":{"kilometers":"70236792"}}]},{"name":"(2012 UK171)","estimated_diameter":{"meters":{"estimated_diameter_min":33.4622374455,"estimated_diameter_max":74.8238376074}},"is_potentially_hazardous_asteroid":false,"close_approach_data":[{"close_approach_date":"2194-10-22","relative_velocity":{"kilometers_per_second":"11.022837399"},"miss_distance":{"kilometers":"25027404"}}]},{"name":"(2017 MZ3)","estimated_diameter":{"meters":{"estimated_diameter_min":90.23083505,"estimated_diameter_max":201.7622808384}},"is_potentially_hazardous_asteroid":false,"close_approach_data":[{"close_approach_date":"2194-10-22","relative_velocity":{"kilometers_per_second":"10.3757903179"},"miss_distance":{"kilometers":"66608640"}}]}]