[{"name":"(2011 RF)","estimated_diameter":{"meters":{"estimated_diameter_min":211.1324447897,"estimated_diameter_max":472.1064988055}},"is_potentially_hazardous_asteroid":false,"close_approach_data":[{"close_approach_date":"2194-07-22","relative_velocity":{"kilometers_per_second":"2.6661670085"},"miss_distance":{"kilometers":"62783256"}}]},{"name":"(2016 AM131)","estimated_diameter":{"meters":{"estimated_diameter_min":291.4439045349,"estimated_diameter_max":651.6883821679}},"is_potentially_hazardous_asteroid":false,"close_approach_data":[{"close_approach_date":"2194-07-22","relative_velocity":{"kilometers_per_second":"20.0110377447"},"miss_distance":{"kilometers":"25929596"}}]},{"name":"(2017 MZ3)","estimated_diameter":{"meters":{"estimated_diameter_min":90.23083505,"estimated_diameter_max":201.7622808384}},"is_potentially_hazardous_asteroid":false,"close_approach_data":[{"close_approach_date":"2194-07-22","relative_velocity":{"kilometers_per_second":"12.1982247715"},"miss_distance":{"kilometers":"68307856"}}]}]