[{"name":"5381 Sekhmet (1991 JY)","estimated_diameter":{"meters":{"estimated_diameter_min":1272.1987853936,"estimated_diameter_max":2844.7229650327}},"is_potentially_hazardous_asteroid":false,"close_approach_data":[{"close_approach_date":"2194-12-15","relative_velocity":{"kilometers_per_second":"30.3994499408"},"miss_distance":{"kilometers":"64380992"}}]},{"name":"202683 (2006 US216)","estimated_diameter":{"meters":{"estimated_diameter_min":291.4439045349,"estimated_diameter_max":651.6883821679}},"is_potentially_hazardous_asteroid":true,"close_approach_data":[{"close_approach_date":"2194-12-15","relative_velocity":{"kilometers_per_second":"11.2250756237"},"miss_distance":{"kilometers":"8616328"}}]},{"name":"302169 (2001 TD45)","estimated_diameter":{"meters":{"estimated_diameter_min":278.3267680719,"estimated_diameter_max":622.3575733667}},"is_potentially_hazardous_asteroid":true,"close_approach_data":[{"close_approach_date":"2194-12-15","relative_velocity":{"kilometers_per_second":"33.1672641729"},"miss_distance":{"kilometers":"67897472"}}]},{"name":"(2010 WF3)","estimated_diameter":{"meters":{"estimated_diameter_min":175.6123184804,"estimated_diameter_max":392.6810818086}},"is_potentially_hazardous_asteroid":false,"close_approach_data":[{"close_approach_date":"2194-12-15","relative_velocity":{"kilometers_per_second":"8.6836359349"},"miss_distance":{"kilometers":"47051772"}}]}]