[{"name":"(2000 CP101)","estimated_diameter":{"meters":{"estimated_diameter_min":278.3267680719,"estimated_diameter_max":622.3575733667}},"is_potentially_hazardous_asteroid":true,"close_approach_data":[{"close_approach_date":"2194-02-03","relative_velocity":{"kilometers_per_second":"18.5714630707"},"miss_distance":{"kilometers":"12556383"}}]},{"name":"(2004 BG41)","estimated_diameter":{"meters":{"estimated_diameter_min":35.0392641108,"estimated_diameter_max":78.3501764334}},"is_potentially_hazardous_asteroid":false,"close_approach_data":[{"close_approach_date":"2194-02-03","relative_velocity":{"kilometers_per_second":"12.0884469444"},"miss_distance":{"kilometers":"10062552"}}]},{"name":"(2005 OU1)","estimated_diameter":{"meters":{"estimated_diameter_min":253.8370293645,"estimated_diameter_max":567.5968528656}},"is_potentially_hazardous_asteroid":false,"close_approach_data":[{"close_approach_date":"2194-02-03","relative_velocity":{"kilometers_per_second":"13.4878130526"},"miss_distance":{"kilometers":"46490852"}}]},{"name":"(2008 BD15)","estimated_diameter":{"meters":{"estimated_diameter_min":201.6299194428,"estimated_diameter_max":450.8582061718}},"is_potentially_hazardous_asteroid":true,"close_approach_data":[{"close_approach_date":"2194-02-03","relative_velocity":{"kilometers_per_second":"19.4636508783"},"miss_distance":{"kilometers":"41379912"}}]}]