[{"name":"(2007 RT9)","estimated_diameter":{"meters":{"estimated_diameter_min":421.2646105562,"estimated_diameter_max":941.9763057186}},"is_potentially_hazardous_asteroid":false,"close_approach_data":[{"close_approach_date":"2194-01-30","relative_velocity":{"kilometers_per_second":"19.9789136206"},"miss_distance":{"kilometers":"34917516"}}]},{"name":"(2016 DL)","estimated_diameter":{"meters":{"estimated_diameter_min":146.0679642714,"estimated_diameter_max":326.6178974458}},"is_potentially_hazardous_asteroid":true,"close_approach_data":[{"close_approach_date":"2194-01-30","relative_velocity":{"kilometers_per_second":"29.1773067362"},"miss_distance":{"kilometers":"68898416"}}]},{"name":"(2016 FX2)","estimated_diameter":{"meters":{"estimated_diameter_min":48.3676488219,"estimated_diameter_max":108.1533506775}},"is_potentially_hazardous_asteroid":false,"close_approach_data":[{"close_approach_date":"2194-01-30","relative_velocity":{"kilometers_per_second":"8.633095808"},"miss_distance":{"kilometers":"39576960"}}]},{"name":"(2016 TF93)","estimated_diameter":{"meters":{"estimated_diameter_min":699.1252322458,"estimated_diameter_max":1563.2915440869}},"is_potentially_hazardous_asteroid":false,"close_approach_data":[{"close_approach_date":"2194-01-30","relative_velocity":{"kilometers_per_second":"6.2976485927"},"miss_distance":{"kilometers":"63643964"}}]}]