[{"name":"98943 (2001 CC21)","estimated_diameter":{"meters":{"estimated_diameter_min":530.3407233187,"estimated_diameter_max":1185.8779085771}},"is_potentially_hazardous_asteroid":false,"close_approach_data":[{"close_approach_date":"2194-03-11","relative_velocity":{"kilometers_per_second":"5.2393638494"},"miss_distance":{"kilometers":"15369693"}}]},{"name":"251732 (1998 HG49)","estimated_diameter":{"meters":{"estimated_diameter_min":121.4940407996,"estimated_diameter_max":271.6689340891}},"is_potentially_hazardous_asteroid":false,"close_approach_data":[{"close_approach_date":"2194-03-11","relative_velocity":{"kilometers_per_second":"5.6362207167"},"miss_distance":{"kilometers":"50778116"}}]},{"name":"(2008 EQ7)","estimated_diameter":{"meters":{"estimated_diameter_min":80.2703167283,"estimated_diameter_max":179.4898847799}},"is_potentially_hazardous_asteroid":false,"close_approach_data":[{"close_approach_date":"2194-03-11","relative_velocity":{"kilometers_per_second":"2.8943409792"},"miss_distance":{"kilometers":"33887608"}}]},{"name":"(2010 EX119)","estimated_diameter":{"meters":{"estimated_diameter_min":350.3926411083,"estimated_diameter_max":783.5017643338}},"is_potentially_hazardous_asteroid":false,"close_approach_data":[{"close_approach_date":"2194-03-11","relative_velocity":{"kilometers_per_second":"19.9178736382"},"miss_distance":{"kilometers":"29676622"}}]},{"name":"(2013 BE27)","estimated_diameter":{"meters":{"estimated_diameter_min":183.8886720703,"estimated_diameter_max":411.1875710413}},"is_potentially_hazardous_asteroid":false,"close_approach_data":[{"close_approach_date":"2194-03-11","relative_velocity":{"kilometers_per_second":"8.5053196185"},"miss_distance":{"kilometers":"50816776"}}]},{"name":"(2015 EB7)","estimated_diameter":{"meters":{"estimated_diameter_min":133.2155666981,"estimated_diameter_max":297.8790627982}},"is_potentially_hazardous_asteroid":false,"close_approach_data":[{"close_approach_date":"2194-03-11","relative_velocity":{"kilometers_per_second":"15.4353049196"},"miss_distance":{"kilometers":"59395320"}}]}]