[{"name":"(2007 TS19)","estimated_diameter":{"meters":{"estimated_diameter_min":201.6299194428,"estimated_diameter_max":450.8582061718}},"is_potentially_hazardous_asteroid":true,"close_approach_data":[{"close_approach_date":"2194-02-07","relative_velocity":{"kilometers_per_second":"19.9092072154"},"miss_distance":{"kilometers":"71819904"}}]},{"name":"(2008 CE119)","estimated_diameter":{"meters":{"estimated_diameter_min":19.2555078188,"estimated_diameter_max":43.0566244241}},"is_potentially_hazardous_asteroid":false,"close_approach_data":[{"close_approach_date":"2194-02-07","relative_velocity":{"kilometers_per_second":"3.9894543661"},"miss_distance":{"kilometers":"32396054"}}]},{"name":"(2014 SS261)","estimated_diameter":{"meters":{"estimated_diameter_min":14.6067964271,"estimated_diameter_max":32.6617897446}},"is_potentially_hazardous_asteroid":false,"close_approach_data":[{"close_approach_date":"2194-02-07","relative_velocity":{"kilometers_per_second":"6.305203913"},"miss_distance":{"kilometers":"29084460"}}]},{"name":"(2012 DR32)","estimated_diameter":{"meters":{"estimated_diameter_min":29.1443904535,"estimated_diameter_max":65.1688382168}},"is_potentially_hazardous_asteroid":false,"close_approach_data":[{"close_approach_date":"2194-02-07","relative_velocity":{"kilometers_per_second":"12.713289212"},"miss_distance":{"kilometers":"53961668"}}]}]