[{"name":"(2002 JX8)","estimated_diameter":{"meters":{"estimated_diameter_min":231.5021222103,"estimated_diameter_max":517.6544821978}},"is_potentially_hazardous_asteroid":true,"close_approach_data":[{"close_approach_date":"2194-04-21","relative_velocity":{"kilometers_per_second":"15.2121162824"},"miss_distance":{"kilometers":"47437596"}}]},{"name":"(2008 HA2)","estimated_diameter":{"meters":{"estimated_diameter_min":35.0392641108,"estimated_diameter_max":78.3501764334}},"is_potentially_hazardous_asteroid":false,"close_approach_data":[{"close_approach_date":"2194-04-21","relative_velocity":{"kilometers_per_second":"11.7145259919"},"miss_distance":{"kilometers":"39654684"}}]}]