[{"name":"(2011 EP51)","estimated_diameter":{"meters":{"estimated_diameter_min":25.3837029364,"estimated_diameter_max":56.7596852866}},"is_potentially_hazardous_asteroid":false,"close_approach_data":[{"close_approach_date":"2194-07-29","relative_velocity":{"kilometers_per_second":"14.8215138022"},"miss_distance":{"kilometers":"64278672"}}]},{"name":"(2011 MW1)","estimated_diameter":{"meters":{"estimated_diameter_min":92.1626548503,"estimated_diameter_max":206.0819612321}},"is_potentially_hazardous_asteroid":false,"close_approach_data":[{"close_approach_date":"2194-07-29","relative_velocity":{"kilometers_per_second":"7.1599624807"},"miss_distance":{"kilometers":"6551782"}}]}]