[{"name":"68950 (2002 QF15)","estimated_diameter":{"meters":{"estimated_diameter_min":1394.9382293439,"estimated_diameter_max":3119.1767052261}},"is_potentially_hazardous_asteroid":true,"close_approach_data":[{"close_approach_date":"2194-05-20","relative_velocity":{"kilometers_per_second":"17.0399448301"},"miss_distance":{"kilometers":"7283200.5"}}]},{"name":"(2006 FK)","estimated_diameter":{"meters":{"estimated_diameter_min":152.9519353442,"estimated_diameter_max":342.0109247198}},"is_potentially_hazardous_asteroid":false,"close_approach_data":[{"close_approach_date":"2194-05-20","relative_velocity":{"kilometers_per_second":"21.2741917734"},"miss_distance":{"kilometers":"63843504"}}]},{"name":"(2011 WV4)","estimated_diameter":{"meters":{"estimated_diameter_min":76.6575573531,"estimated_diameter_max":171.4115092306}},"is_potentially_hazardous_asteroid":false,"close_approach_data":[{"close_approach_date":"2194-05-20","relative_velocity":{"kilometers_per_second":"12.9121642041"},"miss_distance":{"kilometers":"17067992"}}]},{"name":"(2014 KC46)","estimated_diameter":{"meters":{"estimated_diameter_min":73.2073989347,"estimated_diameter_max":163.696720474}},"is_potentially_hazardous_asteroid":false,"close_approach_data":[{"close_approach_date":"2194-05-20","relative_velocity":{"kilometers_per_second":"31.6650507193"},"miss_distance":{"kilometers":"63862236"}}]}]