[{"name":"(2006 MB)","estimated_diameter":{"meters":{"estimated_diameter_min":80.2703167283,"estimated_diameter_max":179.4898847799}},"is_potentially_hazardous_asteroid":false,"close_approach_data":[{"close_approach_date":"2194-06-05","relative_velocity":{"kilometers_per_second":"8.0400167197"},"miss_distance":{"kilometers":"11907841"}}]},{"name":"(2008 AZ110)","estimated_diameter":{"meters":{"estimated_diameter_min":608.9126221057,"estimated_diameter_max":1361.5700153859}},"is_potentially_hazardous_asteroid":false,"close_approach_data":[{"close_approach_date":"2194-06-05","relative_velocity":{"kilometers_per_second":"3.3191952894"},"miss_distance":{"kilometers":"60308192"}}]},{"name":"(2008 CE119)","estimated_diameter":{"meters":{"estimated_diameter_min":19.2555078188,"estimated_diameter_max":43.0566244241}},"is_potentially_hazardous_asteroid":false,"close_approach_data":[{"close_approach_date":"2194-06-05","relative_velocity":{"kilometers_per_second":"6.8037606805"},"miss_distance":{"kilometers":"26314468"}}]},{"name":"498441 (2008 AZ110)","estimated_diameter":{"meters":{"estimated_diameter_min":608.9126221057,"estimated_diameter_max":1361.5700153859}},"is_potentially_hazardous_asteroid":false,"close_approach_data":[{"close_approach_date":"2194-06-05","relative_velocity":{"kilometers_per_second":"3.319195448"},"miss_distance":{"kilometers":"60308192"}}]}]