[{"name":"8035 (1992 TB)","estimated_diameter":{"meters":{"estimated_diameter_min":1010.5434154201,"estimated_diameter_max":2259.643771094}},"is_potentially_hazardous_asteroid":false,"close_approach_data":[{"close_approach_date":"2194-01-26","relative_velocity":{"kilometers_per_second":"23.1352255548"},"miss_distance":{"kilometers":"67405208"}}]},{"name":"136582 (1992 BA)","estimated_diameter":{"meters":{"estimated_diameter_min":265.8,"estimated_diameter_max":594.3468684194}},"is_potentially_hazardous_asteroid":false,"close_approach_data":[{"close_approach_date":"2194-01-26","relative_velocity":{"kilometers_per_second":"7.3268995462"},"miss_distance":{"kilometers":"62528440"}}]},{"name":"192559 (1998 VO)","estimated_diameter":{"meters":{"estimated_diameter_min":253.8370293645,"estimated_diameter_max":567.5968528656}},"is_potentially_hazardous_asteroid":true,"close_approach_data":[{"close_approach_date":"2194-01-26","relative_velocity":{"kilometers_per_second":"7.4535977694"},"miss_distance":{"kilometers":"57555656"}}]},{"name":"349068 (2006 YT13)","estimated_diameter":{"meters":{"estimated_diameter_min":581.5070396458,"estimated_diameter_max":1300.2892700427}},"is_potentially_hazardous_asteroid":true,"close_approach_data":[{"close_approach_date":"2194-01-26","relative_velocity":{"kilometers_per_second":"19.0158719983"},"miss_distance":{"kilometers":"64566980"}}]},{"name":"(2008 VB1)","estimated_diameter":{"meters":{"estimated_diameter_min":211.1324447897,"estimated_diameter_max":472.1064988055}},"is_potentially_hazardous_asteroid":true,"close_approach_data":[{"close_approach_date":"2194-01-26","relative_velocity":{"kilometers_per_second":"12.4600629129"},"miss_distance":{"kilometers":"40548896"}}]},{"name":"(2014 GM1)","estimated_diameter":{"meters":{"estimated_diameter_min":965.0614695789,"estimated_diameter_max":2157.9430484443}},"is_potentially_hazardous_asteroid":false,"close_approach_data":[{"close_approach_date":"2194-01-26","relative_velocity":{"kilometers_per_second":"5.4569268055"},"miss_distance":{"kilometers":"25482310"}}]},{"name":"507847 (2014 GM1)","estimated_diameter":{"meters":{"estimated_diameter_min":965.0614695789,"estimated_diameter_max":2157.9430484443}},"is_potentially_hazardous_asteroid":false,"close_approach_data":[{"close_approach_date":"2194-01-26","relative_velocity":{"kilometers_per_second":"5.4569267264"},"miss_distance":{"kilometers":"25482310"}}]},{"name":"(2013 AT72)","estimated_diameter":{"meters":{"estimated_diameter_min":38.4197891064,"estimated_diameter_max":85.9092601232}},"is_potentially_hazardous_asteroid":false,"close_approach_data":[{"close_approach_date":"2194-01-26","relative_velocity":{"kilometers_per_second":"18.601880855"},"miss_distance":{"kilometers":"26771364"}}]}]