[{"name":"(2010 SH13)","estimated_diameter":{"meters":{"estimated_diameter_min":152.9519353442,"estimated_diameter_max":342.0109247198}},"is_potentially_hazardous_asteroid":true,"close_approach_data":[{"close_approach_date":"2194-04-02","relative_velocity":{"kilometers_per_second":"7.8019590443"},"miss_distance":{"kilometers":"8894074"}}]},{"name":"(2004 FW1)","estimated_diameter":{"meters":{"estimated_diameter_min":167.7084621628,"estimated_diameter_max":375.0075217981}},"is_potentially_hazardous_asteroid":true,"close_approach_data":[{"close_approach_date":"2194-04-02","relative_velocity":{"kilometers_per_second":"17.8922398313"},"miss_distance":{"kilometers":"33524440"}}]}]