[{"name":"194386 (2001 VG5)","estimated_diameter":{"meters":{"estimated_diameter_min":1058.1688593312,"estimated_diameter_max":2366.137501138}},"is_potentially_hazardous_asteroid":false,"close_approach_data":[{"close_approach_date":"2194-04-10","relative_velocity":{"kilometers_per_second":"10.508240746"},"miss_distance":{"kilometers":"29725920"}}]},{"name":"(1999 FP19)","estimated_diameter":{"meters":{"estimated_diameter_min":253.8370293645,"estimated_diameter_max":567.5968528656}},"is_potentially_hazardous_asteroid":false,"close_approach_data":[{"close_approach_date":"2194-04-10","relative_velocity":{"kilometers_per_second":"16.9241772841"},"miss_distance":{"kilometers":"38493712"}}]},{"name":"(2010 GB6)","estimated_diameter":{"meters":{"estimated_diameter_min":101.054341542,"estimated_diameter_max":225.9643771094}},"is_potentially_hazardous_asteroid":false,"close_approach_data":[{"close_approach_date":"2194-04-10","relative_velocity":{"kilometers_per_second":"19.1868145574"},"miss_distance":{"kilometers":"47568964"}}]}]