[{"name":"(2001 QC34)","estimated_diameter":{"meters":{"estimated_diameter_min":253.8370293645,"estimated_diameter_max":567.5968528656}},"is_potentially_hazardous_asteroid":true,"close_approach_data":[{"close_approach_date":"2194-05-02","relative_velocity":{"kilometers_per_second":"3.5781883556"},"miss_distance":{"kilometers":"24286176"}}]},{"name":"(2013 US3)","estimated_diameter":{"meters":{"estimated_diameter_min":167.7084621628,"estimated_diameter_max":375.0075217981}},"is_potentially_hazardous_asteroid":true,"close_approach_data":[{"close_approach_date":"2194-05-02","relative_velocity":{"kilometers_per_second":"8.1212247314"},"miss_distance":{"kilometers":"7572512"}}]},{"name":"(2014 JO25)","estimated_diameter":{"meters":{"estimated_diameter_min":637.6097898754,"estimated_diameter_max":1425.7388332807}},"is_potentially_hazardous_asteroid":true,"close_approach_data":[{"close_approach_date":"2194-05-02","relative_velocity":{"kilometers_per_second":"40.2489371337"},"miss_distance":{"kilometers":"31407084"}}]}]