[{"name":"(2008 VB1)","estimated_diameter":{"meters":{"estimated_diameter_min":211.1324447897,"estimated_diameter_max":472.1064988055}},"is_potentially_hazardous_asteroid":true,"close_approach_data":[{"close_approach_date":"2194-07-25","relative_velocity":{"kilometers_per_second":"6.0085112843"},"miss_distance":{"kilometers":"70097456"}}]},{"name":"(2010 OL100)","estimated_diameter":{"meters":{"estimated_diameter_min":319.5618867213,"estimated_diameter_max":714.5621017269}},"is_potentially_hazardous_asteroid":false,"close_approach_data":[{"close_approach_date":"2194-07-25","relative_velocity":{"kilometers_per_second":"20.964543852"},"miss_distance":{"kilometers":"68009136"}}]}]