[{"name":"162080 (1998 DG16)","estimated_diameter":{"meters":{"estimated_diameter_min":278.3267680719,"estimated_diameter_max":622.3575733667}},"is_potentially_hazardous_asteroid":false,"close_approach_data":[{"close_approach_date":"2194-09-22","relative_velocity":{"kilometers_per_second":"18.7070748688"},"miss_distance":{"kilometers":"63680480"}}]},{"name":"162196 (1999 RL45)","estimated_diameter":{"meters":{"estimated_diameter_min":483.6764882185,"estimated_diameter_max":1081.533506775}},"is_potentially_hazardous_asteroid":false,"close_approach_data":[{"close_approach_date":"2194-09-22","relative_velocity":{"kilometers_per_second":"11.2407471378"},"miss_distance":{"kilometers":"66868548"}}]},{"name":"(2000 RN12)","estimated_diameter":{"meters":{"estimated_diameter_min":265.8,"estimated_diameter_max":594.3468684194}},"is_potentially_hazardous_asteroid":false,"close_approach_data":[{"close_approach_date":"2194-09-22","relative_velocity":{"kilometers_per_second":"15.6928543735"},"miss_distance":{"kilometers":"24007542"}}]},{"name":"(2001 RA18)","estimated_diameter":{"meters":{"estimated_diameter_min":384.1978910643,"estimated_diameter_max":859.0926012318}},"is_potentially_hazardous_asteroid":false,"close_approach_data":[{"close_approach_date":"2194-09-22","relative_velocity":{"kilometers_per_second":"11.7725476718"},"miss_distance":{"kilometers":"20826140"}}]},{"name":"(2001 SQ3)","estimated_diameter":{"meters":{"estimated_diameter_min":127.2198785394,"estimated_diameter_max":284.4722965033}},"is_potentially_hazardous_asteroid":true,"close_approach_data":[{"close_approach_date":"2194-09-22","relative_velocity":{"kilometers_per_second":"17.0496143316"},"miss_distance":{"kilometers":"20598194"}}]},{"name":"(2008 UX)","estimated_diameter":{"meters":{"estimated_diameter_min":192.5550781879,"estimated_diameter_max":430.566244241}},"is_potentially_hazardous_asteroid":false,"close_approach_data":[{"close_approach_date":"2194-09-22","relative_velocity":{"kilometers_per_second":"32.586439609"},"miss_distance":{"kilometers":"72209144"}}]}]