[{"name":"226514 (2003 UX34)","estimated_diameter":{"meters":{"estimated_diameter_min":253.8370293645,"estimated_diameter_max":567.5968528656}},"is_potentially_hazardous_asteroid":true,"close_approach_data":[{"close_approach_date":"2194-12-17","relative_velocity":{"kilometers_per_second":"35.0225540546"},"miss_distance":{"kilometers":"70759088"}}]},{"name":"(2007 BS2)","estimated_diameter":{"meters":{"estimated_diameter_min":60.8912622106,"estimated_diameter_max":136.1570015386}},"is_potentially_hazardous_asteroid":false,"close_approach_data":[{"close_approach_date":"2194-12-17","relative_velocity":{"kilometers_per_second":"3.0176557179"},"miss_distance":{"kilometers":"50307540"}}]},{"name":"(2016 YA1)","estimated_diameter":{"meters":{"estimated_diameter_min":48.3676488219,"estimated_diameter_max":108.1533506775}},"is_potentially_hazardous_asteroid":false,"close_approach_data":[{"close_approach_date":"2194-12-17","relative_velocity":{"kilometers_per_second":"19.9166516423"},"miss_distance":{"kilometers":"65126440"}}]}]