[{"name":"8709 Kadlu (1994 JF1)","estimated_diameter":{"meters":{"estimated_diameter_min":1108.0388212642,"estimated_diameter_max":2477.6501260554}},"is_potentially_hazardous_asteroid":false,"close_approach_data":[{"close_approach_date":"2194-06-13","relative_velocity":{"kilometers_per_second":"9.1623530402"},"miss_distance":{"kilometers":"43636868"}}]},{"name":"458062 (2009 YO)","estimated_diameter":{"meters":{"estimated_diameter_min":441.1181999969,"estimated_diameter_max":986.3702813054}},"is_potentially_hazardous_asteroid":false,"close_approach_data":[{"close_approach_date":"2194-06-13","relative_velocity":{"kilometers_per_second":"29.7132957648"},"miss_distance":{"kilometers":"69921176"}}]},{"name":"(2005 MR5)","estimated_diameter":{"meters":{"estimated_diameter_min":211.1324447897,"estimated_diameter_max":472.1064988055}},"is_potentially_hazardous_asteroid":false,"close_approach_data":[{"close_approach_date":"2194-06-13","relative_velocity":{"kilometers_per_second":"14.1129286843"},"miss_distance":{"kilometers":"12797441"}}]},{"name":"(2011 UZ255)","estimated_diameter":{"meters":{"estimated_diameter_min":60.8912622106,"estimated_diameter_max":136.1570015386}},"is_potentially_hazardous_asteroid":false,"close_approach_data":[{"close_approach_date":"2194-06-13","relative_velocity":{"kilometers_per_second":"23.6365475744"},"miss_distance":{"kilometers":"53518708"}}]},{"name":"(2014 MZ17)","estimated_diameter":{"meters":{"estimated_diameter_min":40.2304579834,"estimated_diameter_max":89.9580388169}},"is_potentially_hazardous_asteroid":false,"close_approach_data":[{"close_approach_date":"2194-06-13","relative_velocity":{"kilometers_per_second":"13.0760008336"},"miss_distance":{"kilometers":"36864724"}}]}]