[{"name":"322756 (2001 CK32)","estimated_diameter":{"meters":{"estimated_diameter_min":421.2646105562,"estimated_diameter_max":941.9763057186}},"is_potentially_hazardous_asteroid":false,"close_approach_data":[{"close_approach_date":"2194-11-08","relative_velocity":{"kilometers_per_second":"14.4160052199"},"miss_distance":{"kilometers":"71245656"}}]},{"name":"450649 (2006 UY64)","estimated_diameter":{"meters":{"estimated_diameter_min":334.6223744549,"estimated_diameter_max":748.2383760735}},"is_potentially_hazardous_asteroid":false,"close_approach_data":[{"close_approach_date":"2194-11-08","relative_velocity":{"kilometers_per_second":"15.8782598356"},"miss_distance":{"kilometers":"64663236"}}]},{"name":"(2014 UV)","estimated_diameter":{"meters":{"estimated_diameter_min":211.1324447897,"estimated_diameter_max":472.1064988055}},"is_potentially_hazardous_asteroid":false,"close_approach_data":[{"close_approach_date":"2194-11-08","relative_velocity":{"kilometers_per_second":"19.5345372275"},"miss_distance":{"kilometers":"54302652"}}]},{"name":"(2016 LE2)","estimated_diameter":{"meters":{"estimated_diameter_min":175.6123184804,"estimated_diameter_max":392.6810818086}},"is_potentially_hazardous_asteroid":false,"close_approach_data":[{"close_approach_date":"2194-11-08","relative_velocity":{"kilometers_per_second":"15.9935727431"},"miss_distance":{"kilometers":"41104816"}}]},{"name":"(2016 NS32)","estimated_diameter":{"meters":{"estimated_diameter_min":55.5334911581,"estimated_diameter_max":124.1766612574}},"is_potentially_hazardous_asteroid":false,"close_approach_data":[{"close_approach_date":"2194-11-08","relative_velocity":{"kilometers_per_second":"12.1264497625"},"miss_distance":{"kilometers":"32398616"}}]}]