[{"name":"364136 (2006 CJ)","estimated_diameter":{"meters":{"estimated_diameter_min":242.4124811008,"estimated_diameter_max":542.0507863358}},"is_potentially_hazardous_asteroid":true,"close_approach_data":[{"close_approach_date":"2194-02-02","relative_velocity":{"kilometers_per_second":"20.9805567019"},"miss_distance":{"kilometers":"4520031"}}]},{"name":"(2001 OT)","estimated_diameter":{"meters":{"estimated_diameter_min":127.2198785394,"estimated_diameter_max":284.4722965033}},"is_potentially_hazardous_asteroid":false,"close_approach_data":[{"close_approach_date":"2194-02-02","relative_velocity":{"kilometers_per_second":"11.7758489939"},"miss_distance":{"kilometers":"43516704"}}]},{"name":"(2011 OP24)","estimated_diameter":{"meters":{"estimated_diameter_min":291.4439045349,"estimated_diameter_max":651.6883821679}},"is_potentially_hazardous_asteroid":false,"close_approach_data":[{"close_approach_date":"2194-02-02","relative_velocity":{"kilometers_per_second":"21.2664568076"},"miss_distance":{"kilometers":"64138068"}}]},{"name":"(2012 HG8)","estimated_diameter":{"meters":{"estimated_diameter_min":305.1792325939,"estimated_diameter_max":682.4015094011}},"is_potentially_hazardous_asteroid":true,"close_approach_data":[{"close_approach_date":"2194-02-02","relative_velocity":{"kilometers_per_second":"17.0284365133"},"miss_distance":{"kilometers":"69434032"}}]},{"name":"(2013 BE19)","estimated_diameter":{"meters":{"estimated_diameter_min":291.4439045349,"estimated_diameter_max":651.6883821679}},"is_potentially_hazardous_asteroid":true,"close_approach_data":[{"close_approach_date":"2194-02-02","relative_velocity":{"kilometers_per_second":"17.3771351445"},"miss_distance":{"kilometers":"6813219.5"}}]},{"name":"467917 (2011 OP24)","estimated_diameter":{"meters":{"estimated_diameter_min":265.8,"estimated_diameter_max":594.3468684194}},"is_potentially_hazardous_asteroid":false,"close_approach_data":[{"close_approach_date":"2194-02-02","relative_velocity":{"kilometers_per_second":"21.2663040453"},"miss_distance":{"kilometers":"64137616"}}]},{"name":"(2017 SB14)","estimated_diameter":{"meters":{"estimated_diameter_min":163.9664434485,"estimated_diameter_max":366.6401135797}},"is_potentially_hazardous_asteroid":false,"close_approach_data":[{"close_approach_date":"2194-02-02","relative_velocity":{"kilometers_per_second":"17.2084766471"},"miss_distance":{"kilometers":"61627744"}}]}]