[{"name":"(2013 EO20)","estimated_diameter":{"meters":{"estimated_diameter_min":31.9561886721,"estimated_diameter_max":71.4562101727}},"is_potentially_hazardous_asteroid":false,"close_approach_data":[{"close_approach_date":"2194-09-11","relative_velocity":{"kilometers_per_second":"8.5898699809"},"miss_distance":{"kilometers":"60187888"}}]},{"name":"(2014 MJ6)","estimated_diameter":{"meters":{"estimated_diameter_min":127.2198785394,"estimated_diameter_max":284.4722965033}},"is_potentially_hazardous_asteroid":true,"close_approach_data":[{"close_approach_date":"2194-09-11","relative_velocity":{"kilometers_per_second":"15.7499806596"},"miss_distance":{"kilometers":"48520332"}}]},{"name":"(2016 RN40)","estimated_diameter":{"meters":{"estimated_diameter_min":278.3267680719,"estimated_diameter_max":622.3575733667}},"is_potentially_hazardous_asteroid":false,"close_approach_data":[{"close_approach_date":"2194-09-11","relative_velocity":{"kilometers_per_second":"10.5589042393"},"miss_distance":{"kilometers":"52477548"}}]}]