[{"name":"(2008 CJ116)","estimated_diameter":{"meters":{"estimated_diameter_min":441.1181999969,"estimated_diameter_max":986.3702813054}},"is_potentially_hazardous_asteroid":false,"close_approach_data":[{"close_approach_date":"2194-09-21","relative_velocity":{"kilometers_per_second":"8.7563877892"},"miss_distance":{"kilometers":"35674404"}}]},{"name":"470510 (2008 CJ116)","estimated_diameter":{"meters":{"estimated_diameter_min":384.1978910643,"estimated_diameter_max":859.0926012318}},"is_potentially_hazardous_asteroid":false,"close_approach_data":[{"close_approach_date":"2194-09-21","relative_velocity":{"kilometers_per_second":"8.7564595158"},"miss_distance":{"kilometers":"35674984"}}]}]