[{"name":"7335 (1989 JA)","estimated_diameter":{"meters":{"estimated_diameter_min":1058.1688593312,"estimated_diameter_max":2366.137501138}},"is_potentially_hazardous_asteroid":true,"close_approach_data":[{"close_approach_date":"2194-07-14","relative_velocity":{"kilometers_per_second":"10.5236072229"},"miss_distance":{"kilometers":"35465108"}}]},{"name":"434632 (2005 WE)","estimated_diameter":{"meters":{"estimated_diameter_min":291.4439045349,"estimated_diameter_max":651.6883821679}},"is_potentially_hazardous_asteroid":false,"close_approach_data":[{"close_approach_date":"2194-07-14","relative_velocity":{"kilometers_per_second":"9.294599839"},"miss_distance":{"kilometers":"21370840"}}]},{"name":"(2005 TR45)","estimated_diameter":{"meters":{"estimated_diameter_min":461.9074602816,"estimated_diameter_max":1032.8564805039}},"is_potentially_hazardous_asteroid":false,"close_approach_data":[{"close_approach_date":"2194-07-14","relative_velocity":{"kilometers_per_second":"8.2171977111"},"miss_distance":{"kilometers":"25213020"}}]}]