[{"name":"350523 (2000 EA14)","estimated_diameter":{"meters":{"estimated_diameter_min":160.1603379786,"estimated_diameter_max":358.1294030194}},"is_potentially_hazardous_asteroid":true,"close_approach_data":[{"close_approach_date":"2194-12-19","relative_velocity":{"kilometers_per_second":"4.2016110841"},"miss_distance":{"kilometers":"13283289"}}]},{"name":"(2003 YL118)","estimated_diameter":{"meters":{"estimated_diameter_min":127.2198785394,"estimated_diameter_max":284.4722965033}},"is_potentially_hazardous_asteroid":true,"close_approach_data":[{"close_approach_date":"2194-12-19","relative_velocity":{"kilometers_per_second":"9.281705161"},"miss_distance":{"kilometers":"37160752"}}]},{"name":"(2005 XT77)","estimated_diameter":{"meters":{"estimated_diameter_min":152.9519353442,"estimated_diameter_max":342.0109247198}},"is_potentially_hazardous_asteroid":true,"close_approach_data":[{"close_approach_date":"2194-12-19","relative_velocity":{"kilometers_per_second":"10.1622261905"},"miss_distance":{"kilometers":"5469275"}}]}]