[{"name":"(2008 CH116)","estimated_diameter":{"meters":{"estimated_diameter_min":384.1978910643,"estimated_diameter_max":859.0926012318}},"is_potentially_hazardous_asteroid":false,"close_approach_data":[{"close_approach_date":"2194-01-25","relative_velocity":{"kilometers_per_second":"19.3616910342"},"miss_distance":{"kilometers":"35346468"}}]},{"name":"(2009 BO58)","estimated_diameter":{"meters":{"estimated_diameter_min":110.8038821264,"estimated_diameter_max":247.7650126055}},"is_potentially_hazardous_asteroid":false,"close_approach_data":[{"close_approach_date":"2194-01-25","relative_velocity":{"kilometers_per_second":"19.415902398"},"miss_distance":{"kilometers":"21966262"}}]}]