[{"name":"(2008 KP)","estimated_diameter":{"meters":{"estimated_diameter_min":441.1181999969,"estimated_diameter_max":986.3702813054}},"is_potentially_hazardous_asteroid":false,"close_approach_data":[{"close_approach_date":"2194-06-09","relative_velocity":{"kilometers_per_second":"27.420059972"},"miss_distance":{"kilometers":"74764792"}}]},{"name":"489900 (2008 KP)","estimated_diameter":{"meters":{"estimated_diameter_min":441.1181999969,"estimated_diameter_max":986.3702813054}},"is_potentially_hazardous_asteroid":false,"close_approach_data":[{"close_approach_date":"2194-06-09","relative_velocity":{"kilometers_per_second":"27.4199643672"},"miss_distance":{"kilometers":"74765816"}}]},{"name":"(2004 TD10)","estimated_diameter":{"meters":{"estimated_diameter_min":101.054341542,"estimated_diameter_max":225.9643771094}},"is_potentially_hazardous_asteroid":false,"close_approach_data":[{"close_approach_date":"2194-06-09","relative_velocity":{"kilometers_per_second":"14.0121733997"},"miss_distance":{"kilometers":"71508088"}}]}]