[{"name":"418198 (2008 CN70)","estimated_diameter":{"meters":{"estimated_diameter_min":421.2646105562,"estimated_diameter_max":941.9763057186}},"is_potentially_hazardous_asteroid":false,"close_approach_data":[{"close_approach_date":"2194-08-05","relative_velocity":{"kilometers_per_second":"19.7840530045"},"miss_distance":{"kilometers":"66898376"}}]},{"name":"(1997 GC32)","estimated_diameter":{"meters":{"estimated_diameter_min":530.3407233187,"estimated_diameter_max":1185.8779085771}},"is_potentially_hazardous_asteroid":false,"close_approach_data":[{"close_approach_date":"2194-08-05","relative_velocity":{"kilometers_per_second":"15.8186848964"},"miss_distance":{"kilometers":"44585532"}}]},{"name":"(2011 UG21)","estimated_diameter":{"meters":{"estimated_diameter_min":350.3926411083,"estimated_diameter_max":783.5017643338}},"is_potentially_hazardous_asteroid":false,"close_approach_data":[{"close_approach_date":"2194-08-05","relative_velocity":{"kilometers_per_second":"11.5592786104"},"miss_distance":{"kilometers":"63070260"}}]}]