[{"name":"52381 (1993 HA)","estimated_diameter":{"meters":{"estimated_diameter_min":265.8,"estimated_diameter_max":594.3468684194}},"is_potentially_hazardous_asteroid":false,"close_approach_data":[{"close_approach_date":"2194-06-15","relative_velocity":{"kilometers_per_second":"6.5606802612"},"miss_distance":{"kilometers":"70926560"}}]},{"name":"137084 (1998 XS16)","estimated_diameter":{"meters":{"estimated_diameter_min":1394.9382293439,"estimated_diameter_max":3119.1767052261}},"is_potentially_hazardous_asteroid":false,"close_approach_data":[{"close_approach_date":"2194-06-15","relative_velocity":{"kilometers_per_second":"24.0971334135"},"miss_distance":{"kilometers":"60967232"}}]},{"name":"(2016 LY8)","estimated_diameter":{"meters":{"estimated_diameter_min":60.8912622106,"estimated_diameter_max":136.1570015386}},"is_potentially_hazardous_asteroid":false,"close_approach_data":[{"close_approach_date":"2194-06-15","relative_velocity":{"kilometers_per_second":"12.1303204505"},"miss_distance":{"kilometers":"15140071"}}]}]