[{"name":"9058 (1992 JB)","estimated_diameter":{"meters":{"estimated_diameter_min":699.1252322458,"estimated_diameter_max":1563.2915440869}},"is_potentially_hazardous_asteroid":false,"close_approach_data":[{"close_approach_date":"2194-04-20","relative_velocity":{"kilometers_per_second":"10.4315088131"},"miss_distance":{"kilometers":"12394444"}}]},{"name":"276770 (2004 HC)","estimated_diameter":{"meters":{"estimated_diameter_min":291.4439045349,"estimated_diameter_max":651.6883821679}},"is_potentially_hazardous_asteroid":false,"close_approach_data":[{"close_approach_date":"2194-04-20","relative_velocity":{"kilometers_per_second":"17.9456317083"},"miss_distance":{"kilometers":"22604896"}}]},{"name":"(2003 FU3)","estimated_diameter":{"meters":{"estimated_diameter_min":175.6123184804,"estimated_diameter_max":392.6810818086}},"is_potentially_hazardous_asteroid":false,"close_approach_data":[{"close_approach_date":"2194-04-20","relative_velocity":{"kilometers_per_second":"26.6494731384"},"miss_distance":{"kilometers":"73143920"}}]},{"name":"(2007 SR1)","estimated_diameter":{"meters":{"estimated_diameter_min":291.4439045349,"estimated_diameter_max":651.6883821679}},"is_potentially_hazardous_asteroid":false,"close_approach_data":[{"close_approach_date":"2194-04-20","relative_velocity":{"kilometers_per_second":"23.4953809012"},"miss_distance":{"kilometers":"70761248"}}]},{"name":"(2009 HY67)","estimated_diameter":{"meters":{"estimated_diameter_min":105.8168859331,"estimated_diameter_max":236.6137501138}},"is_potentially_hazardous_asteroid":false,"close_approach_data":[{"close_approach_date":"2194-04-20","relative_velocity":{"kilometers_per_second":"18.688690132"},"miss_distance":{"kilometers":"48210344"}}]},{"name":"(2010 JN33)","estimated_diameter":{"meters":{"estimated_diameter_min":211.1324447897,"estimated_diameter_max":472.1064988055}},"is_potentially_hazardous_asteroid":false,"close_approach_data":[{"close_approach_date":"2194-04-20","relative_velocity":{"kilometers_per_second":"25.644493975"},"miss_distance":{"kilometers":"72612088"}}]},{"name":"(2016 FA4)","estimated_diameter":{"meters":{"estimated_diameter_min":334.6223744549,"estimated_diameter_max":748.2383760735}},"is_potentially_hazardous_asteroid":false,"close_approach_data":[{"close_approach_date":"2194-04-20","relative_velocity":{"kilometers_per_second":"18.6638278576"},"miss_distance":{"kilometers":"62120484"}}]},{"name":"(2017 HC49)","estimated_diameter":{"meters":{"estimated_diameter_min":90.8981358201,"estimated_diameter_max":203.2544107219}},"is_potentially_hazardous_asteroid":false,"close_approach_data":[{"close_approach_date":"2194-04-20","relative_velocity":{"kilometers_per_second":"15.8491401084"},"miss_distance":{"kilometers":"36266932"}}]}]