[{"name":"(2015 FF)","estimated_diameter":{"meters":{"estimated_diameter_min":12.7219878539,"estimated_diameter_max":28.4472296503}},"is_potentially_hazardous_asteroid":false,"close_approach_data":[{"close_approach_date":"2194-03-27","relative_velocity":{"kilometers_per_second":"8.3255498699"},"miss_distance":{"kilometers":"5844224"}}]},{"name":"(2016 JH12)","estimated_diameter":{"meters":{"estimated_diameter_min":92.1626548503,"estimated_diameter_max":206.0819612321}},"is_potentially_hazardous_asteroid":false,"close_approach_data":[{"close_approach_date":"2194-03-27","relative_velocity":{"kilometers_per_second":"13.9474496727"},"miss_distance":{"kilometers":"35687328"}}]}]