[{"name":"162911 (2001 LL5)","estimated_diameter":{"meters":{"estimated_diameter_min":384.1978910643,"estimated_diameter_max":859.0926012318}},"is_potentially_hazardous_asteroid":false,"close_approach_data":[{"close_approach_date":"2194-01-23","relative_velocity":{"kilometers_per_second":"9.4062186818"},"miss_distance":{"kilometers":"28858594"}}]},{"name":"348306 (2005 AY28)","estimated_diameter":{"meters":{"estimated_diameter_min":139.4938229344,"estimated_diameter_max":311.9176705226}},"is_potentially_hazardous_asteroid":true,"close_approach_data":[{"close_approach_date":"2194-01-23","relative_velocity":{"kilometers_per_second":"13.0709912785"},"miss_distance":{"kilometers":"45284500"}}]},{"name":"(2001 QC34)","estimated_diameter":{"meters":{"estimated_diameter_min":253.8370293645,"estimated_diameter_max":567.5968528656}},"is_potentially_hazardous_asteroid":true,"close_approach_data":[{"close_approach_date":"2194-01-23","relative_velocity":{"kilometers_per_second":"4.681691279"},"miss_distance":{"kilometers":"13799903"}}]},{"name":"(2006 AQ3)","estimated_diameter":{"meters":{"estimated_diameter_min":133.2155666981,"estimated_diameter_max":297.8790627982}},"is_potentially_hazardous_asteroid":false,"close_approach_data":[{"close_approach_date":"2194-01-23","relative_velocity":{"kilometers_per_second":"26.1139068114"},"miss_distance":{"kilometers":"64706960"}}]},{"name":"(2013 RC21)","estimated_diameter":{"meters":{"estimated_diameter_min":278.3267680719,"estimated_diameter_max":622.3575733667}},"is_potentially_hazardous_asteroid":false,"close_approach_data":[{"close_approach_date":"2194-01-23","relative_velocity":{"kilometers_per_second":"19.2898029186"},"miss_distance":{"kilometers":"51696416"}}]},{"name":"(2013 XS3)","estimated_diameter":{"meters":{"estimated_diameter_min":253.8370293645,"estimated_diameter_max":567.5968528656}},"is_potentially_hazardous_asteroid":false,"close_approach_data":[{"close_approach_date":"2194-01-23","relative_velocity":{"kilometers_per_second":"15.82365879"},"miss_distance":{"kilometers":"66221600"}}]},{"name":"(2015 BN509)","estimated_diameter":{"meters":{"estimated_diameter_min":192.5550781879,"estimated_diameter_max":430.566244241}},"is_potentially_hazardous_asteroid":true,"close_approach_data":[{"close_approach_date":"2194-01-23","relative_velocity":{"kilometers_per_second":"33.0241659086"},"miss_distance":{"kilometers":"68551176"}}]},{"name":"(2015 KU121)","estimated_diameter":{"meters":{"estimated_diameter_min":69.9125232246,"estimated_diameter_max":156.3291544087}},"is_potentially_hazardous_asteroid":false,"close_approach_data":[{"close_approach_date":"2194-01-23","relative_velocity":{"kilometers_per_second":"8.589444541"},"miss_distance":{"kilometers":"65666712"}}]},{"name":"(2016 AO164)","estimated_diameter":{"meters":{"estimated_diameter_min":105.8168859331,"estimated_diameter_max":236.6137501138}},"is_potentially_hazardous_asteroid":false,"close_approach_data":[{"close_approach_date":"2194-01-23","relative_velocity":{"kilometers_per_second":"17.9005397114"},"miss_distance":{"kilometers":"65671848"}}]},{"name":"(2004 BM11)","estimated_diameter":{"meters":{"estimated_diameter_min":116.0259082094,"estimated_diameter_max":259.4418179074}},"is_potentially_hazardous_asteroid":false,"close_approach_data":[{"close_approach_date":"2194-01-23","relative_velocity":{"kilometers_per_second":"23.8044684597"},"miss_distance":{"kilometers":"42417364"}}]},{"name":"(2016 CT30)","estimated_diameter":{"meters":{"estimated_diameter_min":350.3926411083,"estimated_diameter_max":783.5017643338}},"is_potentially_hazardous_asteroid":false,"close_approach_data":[{"close_approach_date":"2194-01-23","relative_velocity":{"kilometers_per_second":"15.8366600686"},"miss_distance":{"kilometers":"68070160"}}]}]