[{"name":"24443 (2000 OG)","estimated_diameter":{"meters":{"estimated_diameter_min":1394.9382293439,"estimated_diameter_max":3119.1767052261}},"is_potentially_hazardous_asteroid":false,"close_approach_data":[{"close_approach_date":"2194-03-06","relative_velocity":{"kilometers_per_second":"32.0794433817"},"miss_distance":{"kilometers":"18525564"}}]},{"name":"366470 (2002 FD)","estimated_diameter":{"meters":{"estimated_diameter_min":350.3926411083,"estimated_diameter_max":783.5017643338}},"is_potentially_hazardous_asteroid":false,"close_approach_data":[{"close_approach_date":"2194-03-06","relative_velocity":{"kilometers_per_second":"12.2639821989"},"miss_distance":{"kilometers":"39816356"}}]},{"name":"(2004 VA1)","estimated_diameter":{"meters":{"estimated_diameter_min":211.1324447897,"estimated_diameter_max":472.1064988055}},"is_potentially_hazardous_asteroid":false,"close_approach_data":[{"close_approach_date":"2194-03-06","relative_velocity":{"kilometers_per_second":"14.7959137208"},"miss_distance":{"kilometers":"39208580"}}]},{"name":"(2013 CL89)","estimated_diameter":{"meters":{"estimated_diameter_min":350.3926411083,"estimated_diameter_max":783.5017643338}},"is_potentially_hazardous_asteroid":false,"close_approach_data":[{"close_approach_date":"2194-03-06","relative_velocity":{"kilometers_per_second":"14.5381258371"},"miss_distance":{"kilometers":"68618888"}}]},{"name":"481025 (2004 VA1)","estimated_diameter":{"meters":{"estimated_diameter_min":201.6299194428,"estimated_diameter_max":450.8582061718}},"is_potentially_hazardous_asteroid":false,"close_approach_data":[{"close_approach_date":"2194-03-06","relative_velocity":{"kilometers_per_second":"14.7960839069"},"miss_distance":{"kilometers":"39208372"}}]}]