[{"name":"(2001 OT)","estimated_diameter":{"meters":{"estimated_diameter_min":127.2198785394,"estimated_diameter_max":284.4722965033}},"is_potentially_hazardous_asteroid":false,"close_approach_data":[{"close_approach_date":"2194-11-17","relative_velocity":{"kilometers_per_second":"12.8005228242"},"miss_distance":{"kilometers":"55590700"}}]},{"name":"(2004 XL14)","estimated_diameter":{"meters":{"estimated_diameter_min":152.9519353442,"estimated_diameter_max":342.0109247198}},"is_potentially_hazardous_asteroid":true,"close_approach_data":[{"close_approach_date":"2194-11-17","relative_velocity":{"kilometers_per_second":"14.5749492441"},"miss_distance":{"kilometers":"43237296"}}]},{"name":"(2010 TH19)","estimated_diameter":{"meters":{"estimated_diameter_min":211.1324447897,"estimated_diameter_max":472.1064988055}},"is_potentially_hazardous_asteroid":true,"close_approach_data":[{"close_approach_date":"2194-11-17","relative_velocity":{"kilometers_per_second":"13.2739859242"},"miss_distance":{"kilometers":"45368396"}}]},{"name":"499582 (2010 TH19)","estimated_diameter":{"meters":{"estimated_diameter_min":211.1324447897,"estimated_diameter_max":472.1064988055}},"is_potentially_hazardous_asteroid":true,"close_approach_data":[{"close_approach_date":"2194-11-17","relative_velocity":{"kilometers_per_second":"13.2740604026"},"miss_distance":{"kilometers":"45368776"}}]}]