[{"name":"(2009 CQ1)","estimated_diameter":{"meters":{"estimated_diameter_min":192.5550781879,"estimated_diameter_max":430.566244241}},"is_potentially_hazardous_asteroid":false,"close_approach_data":[{"close_approach_date":"2194-05-05","relative_velocity":{"kilometers_per_second":"12.0116170588"},"miss_distance":{"kilometers":"30511672"}}]},{"name":"(2009 WA)","estimated_diameter":{"meters":{"estimated_diameter_min":152.9519353442,"estimated_diameter_max":342.0109247198}},"is_potentially_hazardous_asteroid":false,"close_approach_data":[{"close_approach_date":"2194-05-05","relative_velocity":{"kilometers_per_second":"17.4490463111"},"miss_distance":{"kilometers":"40359004"}}]},{"name":"(2016 VH3)","estimated_diameter":{"meters":{"estimated_diameter_min":483.6764882185,"estimated_diameter_max":1081.533506775}},"is_potentially_hazardous_asteroid":false,"close_approach_data":[{"close_approach_date":"2194-05-05","relative_velocity":{"kilometers_per_second":"24.881888597"},"miss_distance":{"kilometers":"36208428"}}]}]