[{"name":"388188 (2006 DP14)","estimated_diameter":{"meters":{"estimated_diameter_min":441.1181999969,"estimated_diameter_max":986.3702813054}},"is_potentially_hazardous_asteroid":true,"close_approach_data":[{"close_approach_date":"2194-02-10","relative_velocity":{"kilometers_per_second":"25.5047803887"},"miss_distance":{"kilometers":"8839554"}}]},{"name":"(2005 WA1)","estimated_diameter":{"meters":{"estimated_diameter_min":127.2198785394,"estimated_diameter_max":284.4722965033}},"is_potentially_hazardous_asteroid":true,"close_approach_data":[{"close_approach_date":"2194-02-10","relative_velocity":{"kilometers_per_second":"11.0130531973"},"miss_distance":{"kilometers":"33064686"}}]}]