[{"name":"(2003 UW29)","estimated_diameter":{"meters":{"estimated_diameter_min":192.5550781879,"estimated_diameter_max":430.566244241}},"is_potentially_hazardous_asteroid":true,"close_approach_data":[{"close_approach_date":"2194-10-21","relative_velocity":{"kilometers_per_second":"20.0163561286"},"miss_distance":{"kilometers":"63906408"}}]},{"name":"(2007 TF68)","estimated_diameter":{"meters":{"estimated_diameter_min":76.6575573531,"estimated_diameter_max":171.4115092306}},"is_potentially_hazardous_asteroid":false,"close_approach_data":[{"close_approach_date":"2194-10-21","relative_velocity":{"kilometers_per_second":"14.2745562025"},"miss_distance":{"kilometers":"23108494"}}]},{"name":"506491 (2003 UW29)","estimated_diameter":{"meters":{"estimated_diameter_min":192.5550781879,"estimated_diameter_max":430.566244241}},"is_potentially_hazardous_asteroid":true,"close_approach_data":[{"close_approach_date":"2194-10-21","relative_velocity":{"kilometers_per_second":"20.0163508289"},"miss_distance":{"kilometers":"63906488"}}]}]