[{"name":"53550 (2000 BF19)","estimated_diameter":{"meters":{"estimated_diameter_min":421.2646105562,"estimated_diameter_max":941.9763057186}},"is_potentially_hazardous_asteroid":true,"close_approach_data":[{"close_approach_date":"2194-07-24","relative_velocity":{"kilometers_per_second":"9.3174791988"},"miss_distance":{"kilometers":"20771068"}}]},{"name":"393359 (1998 ME3)","estimated_diameter":{"meters":{"estimated_diameter_min":384.1978910643,"estimated_diameter_max":859.0926012318}},"is_potentially_hazardous_asteroid":false,"close_approach_data":[{"close_approach_date":"2194-07-24","relative_velocity":{"kilometers_per_second":"5.9265343429"},"miss_distance":{"kilometers":"16757186"}}]},{"name":"(2003 CG11)","estimated_diameter":{"meters":{"estimated_diameter_min":211.1324447897,"estimated_diameter_max":472.1064988055}},"is_potentially_hazardous_asteroid":true,"close_approach_data":[{"close_approach_date":"2194-07-24","relative_velocity":{"kilometers_per_second":"20.7554268676"},"miss_distance":{"kilometers":"16548666"}}]}]