[{"name":"364877 (2008 EM9)","estimated_diameter":{"meters":{"estimated_diameter_min":921.6265485028,"estimated_diameter_max":2060.8196123208}},"is_potentially_hazardous_asteroid":false,"close_approach_data":[{"close_approach_date":"2194-07-19","relative_velocity":{"kilometers_per_second":"25.667629518"},"miss_distance":{"kilometers":"30563536"}}]},{"name":"(2016 AZ8)","estimated_diameter":{"meters":{"estimated_diameter_min":160.1603379786,"estimated_diameter_max":358.1294030194}},"is_potentially_hazardous_asteroid":true,"close_approach_data":[{"close_approach_date":"2194-07-19","relative_velocity":{"kilometers_per_second":"7.6265156742"},"miss_distance":{"kilometers":"71862160"}}]}]