[{"name":"443103 (2013 WT67)","estimated_diameter":{"meters":{"estimated_diameter_min":667.6594134952,"estimated_diameter_max":1492.931834393}},"is_potentially_hazardous_asteroid":true,"close_approach_data":[{"close_approach_date":"2194-08-19","relative_velocity":{"kilometers_per_second":"11.5289810031"},"miss_distance":{"kilometers":"8212406.5"}}]},{"name":"(2008 SS)","estimated_diameter":{"meters":{"estimated_diameter_min":96.5061469579,"estimated_diameter_max":215.7943048444}},"is_potentially_hazardous_asteroid":false,"close_approach_data":[{"close_approach_date":"2194-08-19","relative_velocity":{"kilometers_per_second":"12.977288566"},"miss_distance":{"kilometers":"70983384"}}]},{"name":"(2014 PL51)","estimated_diameter":{"meters":{"estimated_diameter_min":221.0828103591,"estimated_diameter_max":494.3561926196}},"is_potentially_hazardous_asteroid":false,"close_approach_data":[{"close_approach_date":"2194-08-19","relative_velocity":{"kilometers_per_second":"9.7497501864"},"miss_distance":{"kilometers":"27997614"}}]},{"name":"(2016 DU21)","estimated_diameter":{"meters":{"estimated_diameter_min":133.2155666981,"estimated_diameter_max":297.8790627982}},"is_potentially_hazardous_asteroid":false,"close_approach_data":[{"close_approach_date":"2194-08-19","relative_velocity":{"kilometers_per_second":"17.1993480364"},"miss_distance":{"kilometers":"71804184"}}]}]