[{"name":"(2008 JG)","estimated_diameter":{"meters":{"estimated_diameter_min":183.8886720703,"estimated_diameter_max":411.1875710413}},"is_potentially_hazardous_asteroid":true,"close_approach_data":[{"close_approach_date":"2194-01-28","relative_velocity":{"kilometers_per_second":"21.988882235"},"miss_distance":{"kilometers":"62603856"}}]},{"name":"(2011 UT20)","estimated_diameter":{"meters":{"estimated_diameter_min":211.1324447897,"estimated_diameter_max":472.1064988055}},"is_potentially_hazardous_asteroid":true,"close_approach_data":[{"close_approach_date":"2194-01-28","relative_velocity":{"kilometers_per_second":"12.1826201929"},"miss_distance":{"kilometers":"44261676"}}]}]