[{"name":"5731 Zeus (1988 VP4)","estimated_diameter":{"meters":{"estimated_diameter_min":2016.2991944276,"estimated_diameter_max":4508.5820617181}},"is_potentially_hazardous_asteroid":false,"close_approach_data":[{"close_approach_date":"2194-02-16","relative_velocity":{"kilometers_per_second":"13.9386214726"},"miss_distance":{"kilometers":"35905128"}}]},{"name":"(2014 YD35)","estimated_diameter":{"meters":{"estimated_diameter_min":167.7084621628,"estimated_diameter_max":375.0075217981}},"is_potentially_hazardous_asteroid":false,"close_approach_data":[{"close_approach_date":"2194-02-16","relative_velocity":{"kilometers_per_second":"10.3255375684"},"miss_distance":{"kilometers":"45090944"}}]},{"name":"(2016 VU3)","estimated_diameter":{"meters":{"estimated_diameter_min":201.6299194428,"estimated_diameter_max":450.8582061718}},"is_potentially_hazardous_asteroid":false,"close_approach_data":[{"close_approach_date":"2194-02-16","relative_velocity":{"kilometers_per_second":"17.8531867836"},"miss_distance":{"kilometers":"47445960"}}]}]