[{"name":"(2006 MD12)","estimated_diameter":{"meters":{"estimated_diameter_min":350.3926411083,"estimated_diameter_max":783.5017643338}},"is_potentially_hazardous_asteroid":false,"close_approach_data":[{"close_approach_date":"2194-06-21","relative_velocity":{"kilometers_per_second":"16.9917102456"},"miss_distance":{"kilometers":"46092412"}}]},{"name":"468540 (2006 MD12)","estimated_diameter":{"meters":{"estimated_diameter_min":350.3926411083,"estimated_diameter_max":783.5017643338}},"is_potentially_hazardous_asteroid":false,"close_approach_data":[{"close_approach_date":"2194-06-21","relative_velocity":{"kilometers_per_second":"16.9912877103"},"miss_distance":{"kilometers":"46093984"}}]}]