[{"name":"(2012 FS62)","estimated_diameter":{"meters":{"estimated_diameter_min":242.4124811008,"estimated_diameter_max":542.0507863358}},"is_potentially_hazardous_asteroid":false,"close_approach_data":[{"close_approach_date":"2194-05-26","relative_velocity":{"kilometers_per_second":"23.4806729971"},"miss_distance":{"kilometers":"62109004"}}]},{"name":"(2001 LD)","estimated_diameter":{"meters":{"estimated_diameter_min":253.8370293645,"estimated_diameter_max":567.5968528656}},"is_potentially_hazardous_asteroid":true,"close_approach_data":[{"close_approach_date":"2194-05-26","relative_velocity":{"kilometers_per_second":"15.7732970278"},"miss_distance":{"kilometers":"49005868"}}]}]