[{"name":"(2006 UM)","estimated_diameter":{"meters":{"estimated_diameter_min":530.3407233187,"estimated_diameter_max":1185.8779085771}},"is_potentially_hazardous_asteroid":false,"close_approach_data":[{"close_approach_date":"2194-01-24","relative_velocity":{"kilometers_per_second":"9.2639898774"},"miss_distance":{"kilometers":"44847636"}}]},{"name":"(2010 BH2)","estimated_diameter":{"meters":{"estimated_diameter_min":334.6223744549,"estimated_diameter_max":748.2383760735}},"is_potentially_hazardous_asteroid":false,"close_approach_data":[{"close_approach_date":"2194-01-24","relative_velocity":{"kilometers_per_second":"12.516582356"},"miss_distance":{"kilometers":"57378664"}}]},{"name":"489337 (2006 UM)","estimated_diameter":{"meters":{"estimated_diameter_min":530.3407233187,"estimated_diameter_max":1185.8779085771}},"is_potentially_hazardous_asteroid":false,"close_approach_data":[{"close_approach_date":"2194-01-24","relative_velocity":{"kilometers_per_second":"9.2639924923"},"miss_distance":{"kilometers":"44847648"}}]}]