[{"name":"413260 (2003 TL4)","estimated_diameter":{"meters":{"estimated_diameter_min":350.3926411083,"estimated_diameter_max":783.5017643338}},"is_potentially_hazardous_asteroid":true,"close_approach_data":[{"close_approach_date":"2194-04-30","relative_velocity":{"kilometers_per_second":"19.7519636814"},"miss_distance":{"kilometers":"74079600"}}]},{"name":"(2005 JO3)","estimated_diameter":{"meters":{"estimated_diameter_min":278.3267680719,"estimated_diameter_max":622.3575733667}},"is_potentially_hazardous_asteroid":false,"close_approach_data":[{"close_approach_date":"2194-04-30","relative_velocity":{"kilometers_per_second":"17.7574736878"},"miss_distance":{"kilometers":"49145296"}}]},{"name":"(2007 VK3)","estimated_diameter":{"meters":{"estimated_diameter_min":110.8038821264,"estimated_diameter_max":247.7650126055}},"is_potentially_hazardous_asteroid":false,"close_approach_data":[{"close_approach_date":"2194-04-30","relative_velocity":{"kilometers_per_second":"14.0984800742"},"miss_distance":{"kilometers":"22750176"}}]}]