[{"name":"398188 Agni (2010 LE15)","estimated_diameter":{"meters":{"estimated_diameter_min":334.6223744549,"estimated_diameter_max":748.2383760735}},"is_potentially_hazardous_asteroid":true,"close_approach_data":[{"close_approach_date":"2194-08-08","relative_velocity":{"kilometers_per_second":"17.1222789705"},"miss_distance":{"kilometers":"47740424"}}]},{"name":"(2007 MC4)","estimated_diameter":{"meters":{"estimated_diameter_min":160.1603379786,"estimated_diameter_max":358.1294030194}},"is_potentially_hazardous_asteroid":false,"close_approach_data":[{"close_approach_date":"2194-08-08","relative_velocity":{"kilometers_per_second":"12.2688917305"},"miss_distance":{"kilometers":"45078144"}}]},{"name":"(2011 EZ40)","estimated_diameter":{"meters":{"estimated_diameter_min":146.0679642714,"estimated_diameter_max":326.6178974458}},"is_potentially_hazardous_asteroid":false,"close_approach_data":[{"close_approach_date":"2194-08-08","relative_velocity":{"kilometers_per_second":"14.8726897375"},"miss_distance":{"kilometers":"31185426"}}]},{"name":"(2012 PA)","estimated_diameter":{"meters":{"estimated_diameter_min":231.5021222103,"estimated_diameter_max":517.6544821978}},"is_potentially_hazardous_asteroid":false,"close_approach_data":[{"close_approach_date":"2194-08-08","relative_velocity":{"kilometers_per_second":"30.2702779773"},"miss_distance":{"kilometers":"40654304"}}]}]