[{"name":"280491 (2004 MO7)","estimated_diameter":{"meters":{"estimated_diameter_min":421.2646105562,"estimated_diameter_max":941.9763057186}},"is_potentially_hazardous_asteroid":false,"close_approach_data":[{"close_approach_date":"2194-09-13","relative_velocity":{"kilometers_per_second":"26.8797514873"},"miss_distance":{"kilometers":"60472756"}}]},{"name":"(2008 QV11)","estimated_diameter":{"meters":{"estimated_diameter_min":167.7084621628,"estimated_diameter_max":375.0075217981}},"is_potentially_hazardous_asteroid":false,"close_approach_data":[{"close_approach_date":"2194-09-13","relative_velocity":{"kilometers_per_second":"10.3840639468"},"miss_distance":{"kilometers":"23800364"}}]}]