[{"name":"66272 (1999 JW6)","estimated_diameter":{"meters":{"estimated_diameter_min":1010.5434154201,"estimated_diameter_max":2259.643771094}},"is_potentially_hazardous_asteroid":false,"close_approach_data":[{"close_approach_date":"2194-12-03","relative_velocity":{"kilometers_per_second":"24.7257941566"},"miss_distance":{"kilometers":"60890332"}}]},{"name":"141498 (2002 EZ16)","estimated_diameter":{"meters":{"estimated_diameter_min":581.5070396458,"estimated_diameter_max":1300.2892700427}},"is_potentially_hazardous_asteroid":false,"close_approach_data":[{"close_approach_date":"2194-12-03","relative_velocity":{"kilometers_per_second":"22.2103210438"},"miss_distance":{"kilometers":"26560220"}}]},{"name":"(1994 XL1)","estimated_diameter":{"meters":{"estimated_diameter_min":175.6123184804,"estimated_diameter_max":392.6810818086}},"is_potentially_hazardous_asteroid":true,"close_approach_data":[{"close_approach_date":"2194-12-03","relative_velocity":{"kilometers_per_second":"15.7180120988"},"miss_distance":{"kilometers":"9660470"}}]},{"name":"(2006 UL217)","estimated_diameter":{"meters":{"estimated_diameter_min":183.8886720703,"estimated_diameter_max":411.1875710413}},"is_potentially_hazardous_asteroid":true,"close_approach_data":[{"close_approach_date":"2194-12-03","relative_velocity":{"kilometers_per_second":"22.7249724998"},"miss_distance":{"kilometers":"72944184"}}]},{"name":"(2009 WZ104)","estimated_diameter":{"meters":{"estimated_diameter_min":221.0828103591,"estimated_diameter_max":494.3561926196}},"is_potentially_hazardous_asteroid":true,"close_approach_data":[{"close_approach_date":"2194-12-03","relative_velocity":{"kilometers_per_second":"7.4080051824"},"miss_distance":{"kilometers":"10844333"}}]},{"name":"480808 (1994 XL1)","estimated_diameter":{"meters":{"estimated_diameter_min":175.6123184804,"estimated_diameter_max":392.6810818086}},"is_potentially_hazardous_asteroid":true,"close_approach_data":[{"close_approach_date":"2194-12-03","relative_velocity":{"kilometers_per_second":"15.717944866"},"miss_distance":{"kilometers":"9658954"}}]},{"name":"490581 (2009 WZ104)","estimated_diameter":{"meters":{"estimated_diameter_min":221.0828103591,"estimated_diameter_max":494.3561926196}},"is_potentially_hazardous_asteroid":true,"close_approach_data":[{"close_approach_date":"2194-12-03","relative_velocity":{"kilometers_per_second":"7.40800076"},"miss_distance":{"kilometers":"10844286"}}]}]