[{"name":"407656 (2011 SL102)","estimated_diameter":{"meters":{"estimated_diameter_min":608.9126221057,"estimated_diameter_max":1361.5700153859}},"is_potentially_hazardous_asteroid":false,"close_approach_data":[{"close_approach_date":"2194-12-29","relative_velocity":{"kilometers_per_second":"6.711984072"},"miss_distance":{"kilometers":"29312108"}}]},{"name":"(2016 PA8)","estimated_diameter":{"meters":{"estimated_diameter_min":110.8038821264,"estimated_diameter_max":247.7650126055}},"is_potentially_hazardous_asteroid":false,"close_approach_data":[{"close_approach_date":"2194-12-29","relative_velocity":{"kilometers_per_second":"13.3445669502"},"miss_distance":{"kilometers":"41954332"}}]}]