[{"name":"374158 (2004 UL)","estimated_diameter":{"meters":{"estimated_diameter_min":461.9074602816,"estimated_diameter_max":1032.8564805039}},"is_potentially_hazardous_asteroid":true,"close_approach_data":[{"close_approach_date":"2194-08-30","relative_velocity":{"kilometers_per_second":"28.7464939726"},"miss_distance":{"kilometers":"64930872"}}]},{"name":"427684 (2004 DH2)","estimated_diameter":{"meters":{"estimated_diameter_min":242.4124811008,"estimated_diameter_max":542.0507863358}},"is_potentially_hazardous_asteroid":false,"close_approach_data":[{"close_approach_date":"2194-08-30","relative_velocity":{"kilometers_per_second":"20.5163113002"},"miss_distance":{"kilometers":"60463572"}}]},{"name":"(2002 JX8)","estimated_diameter":{"meters":{"estimated_diameter_min":231.5021222103,"estimated_diameter_max":517.6544821978}},"is_potentially_hazardous_asteroid":true,"close_approach_data":[{"close_approach_date":"2194-08-30","relative_velocity":{"kilometers_per_second":"9.4413435148"},"miss_distance":{"kilometers":"56425424"}}]},{"name":"(2014 GC35)","estimated_diameter":{"meters":{"estimated_diameter_min":88.0146520901,"estimated_diameter_max":196.8067450894}},"is_potentially_hazardous_asteroid":false,"close_approach_data":[{"close_approach_date":"2194-08-30","relative_velocity":{"kilometers_per_second":"21.4051954862"},"miss_distance":{"kilometers":"69084112"}}]},{"name":"(2014 QD391)","estimated_diameter":{"meters":{"estimated_diameter_min":133.2155666981,"estimated_diameter_max":297.8790627982}},"is_potentially_hazardous_asteroid":false,"close_approach_data":[{"close_approach_date":"2194-08-30","relative_velocity":{"kilometers_per_second":"23.181124153"},"miss_distance":{"kilometers":"26925752"}}]},{"name":"(2009 MW)","estimated_diameter":{"meters":{"estimated_diameter_min":183.8886720703,"estimated_diameter_max":411.1875710413}},"is_potentially_hazardous_asteroid":false,"close_approach_data":[{"close_approach_date":"2194-08-30","relative_velocity":{"kilometers_per_second":"13.4537212646"},"miss_distance":{"kilometers":"60438632"}}]},{"name":"(2014 QE365)","estimated_diameter":{"meters":{"estimated_diameter_min":167.7084621628,"estimated_diameter_max":375.0075217981}},"is_potentially_hazardous_asteroid":false,"close_approach_data":[{"close_approach_date":"2194-08-30","relative_velocity":{"kilometers_per_second":"13.4417761502"},"miss_distance":{"kilometers":"46112856"}}]},{"name":"(2014 JW54)","estimated_diameter":{"meters":{"estimated_diameter_min":483.6764882185,"estimated_diameter_max":1081.533506775}},"is_potentially_hazardous_asteroid":false,"close_approach_data":[{"close_approach_date":"2194-08-30","relative_velocity":{"kilometers_per_second":"32.4267462821"},"miss_distance":{"kilometers":"55145228"}}]}]