[{"name":"(2004 MD6)","estimated_diameter":{"meters":{"estimated_diameter_min":221.0828103591,"estimated_diameter_max":494.3561926196}},"is_potentially_hazardous_asteroid":true,"close_approach_data":[{"close_approach_date":"2194-07-07","relative_velocity":{"kilometers_per_second":"34.8843895468"},"miss_distance":{"kilometers":"71425496"}}]},{"name":"(2012 XD112)","estimated_diameter":{"meters":{"estimated_diameter_min":160.1603379786,"estimated_diameter_max":358.1294030194}},"is_potentially_hazardous_asteroid":true,"close_approach_data":[{"close_approach_date":"2194-07-07","relative_velocity":{"kilometers_per_second":"6.7875449678"},"miss_distance":{"kilometers":"67868608"}}]},{"name":"468005 (2012 XD112)","estimated_diameter":{"meters":{"estimated_diameter_min":152.9519353442,"estimated_diameter_max":342.0109247198}},"is_potentially_hazardous_asteroid":true,"close_approach_data":[{"close_approach_date":"2194-07-07","relative_velocity":{"kilometers_per_second":"6.787465"},"miss_distance":{"kilometers":"67868000"}}]}]