[{"name":"138937 (2001 BK16)","estimated_diameter":{"meters":{"estimated_diameter_min":840.5334020728,"estimated_diameter_max":1879.4898243938}},"is_potentially_hazardous_asteroid":false,"close_approach_data":[{"close_approach_date":"2194-12-11","relative_velocity":{"kilometers_per_second":"22.3132634189"},"miss_distance":{"kilometers":"33091470"}}]},{"name":"152828 (1999 VT25)","estimated_diameter":{"meters":{"estimated_diameter_min":152.9519353442,"estimated_diameter_max":342.0109247198}},"is_potentially_hazardous_asteroid":true,"close_approach_data":[{"close_approach_date":"2194-12-11","relative_velocity":{"kilometers_per_second":"9.2112377621"},"miss_distance":{"kilometers":"43047552"}}]},{"name":"163683 (2002 YP2)","estimated_diameter":{"meters":{"estimated_diameter_min":421.2646105562,"estimated_diameter_max":941.9763057186}},"is_potentially_hazardous_asteroid":true,"close_approach_data":[{"close_approach_date":"2194-12-11","relative_velocity":{"kilometers_per_second":"27.973733135"},"miss_distance":{"kilometers":"28408258"}}]},{"name":"(2015 SY)","estimated_diameter":{"meters":{"estimated_diameter_min":58.1507039646,"estimated_diameter_max":130.0289270043}},"is_potentially_hazardous_asteroid":false,"close_approach_data":[{"close_approach_date":"2194-12-11","relative_velocity":{"kilometers_per_second":"10.9141946734"},"miss_distance":{"kilometers":"45206720"}}]}]