[{"name":"267337 (2001 VK5)","estimated_diameter":{"meters":{"estimated_diameter_min":699.1252322458,"estimated_diameter_max":1563.2915440869}},"is_potentially_hazardous_asteroid":true,"close_approach_data":[{"close_approach_date":"2194-05-08","relative_velocity":{"kilometers_per_second":"18.0298462814"},"miss_distance":{"kilometers":"11178710"}}]},{"name":"341050 (2007 HZ)","estimated_diameter":{"meters":{"estimated_diameter_min":231.5021222103,"estimated_diameter_max":517.6544821978}},"is_potentially_hazardous_asteroid":false,"close_approach_data":[{"close_approach_date":"2194-05-08","relative_velocity":{"kilometers_per_second":"6.2553715582"},"miss_distance":{"kilometers":"61884532"}}]},{"name":"414286 (2008 OC6)","estimated_diameter":{"meters":{"estimated_diameter_min":506.4714588346,"estimated_diameter_max":1132.5046106177}},"is_potentially_hazardous_asteroid":true,"close_approach_data":[{"close_approach_date":"2194-05-08","relative_velocity":{"kilometers_per_second":"19.4912001347"},"miss_distance":{"kilometers":"63755940"}}]},{"name":"(2008 XW2)","estimated_diameter":{"meters":{"estimated_diameter_min":201.6299194428,"estimated_diameter_max":450.8582061718}},"is_potentially_hazardous_asteroid":true,"close_approach_data":[{"close_approach_date":"2194-05-08","relative_velocity":{"kilometers_per_second":"23.8529794559"},"miss_distance":{"kilometers":"36260228"}}]},{"name":"(2015 VB1)","estimated_diameter":{"meters":{"estimated_diameter_min":50.6471458835,"estimated_diameter_max":113.2504610618}},"is_potentially_hazardous_asteroid":false,"close_approach_data":[{"close_approach_date":"2194-05-08","relative_velocity":{"kilometers_per_second":"12.43423247"},"miss_distance":{"kilometers":"22551426"}}]}]