[{"name":"(1994 CJ1)","estimated_diameter":{"meters":{"estimated_diameter_min":139.4938229344,"estimated_diameter_max":311.9176705226}},"is_potentially_hazardous_asteroid":true,"close_approach_data":[{"close_approach_date":"2194-02-25","relative_velocity":{"kilometers_per_second":"5.247154213"},"miss_distance":{"kilometers":"69499960"}}]},{"name":"(2010 ED43)","estimated_diameter":{"meters":{"estimated_diameter_min":291.4439045349,"estimated_diameter_max":651.6883821679}},"is_potentially_hazardous_asteroid":false,"close_approach_data":[{"close_approach_date":"2194-02-25","relative_velocity":{"kilometers_per_second":"26.11163825"},"miss_distance":{"kilometers":"73691152"}}]},{"name":"(2012 SG32)","estimated_diameter":{"meters":{"estimated_diameter_min":110.8038821264,"estimated_diameter_max":247.7650126055}},"is_potentially_hazardous_asteroid":false,"close_approach_data":[{"close_approach_date":"2194-02-25","relative_velocity":{"kilometers_per_second":"10.3558187219"},"miss_distance":{"kilometers":"32512930"}}]}]