[{"name":"(2013 GW68)","estimated_diameter":{"meters":{"estimated_diameter_min":116.0259082094,"estimated_diameter_max":259.4418179074}},"is_potentially_hazardous_asteroid":false,"close_approach_data":[{"close_approach_date":"2194-09-07","relative_velocity":{"kilometers_per_second":"12.0048661557"},"miss_distance":{"kilometers":"21267426"}}]},{"name":"(2015 FB36)","estimated_diameter":{"meters":{"estimated_diameter_min":160.1603379786,"estimated_diameter_max":358.1294030194}},"is_potentially_hazardous_asteroid":false,"close_approach_data":[{"close_approach_date":"2194-09-07","relative_velocity":{"kilometers_per_second":"18.8959741783"},"miss_distance":{"kilometers":"42780264"}}]}]