[{"name":"398188 Agni (2010 LE15)","estimated_diameter":{"meters":{"estimated_diameter_min":334.6223744549,"estimated_diameter_max":748.2383760735}},"is_potentially_hazardous_asteroid":true,"close_approach_data":[{"close_approach_date":"2194-01-18","relative_velocity":{"kilometers_per_second":"14.2279463692"},"miss_distance":{"kilometers":"53433168"}}]},{"name":"(2008 QV11)","estimated_diameter":{"meters":{"estimated_diameter_min":167.7084621628,"estimated_diameter_max":375.0075217981}},"is_potentially_hazardous_asteroid":false,"close_approach_data":[{"close_approach_date":"2194-01-18","relative_velocity":{"kilometers_per_second":"21.3303510484"},"miss_distance":{"kilometers":"72726624"}}]},{"name":"(2012 DK31)","estimated_diameter":{"meters":{"estimated_diameter_min":116.0259082094,"estimated_diameter_max":259.4418179074}},"is_potentially_hazardous_asteroid":true,"close_approach_data":[{"close_approach_date":"2194-01-18","relative_velocity":{"kilometers_per_second":"23.2865330006"},"miss_distance":{"kilometers":"47437024"}}]}]