[{"name":"85184 (1991 JG1)","estimated_diameter":{"meters":{"estimated_diameter_min":555.334911581,"estimated_diameter_max":1241.766612574}},"is_potentially_hazardous_asteroid":false,"close_approach_data":[{"close_approach_date":"2194-05-04","relative_velocity":{"kilometers_per_second":"17.7198425825"},"miss_distance":{"kilometers":"49309784"}}]},{"name":"302311 (2002 AA)","estimated_diameter":{"meters":{"estimated_diameter_min":366.9061375314,"estimated_diameter_max":820.4270648822}},"is_potentially_hazardous_asteroid":false,"close_approach_data":[{"close_approach_date":"2194-05-04","relative_velocity":{"kilometers_per_second":"8.1775623948"},"miss_distance":{"kilometers":"73459616"}}]},{"name":"(2000 YA)","estimated_diameter":{"meters":{"estimated_diameter_min":48.3676488219,"estimated_diameter_max":108.1533506775}},"is_potentially_hazardous_asteroid":false,"close_approach_data":[{"close_approach_date":"2194-05-04","relative_velocity":{"kilometers_per_second":"22.2285478642"},"miss_distance":{"kilometers":"40544132"}}]},{"name":"(2003 QW30)","estimated_diameter":{"meters":{"estimated_diameter_min":201.6299194428,"estimated_diameter_max":450.8582061718}},"is_potentially_hazardous_asteroid":false,"close_approach_data":[{"close_approach_date":"2194-05-04","relative_velocity":{"kilometers_per_second":"21.1999709035"},"miss_distance":{"kilometers":"58873104"}}]},{"name":"(2014 QJ433)","estimated_diameter":{"meters":{"estimated_diameter_min":483.6764882185,"estimated_diameter_max":1081.533506775}},"is_potentially_hazardous_asteroid":false,"close_approach_data":[{"close_approach_date":"2194-05-04","relative_velocity":{"kilometers_per_second":"22.2172279017"},"miss_distance":{"kilometers":"48263900"}}]},{"name":"(2016 YB8)","estimated_diameter":{"meters":{"estimated_diameter_min":33.4622374455,"estimated_diameter_max":74.8238376074}},"is_potentially_hazardous_asteroid":false,"close_approach_data":[{"close_approach_date":"2194-05-04","relative_velocity":{"kilometers_per_second":"20.5502496228"},"miss_distance":{"kilometers":"43534944"}}]},{"name":"497025 (2003 QW30)","estimated_diameter":{"meters":{"estimated_diameter_min":201.6299194428,"estimated_diameter_max":450.8582061718}},"is_potentially_hazardous_asteroid":false,"close_approach_data":[{"close_approach_date":"2194-05-04","relative_velocity":{"kilometers_per_second":"21.1999706549"},"miss_distance":{"kilometers":"58873104"}}]}]