[{"name":"226554 (2003 WR21)","estimated_diameter":{"meters":{"estimated_diameter_min":319.5618867213,"estimated_diameter_max":714.5621017269}},"is_potentially_hazardous_asteroid":true,"close_approach_data":[{"close_approach_date":"2194-07-26","relative_velocity":{"kilometers_per_second":"22.4788941492"},"miss_distance":{"kilometers":"73445048"}}]},{"name":"(2006 AK8)","estimated_diameter":{"meters":{"estimated_diameter_min":152.9519353442,"estimated_diameter_max":342.0109247198}},"is_potentially_hazardous_asteroid":false,"close_approach_data":[{"close_approach_date":"2194-07-26","relative_velocity":{"kilometers_per_second":"14.4318933905"},"miss_distance":{"kilometers":"50623344"}}]},{"name":"469929 (2006 AK8)","estimated_diameter":{"meters":{"estimated_diameter_min":167.7084621628,"estimated_diameter_max":375.0075217981}},"is_potentially_hazardous_asteroid":false,"close_approach_data":[{"close_approach_date":"2194-07-26","relative_velocity":{"kilometers_per_second":"14.4319047011"},"miss_distance":{"kilometers":"50623160"}}]},{"name":"(2016 XE18)","estimated_diameter":{"meters":{"estimated_diameter_min":23.150212221,"estimated_diameter_max":51.7654482198}},"is_potentially_hazardous_asteroid":false,"close_approach_data":[{"close_approach_date":"2194-07-26","relative_velocity":{"kilometers_per_second":"7.994977825"},"miss_distance":{"kilometers":"36096512"}}]}]