[{"name":"138971 (2001 CB21)","estimated_diameter":{"meters":{"estimated_diameter_min":555.334911581,"estimated_diameter_max":1241.766612574}},"is_potentially_hazardous_asteroid":true,"close_approach_data":[{"close_approach_date":"2194-10-11","relative_velocity":{"kilometers_per_second":"17.0600558374"},"miss_distance":{"kilometers":"30181110"}}]},{"name":"(2015 BE513)","estimated_diameter":{"meters":{"estimated_diameter_min":101.054341542,"estimated_diameter_max":225.9643771094}},"is_potentially_hazardous_asteroid":false,"close_approach_data":[{"close_approach_date":"2194-10-11","relative_velocity":{"kilometers_per_second":"14.7913454534"},"miss_distance":{"kilometers":"58293220"}}]},{"name":"(2004 TB10)","estimated_diameter":{"meters":{"estimated_diameter_min":146.0679642714,"estimated_diameter_max":326.6178974458}},"is_potentially_hazardous_asteroid":true,"close_approach_data":[{"close_approach_date":"2194-10-11","relative_velocity":{"kilometers_per_second":"11.5405384689"},"miss_distance":{"kilometers":"28716762"}}]}]