[{"name":"401925 (2002 AT15)","estimated_diameter":{"meters":{"estimated_diameter_min":555.334911581,"estimated_diameter_max":1241.766612574}},"is_potentially_hazardous_asteroid":false,"close_approach_data":[{"close_approach_date":"2194-07-17","relative_velocity":{"kilometers_per_second":"26.7919082559"},"miss_distance":{"kilometers":"72199664"}}]},{"name":"(2010 GH30)","estimated_diameter":{"meters":{"estimated_diameter_min":183.8886720703,"estimated_diameter_max":411.1875710413}},"is_potentially_hazardous_asteroid":false,"close_approach_data":[{"close_approach_date":"2194-07-17","relative_velocity":{"kilometers_per_second":"4.8545535397"},"miss_distance":{"kilometers":"69852000"}}]},{"name":"(2015 GF)","estimated_diameter":{"meters":{"estimated_diameter_min":192.5550781879,"estimated_diameter_max":430.566244241}},"is_potentially_hazardous_asteroid":false,"close_approach_data":[{"close_approach_date":"2194-07-17","relative_velocity":{"kilometers_per_second":"7.7406557153"},"miss_distance":{"kilometers":"62261192"}}]}]