[{"name":"288592 (2004 JW20)","estimated_diameter":{"meters":{"estimated_diameter_min":211.1324447897,"estimated_diameter_max":472.1064988055}},"is_potentially_hazardous_asteroid":false,"close_approach_data":[{"close_approach_date":"2194-08-11","relative_velocity":{"kilometers_per_second":"13.0404094335"},"miss_distance":{"kilometers":"43322752"}}]},{"name":"(1997 AC11)","estimated_diameter":{"meters":{"estimated_diameter_min":211.1324447897,"estimated_diameter_max":472.1064988055}},"is_potentially_hazardous_asteroid":false,"close_approach_data":[{"close_approach_date":"2194-08-11","relative_velocity":{"kilometers_per_second":"23.2548551053"},"miss_distance":{"kilometers":"57303300"}}]}]