[{"name":"415713 (1998 XX2)","estimated_diameter":{"meters":{"estimated_diameter_min":278.3267680719,"estimated_diameter_max":622.3575733667}},"is_potentially_hazardous_asteroid":true,"close_approach_data":[{"close_approach_date":"2194-08-10","relative_velocity":{"kilometers_per_second":"8.4439846929"},"miss_distance":{"kilometers":"59033368"}}]},{"name":"(2009 RM)","estimated_diameter":{"meters":{"estimated_diameter_min":608.9126221057,"estimated_diameter_max":1361.5700153859}},"is_potentially_hazardous_asteroid":false,"close_approach_data":[{"close_approach_date":"2194-08-10","relative_velocity":{"kilometers_per_second":"4.5709930646"},"miss_distance":{"kilometers":"56744772"}}]},{"name":"(2013 CL89)","estimated_diameter":{"meters":{"estimated_diameter_min":350.3926411083,"estimated_diameter_max":783.5017643338}},"is_potentially_hazardous_asteroid":false,"close_approach_data":[{"close_approach_date":"2194-08-10","relative_velocity":{"kilometers_per_second":"16.6398779311"},"miss_distance":{"kilometers":"31004080"}}]},{"name":"(2014 OY337)","estimated_diameter":{"meters":{"estimated_diameter_min":183.8886720703,"estimated_diameter_max":411.1875710413}},"is_potentially_hazardous_asteroid":false,"close_approach_data":[{"close_approach_date":"2194-08-10","relative_velocity":{"kilometers_per_second":"16.5427243844"},"miss_distance":{"kilometers":"63882884"}}]}]