[{"name":"438661 (2008 EP6)","estimated_diameter":{"meters":{"estimated_diameter_min":350.3926411083,"estimated_diameter_max":783.5017643338}},"is_potentially_hazardous_asteroid":true,"close_approach_data":[{"close_approach_date":"2194-01-31","relative_velocity":{"kilometers_per_second":"12.4328607689"},"miss_distance":{"kilometers":"8129056.5"}}]},{"name":"(2003 YP17)","estimated_diameter":{"meters":{"estimated_diameter_min":421.2646105562,"estimated_diameter_max":941.9763057186}},"is_potentially_hazardous_asteroid":false,"close_approach_data":[{"close_approach_date":"2194-01-31","relative_velocity":{"kilometers_per_second":"18.1181265289"},"miss_distance":{"kilometers":"59355440"}}]},{"name":"(2013 NT11)","estimated_diameter":{"meters":{"estimated_diameter_min":319.5618867213,"estimated_diameter_max":714.5621017269}},"is_potentially_hazardous_asteroid":false,"close_approach_data":[{"close_approach_date":"2194-01-31","relative_velocity":{"kilometers_per_second":"36.5421674516"},"miss_distance":{"kilometers":"62574084"}}]},{"name":"(2012 AW)","estimated_diameter":{"meters":{"estimated_diameter_min":105.8168859331,"estimated_diameter_max":236.6137501138}},"is_potentially_hazardous_asteroid":false,"close_approach_data":[{"close_approach_date":"2194-01-31","relative_velocity":{"kilometers_per_second":"8.6038248182"},"miss_distance":{"kilometers":"33865188"}}]}]