[{"name":"(2012 FK35)","estimated_diameter":{"meters":{"estimated_diameter_min":608.9126221057,"estimated_diameter_max":1361.5700153859}},"is_potentially_hazardous_asteroid":false,"close_approach_data":[{"close_approach_date":"2194-04-27","relative_velocity":{"kilometers_per_second":"19.9885162526"},"miss_distance":{"kilometers":"53491052"}}]},{"name":"(2016 RN1)","estimated_diameter":{"meters":{"estimated_diameter_min":160.1603379786,"estimated_diameter_max":358.1294030194}},"is_potentially_hazardous_asteroid":true,"close_approach_data":[{"close_approach_date":"2194-04-27","relative_velocity":{"kilometers_per_second":"16.0191817013"},"miss_distance":{"kilometers":"49162220"}}]},{"name":"485882 (2012 FK35)","estimated_diameter":{"meters":{"estimated_diameter_min":608.9126221057,"estimated_diameter_max":1361.5700153859}},"is_potentially_hazardous_asteroid":false,"close_approach_data":[{"close_approach_date":"2194-04-27","relative_velocity":{"kilometers_per_second":"19.9884796247"},"miss_distance":{"kilometers":"53491388"}}]}]