[{"name":"(2008 SW11)","estimated_diameter":{"meters":{"estimated_diameter_min":152.9519353442,"estimated_diameter_max":342.0109247198}},"is_potentially_hazardous_asteroid":false,"close_approach_data":[{"close_approach_date":"2194-09-09","relative_velocity":{"kilometers_per_second":"7.631770193"},"miss_distance":{"kilometers":"43079712"}}]},{"name":"(2010 RG42)","estimated_diameter":{"meters":{"estimated_diameter_min":160.1603379786,"estimated_diameter_max":358.1294030194}},"is_potentially_hazardous_asteroid":false,"close_approach_data":[{"close_approach_date":"2194-09-09","relative_velocity":{"kilometers_per_second":"9.7869009353"},"miss_distance":{"kilometers":"64301464"}}]}]