[{"name":"144898 (2004 VD17)","estimated_diameter":{"meters":{"estimated_diameter_min":461.9074602816,"estimated_diameter_max":1032.8564805039}},"is_potentially_hazardous_asteroid":true,"close_approach_data":[{"close_approach_date":"2194-09-03","relative_velocity":{"kilometers_per_second":"16.9070035767"},"miss_distance":{"kilometers":"55904184"}}]},{"name":"(2010 NG1)","estimated_diameter":{"meters":{"estimated_diameter_min":221.0828103591,"estimated_diameter_max":494.3561926196}},"is_potentially_hazardous_asteroid":false,"close_approach_data":[{"close_approach_date":"2194-09-03","relative_velocity":{"kilometers_per_second":"12.9268800257"},"miss_distance":{"kilometers":"60200336"}}]},{"name":"(2015 SZ16)","estimated_diameter":{"meters":{"estimated_diameter_min":76.6575573531,"estimated_diameter_max":171.4115092306}},"is_potentially_hazardous_asteroid":false,"close_approach_data":[{"close_approach_date":"2194-09-03","relative_velocity":{"kilometers_per_second":"11.2522796898"},"miss_distance":{"kilometers":"34243016"}}]},{"name":"(2016 BO1)","estimated_diameter":{"meters":{"estimated_diameter_min":802.7031672829,"estimated_diameter_max":1794.8988477988}},"is_potentially_hazardous_asteroid":false,"close_approach_data":[{"close_approach_date":"2194-09-03","relative_velocity":{"kilometers_per_second":"37.2236175399"},"miss_distance":{"kilometers":"32238662"}}]}]