[{"name":"433953 (1997 XR2)","estimated_diameter":{"meters":{"estimated_diameter_min":183.8886720703,"estimated_diameter_max":411.1875710413}},"is_potentially_hazardous_asteroid":true,"close_approach_data":[{"close_approach_date":"2194-01-07","relative_velocity":{"kilometers_per_second":"5.972414797"},"miss_distance":{"kilometers":"40022564"}}]},{"name":"(2017 BF30)","estimated_diameter":{"meters":{"estimated_diameter_min":40.2304579834,"estimated_diameter_max":89.9580388169}},"is_potentially_hazardous_asteroid":false,"close_approach_data":[{"close_approach_date":"2194-01-07","relative_velocity":{"kilometers_per_second":"14.3831878529"},"miss_distance":{"kilometers":"52298604"}}]}]