[{"name":"7482 (1994 PC1)","estimated_diameter":{"meters":{"estimated_diameter_min":1160.2590820944,"estimated_diameter_max":2594.4181790745}},"is_potentially_hazardous_asteroid":true,"close_approach_data":[{"close_approach_date":"2194-01-20","relative_velocity":{"kilometers_per_second":"19.3944841264"},"miss_distance":{"kilometers":"4231760"}}]},{"name":"162080 (1998 DG16)","estimated_diameter":{"meters":{"estimated_diameter_min":278.3267680719,"estimated_diameter_max":622.3575733667}},"is_potentially_hazardous_asteroid":false,"close_approach_data":[{"close_approach_date":"2194-01-20","relative_velocity":{"kilometers_per_second":"17.5248383944"},"miss_distance":{"kilometers":"47510244"}}]},{"name":"(2004 JO1)","estimated_diameter":{"meters":{"estimated_diameter_min":175.6123184804,"estimated_diameter_max":392.6810818086}},"is_potentially_hazardous_asteroid":false,"close_approach_data":[{"close_approach_date":"2194-01-20","relative_velocity":{"kilometers_per_second":"29.0516266001"},"miss_distance":{"kilometers":"64547204"}}]},{"name":"(2010 MH1)","estimated_diameter":{"meters":{"estimated_diameter_min":146.0679642714,"estimated_diameter_max":326.6178974458}},"is_potentially_hazardous_asteroid":false,"close_approach_data":[{"close_approach_date":"2194-01-20","relative_velocity":{"kilometers_per_second":"11.1802176728"},"miss_distance":{"kilometers":"30406808"}}]},{"name":"(2011 AA23)","estimated_diameter":{"meters":{"estimated_diameter_min":46.1907460282,"estimated_diameter_max":103.2856480504}},"is_potentially_hazardous_asteroid":false,"close_approach_data":[{"close_approach_date":"2194-01-20","relative_velocity":{"kilometers_per_second":"6.0819977121"},"miss_distance":{"kilometers":"15073032"}}]},{"name":"(2017 CP1)","estimated_diameter":{"meters":{"estimated_diameter_min":31.9561886721,"estimated_diameter_max":71.4562101727}},"is_potentially_hazardous_asteroid":false,"close_approach_data":[{"close_approach_date":"2194-01-20","relative_velocity":{"kilometers_per_second":"14.0376645138"},"miss_distance":{"kilometers":"46845764"}}]},{"name":"(2014 TW57)","estimated_diameter":{"meters":{"estimated_diameter_min":253.8370293645,"estimated_diameter_max":567.5968528656}},"is_potentially_hazardous_asteroid":false,"close_approach_data":[{"close_approach_date":"2194-01-20","relative_velocity":{"kilometers_per_second":"20.9733214563"},"miss_distance":{"kilometers":"61165620"}}]}]