[{"name":"250680 (2005 QC5)","estimated_diameter":{"meters":{"estimated_diameter_min":291.4439045349,"estimated_diameter_max":651.6883821679}},"is_potentially_hazardous_asteroid":true,"close_approach_data":[{"close_approach_date":"2194-04-06","relative_velocity":{"kilometers_per_second":"14.4626394495"},"miss_distance":{"kilometers":"60175916"}}]},{"name":"(1998 YM4)","estimated_diameter":{"meters":{"estimated_diameter_min":305.1792325939,"estimated_diameter_max":682.4015094011}},"is_potentially_hazardous_asteroid":true,"close_approach_data":[{"close_approach_date":"2194-04-06","relative_velocity":{"kilometers_per_second":"36.9116999828"},"miss_distance":{"kilometers":"62103808"}}]},{"name":"480822 (1998 YM4)","estimated_diameter":{"meters":{"estimated_diameter_min":305.1792325939,"estimated_diameter_max":682.4015094011}},"is_potentially_hazardous_asteroid":true,"close_approach_data":[{"close_approach_date":"2194-04-06","relative_velocity":{"kilometers_per_second":"36.9117260593"},"miss_distance":{"kilometers":"62103924"}}]}]