[{"name":"16064 Davidharvey (1999 RH27)","estimated_diameter":{"meters":{"estimated_diameter_min":1214.9404079963,"estimated_diameter_max":2716.6893408911}},"is_potentially_hazardous_asteroid":false,"close_approach_data":[{"close_approach_date":"2194-12-27","relative_velocity":{"kilometers_per_second":"4.222422248"},"miss_distance":{"kilometers":"52044976"}}]},{"name":"(2010 WR7)","estimated_diameter":{"meters":{"estimated_diameter_min":53.0340723319,"estimated_diameter_max":118.5877908577}},"is_potentially_hazardous_asteroid":false,"close_approach_data":[{"close_approach_date":"2194-12-27","relative_velocity":{"kilometers_per_second":"5.6366591148"},"miss_distance":{"kilometers":"7549667.5"}}]},{"name":"(2016 HO3)","estimated_diameter":{"meters":{"estimated_diameter_min":38.7217499927,"estimated_diameter_max":86.5844651915}},"is_potentially_hazardous_asteroid":false,"close_approach_data":[{"close_approach_date":"2194-12-27","relative_velocity":{"kilometers_per_second":"4.0739060865"},"miss_distance":{"kilometers":"23292798"}}]},{"name":"469219 (2016 HO3)","estimated_diameter":{"meters":{"estimated_diameter_min":38.4197891064,"estimated_diameter_max":85.9092601232}},"is_potentially_hazardous_asteroid":false,"close_approach_data":[{"close_approach_date":"2194-12-27","relative_velocity":{"kilometers_per_second":"4.0738599985"},"miss_distance":{"kilometers":"23293034"}}]}]