[{"name":"136818 Selqet (1997 MW1)","estimated_diameter":{"meters":{"estimated_diameter_min":441.1181999969,"estimated_diameter_max":986.3702813054}},"is_potentially_hazardous_asteroid":false,"close_approach_data":[{"close_approach_date":"2194-07-04","relative_velocity":{"kilometers_per_second":"9.4187853484"},"miss_distance":{"kilometers":"39902120"}}]},{"name":"162679 (2000 TK1)","estimated_diameter":{"meters":{"estimated_diameter_min":766.5755735311,"estimated_diameter_max":1714.1150923063}},"is_potentially_hazardous_asteroid":false,"close_approach_data":[{"close_approach_date":"2194-07-04","relative_velocity":{"kilometers_per_second":"19.9825123888"},"miss_distance":{"kilometers":"74544632"}}]},{"name":"447795 (2007 TH19)","estimated_diameter":{"meters":{"estimated_diameter_min":699.1252322458,"estimated_diameter_max":1563.2915440869}},"is_potentially_hazardous_asteroid":false,"close_approach_data":[{"close_approach_date":"2194-07-04","relative_velocity":{"kilometers_per_second":"5.2325814483"},"miss_distance":{"kilometers":"41252368"}}]}]