[{"name":"(1999 HD1)","estimated_diameter":{"meters":{"estimated_diameter_min":221.0828103591,"estimated_diameter_max":494.3561926196}},"is_potentially_hazardous_asteroid":false,"close_approach_data":[{"close_approach_date":"2194-07-23","relative_velocity":{"kilometers_per_second":"9.5828472767"},"miss_distance":{"kilometers":"56947608"}}]},{"name":"(2006 NL)","estimated_diameter":{"meters":{"estimated_diameter_min":265.8,"estimated_diameter_max":594.3468684194}},"is_potentially_hazardous_asteroid":false,"close_approach_data":[{"close_approach_date":"2194-07-23","relative_velocity":{"kilometers_per_second":"29.6770326216"},"miss_distance":{"kilometers":"58114784"}}]},{"name":"(2008 VN)","estimated_diameter":{"meters":{"estimated_diameter_min":1108.0388212642,"estimated_diameter_max":2477.6501260554}},"is_potentially_hazardous_asteroid":false,"close_approach_data":[{"close_approach_date":"2194-07-23","relative_velocity":{"kilometers_per_second":"16.9810527682"},"miss_distance":{"kilometers":"74318544"}}]},{"name":"(2016 LE51)","estimated_diameter":{"meters":{"estimated_diameter_min":291.4439045349,"estimated_diameter_max":651.6883821679}},"is_potentially_hazardous_asteroid":false,"close_approach_data":[{"close_approach_date":"2194-07-23","relative_velocity":{"kilometers_per_second":"19.6110558067"},"miss_distance":{"kilometers":"53568440"}}]},{"name":"488474 (1999 HD1)","estimated_diameter":{"meters":{"estimated_diameter_min":221.0828103591,"estimated_diameter_max":494.3561926196}},"is_potentially_hazardous_asteroid":false,"close_approach_data":[{"close_approach_date":"2194-07-23","relative_velocity":{"kilometers_per_second":"9.5829044435"},"miss_distance":{"kilometers":"56947628"}}]}]