[{"name":"382758 (2003 GY)","estimated_diameter":{"meters":{"estimated_diameter_min":242.4124811008,"estimated_diameter_max":542.0507863358}},"is_potentially_hazardous_asteroid":true,"close_approach_data":[{"close_approach_date":"2194-10-05","relative_velocity":{"kilometers_per_second":"20.2322019526"},"miss_distance":{"kilometers":"65979808"}}]},{"name":"(2006 BC)","estimated_diameter":{"meters":{"estimated_diameter_min":402.3045798343,"estimated_diameter_max":899.5803881691}},"is_potentially_hazardous_asteroid":false,"close_approach_data":[{"close_approach_date":"2194-10-05","relative_velocity":{"kilometers_per_second":"30.6806717449"},"miss_distance":{"kilometers":"39357912"}}]}]