[{"name":"333521 (2005 PO)","estimated_diameter":{"meters":{"estimated_diameter_min":278.3267680719,"estimated_diameter_max":622.3575733667}},"is_potentially_hazardous_asteroid":true,"close_approach_data":[{"close_approach_date":"2194-03-02","relative_velocity":{"kilometers_per_second":"9.5311276496"},"miss_distance":{"kilometers":"35354584"}}]},{"name":"(2001 SH276)","estimated_diameter":{"meters":{"estimated_diameter_min":319.5618867213,"estimated_diameter_max":714.5621017269}},"is_potentially_hazardous_asteroid":false,"close_approach_data":[{"close_approach_date":"2194-03-02","relative_velocity":{"kilometers_per_second":"20.2379747704"},"miss_distance":{"kilometers":"60484544"}}]},{"name":"(2008 EK1)","estimated_diameter":{"meters":{"estimated_diameter_min":231.5021222103,"estimated_diameter_max":517.6544821978}},"is_potentially_hazardous_asteroid":false,"close_approach_data":[{"close_approach_date":"2194-03-02","relative_velocity":{"kilometers_per_second":"28.8158149909"},"miss_distance":{"kilometers":"35587156"}}]}]