[{"name":"163132 (2002 CU11)","estimated_diameter":{"meters":{"estimated_diameter_min":530.3407233187,"estimated_diameter_max":1185.8779085771}},"is_potentially_hazardous_asteroid":true,"close_approach_data":[{"close_approach_date":"2194-03-05","relative_velocity":{"kilometers_per_second":"24.4168586013"},"miss_distance":{"kilometers":"34378896"}}]},{"name":"455148 (1994 UG)","estimated_diameter":{"meters":{"estimated_diameter_min":160.1603379786,"estimated_diameter_max":358.1294030194}},"is_potentially_hazardous_asteroid":true,"close_approach_data":[{"close_approach_date":"2194-03-05","relative_velocity":{"kilometers_per_second":"15.7904816281"},"miss_distance":{"kilometers":"38530976"}}]}]