[{"name":"376707 (1995 OO)","estimated_diameter":{"meters":{"estimated_diameter_min":1058.1688593312,"estimated_diameter_max":2366.137501138}},"is_potentially_hazardous_asteroid":false,"close_approach_data":[{"close_approach_date":"2194-08-07","relative_velocity":{"kilometers_per_second":"28.5200847869"},"miss_distance":{"kilometers":"34172396"}}]},{"name":"(2010 JE87)","estimated_diameter":{"meters":{"estimated_diameter_min":183.8886720703,"estimated_diameter_max":411.1875710413}},"is_potentially_hazardous_asteroid":true,"close_approach_data":[{"close_approach_date":"2194-08-07","relative_velocity":{"kilometers_per_second":"18.0041129857"},"miss_distance":{"kilometers":"66157768"}}]},{"name":"(2011 KW19)","estimated_diameter":{"meters":{"estimated_diameter_min":175.6123184804,"estimated_diameter_max":392.6810818086}},"is_potentially_hazardous_asteroid":false,"close_approach_data":[{"close_approach_date":"2194-08-07","relative_velocity":{"kilometers_per_second":"5.7351437966"},"miss_distance":{"kilometers":"34521972"}}]},{"name":"(2013 EU9)","estimated_diameter":{"meters":{"estimated_diameter_min":127.2198785394,"estimated_diameter_max":284.4722965033}},"is_potentially_hazardous_asteroid":false,"close_approach_data":[{"close_approach_date":"2194-08-07","relative_velocity":{"kilometers_per_second":"4.6414247897"},"miss_distance":{"kilometers":"59787728"}}]},{"name":"(2015 CU)","estimated_diameter":{"meters":{"estimated_diameter_min":175.6123184804,"estimated_diameter_max":392.6810818086}},"is_potentially_hazardous_asteroid":false,"close_approach_data":[{"close_approach_date":"2194-08-07","relative_velocity":{"kilometers_per_second":"22.2489948907"},"miss_distance":{"kilometers":"47224284"}}]},{"name":"468727 (2010 JE87)","estimated_diameter":{"meters":{"estimated_diameter_min":183.8886720703,"estimated_diameter_max":411.1875710413}},"is_potentially_hazardous_asteroid":true,"close_approach_data":[{"close_approach_date":"2194-08-07","relative_velocity":{"kilometers_per_second":"18.0045354375"},"miss_distance":{"kilometers":"66159196"}}]},{"name":"(2014 PR62)","estimated_diameter":{"meters":{"estimated_diameter_min":201.6299194428,"estimated_diameter_max":450.8582061718}},"is_potentially_hazardous_asteroid":false,"close_approach_data":[{"close_approach_date":"2194-08-07","relative_velocity":{"kilometers_per_second":"7.2050466576"},"miss_distance":{"kilometers":"24566328"}}]}]