[{"name":"2101 Adonis (1936 CA)","estimated_diameter":{"meters":{"estimated_diameter_min":461.9074602816,"estimated_diameter_max":1032.8564805039}},"is_potentially_hazardous_asteroid":true,"close_approach_data":[{"close_approach_date":"2194-12-14","relative_velocity":{"kilometers_per_second":"21.4514787778"},"miss_distance":{"kilometers":"69887648"}}]},{"name":"434632 (2005 WE)","estimated_diameter":{"meters":{"estimated_diameter_min":291.4439045349,"estimated_diameter_max":651.6883821679}},"is_potentially_hazardous_asteroid":false,"close_approach_data":[{"close_approach_date":"2194-12-14","relative_velocity":{"kilometers_per_second":"8.6216202895"},"miss_distance":{"kilometers":"50859776"}}]},{"name":"(2015 WZ12)","estimated_diameter":{"meters":{"estimated_diameter_min":14.6067964271,"estimated_diameter_max":32.6617897446}},"is_potentially_hazardous_asteroid":false,"close_approach_data":[{"close_approach_date":"2194-12-14","relative_velocity":{"kilometers_per_second":"13.5259312568"},"miss_distance":{"kilometers":"22559876"}}]}]