[{"name":"424965 (2009 AM15)","estimated_diameter":{"meters":{"estimated_diameter_min":461.9074602816,"estimated_diameter_max":1032.8564805039}},"is_potentially_hazardous_asteroid":false,"close_approach_data":[{"close_approach_date":"2194-10-28","relative_velocity":{"kilometers_per_second":"21.3616509718"},"miss_distance":{"kilometers":"67257008"}}]},{"name":"(2005 TU50)","estimated_diameter":{"meters":{"estimated_diameter_min":139.4938229344,"estimated_diameter_max":311.9176705226}},"is_potentially_hazardous_asteroid":true,"close_approach_data":[{"close_approach_date":"2194-10-28","relative_velocity":{"kilometers_per_second":"28.0024959846"},"miss_distance":{"kilometers":"41360540"}}]}]