[{"name":"(2016 FS13)","estimated_diameter":{"meters":{"estimated_diameter_min":14.6067964271,"estimated_diameter_max":32.6617897446}},"is_potentially_hazardous_asteroid":false,"close_approach_data":[{"close_approach_date":"2194-07-01","relative_velocity":{"kilometers_per_second":"15.8180822075"},"miss_distance":{"kilometers":"59820876"}}]},{"name":"(2016 HO3)","estimated_diameter":{"meters":{"estimated_diameter_min":38.7217499927,"estimated_diameter_max":86.5844651915}},"is_potentially_hazardous_asteroid":false,"close_approach_data":[{"close_approach_date":"2194-07-01","relative_velocity":{"kilometers_per_second":"4.3382730267"},"miss_distance":{"kilometers":"22544600"}}]},{"name":"469219 (2016 HO3)","estimated_diameter":{"meters":{"estimated_diameter_min":38.4197891064,"estimated_diameter_max":85.9092601232}},"is_potentially_hazardous_asteroid":false,"close_approach_data":[{"close_approach_date":"2194-07-01","relative_velocity":{"kilometers_per_second":"4.3383206695"},"miss_distance":{"kilometers":"22544194"}}]},{"name":"(2008 XM1)","estimated_diameter":{"meters":{"estimated_diameter_min":105.8168859331,"estimated_diameter_max":236.6137501138}},"is_potentially_hazardous_asteroid":false,"close_approach_data":[{"close_approach_date":"2194-07-01","relative_velocity":{"kilometers_per_second":"26.3823188277"},"miss_distance":{"kilometers":"18979304"}}]}]