[{"name":"280244 (2002 WP11)","estimated_diameter":{"meters":{"estimated_diameter_min":637.6097898754,"estimated_diameter_max":1425.7388332807}},"is_potentially_hazardous_asteroid":false,"close_approach_data":[{"close_approach_date":"2194-08-14","relative_velocity":{"kilometers_per_second":"3.9357157217"},"miss_distance":{"kilometers":"31541538"}}]},{"name":"(2002 JR100)","estimated_diameter":{"meters":{"estimated_diameter_min":36.6906137531,"estimated_diameter_max":82.0427064882}},"is_potentially_hazardous_asteroid":false,"close_approach_data":[{"close_approach_date":"2194-08-14","relative_velocity":{"kilometers_per_second":"19.1832851836"},"miss_distance":{"kilometers":"54732824"}}]},{"name":"(2016 VL3)","estimated_diameter":{"meters":{"estimated_diameter_min":35.0392641108,"estimated_diameter_max":78.3501764334}},"is_potentially_hazardous_asteroid":false,"close_approach_data":[{"close_approach_date":"2194-08-14","relative_velocity":{"kilometers_per_second":"5.0543561026"},"miss_distance":{"kilometers":"55996068"}}]},{"name":"(2013 ND15)","estimated_diameter":{"meters":{"estimated_diameter_min":40.2304579834,"estimated_diameter_max":89.9580388169}},"is_potentially_hazardous_asteroid":false,"close_approach_data":[{"close_approach_date":"2194-08-14","relative_velocity":{"kilometers_per_second":"21.0959626178"},"miss_distance":{"kilometers":"30841344"}}]}]