[{"name":"326946 (2004 EN20)","estimated_diameter":{"meters":{"estimated_diameter_min":555.334911581,"estimated_diameter_max":1241.766612574}},"is_potentially_hazardous_asteroid":false,"close_approach_data":[{"close_approach_date":"2194-10-08","relative_velocity":{"kilometers_per_second":"21.260669071"},"miss_distance":{"kilometers":"50770204"}}]},{"name":"(2005 CJ)","estimated_diameter":{"meters":{"estimated_diameter_min":242.4124811008,"estimated_diameter_max":542.0507863358}},"is_potentially_hazardous_asteroid":true,"close_approach_data":[{"close_approach_date":"2194-10-08","relative_velocity":{"kilometers_per_second":"15.2679352947"},"miss_distance":{"kilometers":"15822630"}}]},{"name":"(2006 TL)","estimated_diameter":{"meters":{"estimated_diameter_min":44.1118199997,"estimated_diameter_max":98.6370281305}},"is_potentially_hazardous_asteroid":false,"close_approach_data":[{"close_approach_date":"2194-10-08","relative_velocity":{"kilometers_per_second":"24.5299181066"},"miss_distance":{"kilometers":"61096200"}}]},{"name":"(2017 RP2)","estimated_diameter":{"meters":{"estimated_diameter_min":55.2020208272,"estimated_diameter_max":123.435471065}},"is_potentially_hazardous_asteroid":false,"close_approach_data":[{"close_approach_date":"2194-10-08","relative_velocity":{"kilometers_per_second":"11.9312803638"},"miss_distance":{"kilometers":"40697864"}}]}]