[{"name":"152637 (1997 NC1)","estimated_diameter":{"meters":{"estimated_diameter_min":667.6594134952,"estimated_diameter_max":1492.931834393}},"is_potentially_hazardous_asteroid":true,"close_approach_data":[{"close_approach_date":"2194-12-24","relative_velocity":{"kilometers_per_second":"13.4309363109"},"miss_distance":{"kilometers":"43628524"}}]},{"name":"(2014 WF497)","estimated_diameter":{"meters":{"estimated_diameter_min":253.8370293645,"estimated_diameter_max":567.5968528656}},"is_potentially_hazardous_asteroid":false,"close_approach_data":[{"close_approach_date":"2194-12-24","relative_velocity":{"kilometers_per_second":"17.0917377594"},"miss_distance":{"kilometers":"37300348"}}]}]