[{"name":"5660 (1974 MA)","estimated_diameter":{"meters":{"estimated_diameter_min":2210.8281035909,"estimated_diameter_max":4943.5619261962}},"is_potentially_hazardous_asteroid":false,"close_approach_data":[{"close_approach_date":"2194-02-20","relative_velocity":{"kilometers_per_second":"34.5671903075"},"miss_distance":{"kilometers":"60671784"}}]},{"name":"162421 (2000 ET70)","estimated_diameter":{"meters":{"estimated_diameter_min":667.6594134952,"estimated_diameter_max":1492.931834393}},"is_potentially_hazardous_asteroid":true,"close_approach_data":[{"close_approach_date":"2194-02-20","relative_velocity":{"kilometers_per_second":"11.5728502861"},"miss_distance":{"kilometers":"6325368.5"}}]},{"name":"(2016 CA138)","estimated_diameter":{"meters":{"estimated_diameter_min":55.5334911581,"estimated_diameter_max":124.1766612574}},"is_potentially_hazardous_asteroid":false,"close_approach_data":[{"close_approach_date":"2194-02-20","relative_velocity":{"kilometers_per_second":"14.5058759271"},"miss_distance":{"kilometers":"24632820"}}]}]