[{"name":"416002 (2002 BN)","estimated_diameter":{"meters":{"estimated_diameter_min":211.1324447897,"estimated_diameter_max":472.1064988055}},"is_potentially_hazardous_asteroid":false,"close_approach_data":[{"close_approach_date":"2194-09-27","relative_velocity":{"kilometers_per_second":"18.2939965303"},"miss_distance":{"kilometers":"73126392"}}]},{"name":"(2004 EO20)","estimated_diameter":{"meters":{"estimated_diameter_min":84.0533402073,"estimated_diameter_max":187.9489824394}},"is_potentially_hazardous_asteroid":false,"close_approach_data":[{"close_approach_date":"2194-09-27","relative_velocity":{"kilometers_per_second":"3.6879739803"},"miss_distance":{"kilometers":"34332728"}}]}]