[{"name":"250680 (2005 QC5)","estimated_diameter":{"meters":{"estimated_diameter_min":291.4439045349,"estimated_diameter_max":651.6883821679}},"is_potentially_hazardous_asteroid":true,"close_approach_data":[{"close_approach_date":"2194-10-09","relative_velocity":{"kilometers_per_second":"7.7635842861"},"miss_distance":{"kilometers":"30296584"}}]},{"name":"326388 (2001 QD96)","estimated_diameter":{"meters":{"estimated_diameter_min":608.9126221057,"estimated_diameter_max":1361.5700153859}},"is_potentially_hazardous_asteroid":false,"close_approach_data":[{"close_approach_date":"2194-10-09","relative_velocity":{"kilometers_per_second":"15.2196352382"},"miss_distance":{"kilometers":"35848248"}}]},{"name":"(2007 RX8)","estimated_diameter":{"meters":{"estimated_diameter_min":33.4622374455,"estimated_diameter_max":74.8238376074}},"is_potentially_hazardous_asteroid":false,"close_approach_data":[{"close_approach_date":"2194-10-09","relative_velocity":{"kilometers_per_second":"5.3288554549"},"miss_distance":{"kilometers":"42336144"}}]}]