[{"name":"367390 (2008 MB5)","estimated_diameter":{"meters":{"estimated_diameter_min":402.3045798343,"estimated_diameter_max":899.5803881691}},"is_potentially_hazardous_asteroid":false,"close_approach_data":[{"close_approach_date":"2194-08-09","relative_velocity":{"kilometers_per_second":"14.397356179"},"miss_distance":{"kilometers":"30793962"}}]},{"name":"495959 (2007 ML6)","estimated_diameter":{"meters":{"estimated_diameter_min":555.334911581,"estimated_diameter_max":1241.766612574}},"is_potentially_hazardous_asteroid":false,"close_approach_data":[{"close_approach_date":"2194-08-09","relative_velocity":{"kilometers_per_second":"7.5125456646"},"miss_distance":{"kilometers":"33566176"}}]},{"name":"(2007 ML6)","estimated_diameter":{"meters":{"estimated_diameter_min":555.334911581,"estimated_diameter_max":1241.766612574}},"is_potentially_hazardous_asteroid":false,"close_approach_data":[{"close_approach_date":"2194-08-09","relative_velocity":{"kilometers_per_second":"7.512579351"},"miss_distance":{"kilometers":"33566268"}}]},{"name":"(1996 VB3)","estimated_diameter":{"meters":{"estimated_diameter_min":88.0146520901,"estimated_diameter_max":196.8067450894}},"is_potentially_hazardous_asteroid":false,"close_approach_data":[{"close_approach_date":"2194-08-09","relative_velocity":{"kilometers_per_second":"13.7877255186"},"miss_distance":{"kilometers":"41376336"}}]},{"name":"(2017 KE3)","estimated_diameter":{"meters":{"estimated_diameter_min":412.2446010297,"estimated_diameter_max":921.8069512596}},"is_potentially_hazardous_asteroid":false,"close_approach_data":[{"close_approach_date":"2194-08-09","relative_velocity":{"kilometers_per_second":"4.640045874"},"miss_distance":{"kilometers":"58473036"}}]}]