[{"name":"141079 (2001 XS30)","estimated_diameter":{"meters":{"estimated_diameter_min":766.5755735311,"estimated_diameter_max":1714.1150923063}},"is_potentially_hazardous_asteroid":false,"close_approach_data":[{"close_approach_date":"2194-10-27","relative_velocity":{"kilometers_per_second":"22.251816447"},"miss_distance":{"kilometers":"70513528"}}]},{"name":"310842 (2003 AK18)","estimated_diameter":{"meters":{"estimated_diameter_min":291.4439045349,"estimated_diameter_max":651.6883821679}},"is_potentially_hazardous_asteroid":false,"close_approach_data":[{"close_approach_date":"2194-10-27","relative_velocity":{"kilometers_per_second":"10.113160376"},"miss_distance":{"kilometers":"55337164"}}]},{"name":"466507 (2014 FK33)","estimated_diameter":{"meters":{"estimated_diameter_min":183.8886720703,"estimated_diameter_max":411.1875710413}},"is_potentially_hazardous_asteroid":false,"close_approach_data":[{"close_approach_date":"2194-10-27","relative_velocity":{"kilometers_per_second":"25.0693406591"},"miss_distance":{"kilometers":"68235376"}}]}]