[{"name":"250706 (2005 RR6)","estimated_diameter":{"meters":{"estimated_diameter_min":530.3407233187,"estimated_diameter_max":1185.8779085771}},"is_potentially_hazardous_asteroid":true,"close_approach_data":[{"close_approach_date":"2194-02-18","relative_velocity":{"kilometers_per_second":"19.1087027412"},"miss_distance":{"kilometers":"35092444"}}]},{"name":"307918 (2004 EU9)","estimated_diameter":{"meters":{"estimated_diameter_min":441.1181999969,"estimated_diameter_max":986.3702813054}},"is_potentially_hazardous_asteroid":false,"close_approach_data":[{"close_approach_date":"2194-02-18","relative_velocity":{"kilometers_per_second":"19.0953294341"},"miss_distance":{"kilometers":"25084062"}}]},{"name":"(2013 JL22)","estimated_diameter":{"meters":{"estimated_diameter_min":146.0679642714,"estimated_diameter_max":326.6178974458}},"is_potentially_hazardous_asteroid":true,"close_approach_data":[{"close_approach_date":"2194-02-18","relative_velocity":{"kilometers_per_second":"19.1775714268"},"miss_distance":{"kilometers":"68137848"}}]},{"name":"(2016 TZ93)","estimated_diameter":{"meters":{"estimated_diameter_min":46.1907460282,"estimated_diameter_max":103.2856480504}},"is_potentially_hazardous_asteroid":false,"close_approach_data":[{"close_approach_date":"2194-02-18","relative_velocity":{"kilometers_per_second":"23.86644098"},"miss_distance":{"kilometers":"67144552"}}]}]