[{"name":"154991 Vinciguerra (2005 BX26)","estimated_diameter":{"meters":{"estimated_diameter_min":530.3407233187,"estimated_diameter_max":1185.8779085771}},"is_potentially_hazardous_asteroid":false,"close_approach_data":[{"close_approach_date":"2194-03-30","relative_velocity":{"kilometers_per_second":"1.7280712244"},"miss_distance":{"kilometers":"43113400"}}]},{"name":"(2016 JE)","estimated_diameter":{"meters":{"estimated_diameter_min":116.0259082094,"estimated_diameter_max":259.4418179074}},"is_potentially_hazardous_asteroid":false,"close_approach_data":[{"close_approach_date":"2194-03-30","relative_velocity":{"kilometers_per_second":"20.11486434"},"miss_distance":{"kilometers":"49236592"}}]},{"name":"(2009 UG)","estimated_diameter":{"meters":{"estimated_diameter_min":55.5334911581,"estimated_diameter_max":124.1766612574}},"is_potentially_hazardous_asteroid":false,"close_approach_data":[{"close_approach_date":"2194-03-30","relative_velocity":{"kilometers_per_second":"18.4344028695"},"miss_distance":{"kilometers":"72787624"}}]}]