[{"name":"192559 (1998 VO)","estimated_diameter":{"meters":{"estimated_diameter_min":253.8370293645,"estimated_diameter_max":567.5968528656}},"is_potentially_hazardous_asteroid":true,"close_approach_data":[{"close_approach_date":"2194-10-29","relative_velocity":{"kilometers_per_second":"8.2152098626"},"miss_distance":{"kilometers":"7992648.5"}}]},{"name":"(2009 XZ1)","estimated_diameter":{"meters":{"estimated_diameter_min":121.4940407996,"estimated_diameter_max":271.6689340891}},"is_potentially_hazardous_asteroid":true,"close_approach_data":[{"close_approach_date":"2194-10-29","relative_velocity":{"kilometers_per_second":"12.1705201992"},"miss_distance":{"kilometers":"43400104"}}]},{"name":"477465 (2009 XZ1)","estimated_diameter":{"meters":{"estimated_diameter_min":121.4940407996,"estimated_diameter_max":271.6689340891}},"is_potentially_hazardous_asteroid":true,"close_approach_data":[{"close_approach_date":"2194-10-29","relative_velocity":{"kilometers_per_second":"12.1705202886"},"miss_distance":{"kilometers":"43400108"}}]},{"name":"(2017 CW1)","estimated_diameter":{"meters":{"estimated_diameter_min":152.9519353442,"estimated_diameter_max":342.0109247198}},"is_potentially_hazardous_asteroid":false,"close_approach_data":[{"close_approach_date":"2194-10-29","relative_velocity":{"kilometers_per_second":"9.3679257075"},"miss_distance":{"kilometers":"54991320"}}]}]