[{"name":"172718 (2004 BD85)","estimated_diameter":{"meters":{"estimated_diameter_min":483.6764882185,"estimated_diameter_max":1081.533506775}},"is_potentially_hazardous_asteroid":false,"close_approach_data":[{"close_approach_date":"2194-02-08","relative_velocity":{"kilometers_per_second":"7.8635482912"},"miss_distance":{"kilometers":"74709888"}}]},{"name":"253841 (2003 YG118)","estimated_diameter":{"meters":{"estimated_diameter_min":1010.5434154201,"estimated_diameter_max":2259.643771094}},"is_potentially_hazardous_asteroid":true,"close_approach_data":[{"close_approach_date":"2194-02-08","relative_velocity":{"kilometers_per_second":"28.696284157"},"miss_distance":{"kilometers":"64759420"}}]},{"name":"277570 (2005 YP180)","estimated_diameter":{"meters":{"estimated_diameter_min":366.9061375314,"estimated_diameter_max":820.4270648822}},"is_potentially_hazardous_asteroid":true,"close_approach_data":[{"close_approach_date":"2194-02-08","relative_velocity":{"kilometers_per_second":"27.9226613882"},"miss_distance":{"kilometers":"41385040"}}]},{"name":"386259 (2008 EJ1)","estimated_diameter":{"meters":{"estimated_diameter_min":1925.5507818793,"estimated_diameter_max":4305.66244241}},"is_potentially_hazardous_asteroid":false,"close_approach_data":[{"close_approach_date":"2194-02-08","relative_velocity":{"kilometers_per_second":"24.9097307482"},"miss_distance":{"kilometers":"74331768"}}]},{"name":"(2006 QE)","estimated_diameter":{"meters":{"estimated_diameter_min":319.5618867213,"estimated_diameter_max":714.5621017269}},"is_potentially_hazardous_asteroid":false,"close_approach_data":[{"close_approach_date":"2194-02-08","relative_velocity":{"kilometers_per_second":"22.1655331027"},"miss_distance":{"kilometers":"57912624"}}]},{"name":"(2010 CT)","estimated_diameter":{"meters":{"estimated_diameter_min":242.4124811008,"estimated_diameter_max":542.0507863358}},"is_potentially_hazardous_asteroid":false,"close_approach_data":[{"close_approach_date":"2194-02-08","relative_velocity":{"kilometers_per_second":"15.0604110846"},"miss_distance":{"kilometers":"73048680"}}]}]