[{"name":"10563 Izhdubar (1993 WD)","estimated_diameter":{"meters":{"estimated_diameter_min":1160.2590820944,"estimated_diameter_max":2594.4181790745}},"is_potentially_hazardous_asteroid":false,"close_approach_data":[{"close_approach_date":"2194-11-23","relative_velocity":{"kilometers_per_second":"29.781129956"},"miss_distance":{"kilometers":"23354714"}}]},{"name":"248818 (2006 SZ217)","estimated_diameter":{"meters":{"estimated_diameter_min":880.1465209007,"estimated_diameter_max":1968.067450894}},"is_potentially_hazardous_asteroid":false,"close_approach_data":[{"close_approach_date":"2194-11-23","relative_velocity":{"kilometers_per_second":"18.7066112803"},"miss_distance":{"kilometers":"72804304"}}]},{"name":"289227 (2004 XY60)","estimated_diameter":{"meters":{"estimated_diameter_min":441.1181999969,"estimated_diameter_max":986.3702813054}},"is_potentially_hazardous_asteroid":false,"close_approach_data":[{"close_approach_date":"2194-11-23","relative_velocity":{"kilometers_per_second":"21.5442519652"},"miss_distance":{"kilometers":"55852156"}}]},{"name":"(2006 WO3)","estimated_diameter":{"meters":{"estimated_diameter_min":127.2198785394,"estimated_diameter_max":284.4722965033}},"is_potentially_hazardous_asteroid":false,"close_approach_data":[{"close_approach_date":"2194-11-23","relative_velocity":{"kilometers_per_second":"23.9585432719"},"miss_distance":{"kilometers":"55378240"}}]},{"name":"481442 (2006 WO3)","estimated_diameter":{"meters":{"estimated_diameter_min":127.2198785394,"estimated_diameter_max":284.4722965033}},"is_potentially_hazardous_asteroid":false,"close_approach_data":[{"close_approach_date":"2194-11-23","relative_velocity":{"kilometers_per_second":"23.9619405562"},"miss_distance":{"kilometers":"55392688"}}]}]