[{"name":"154807 (2004 PP97)","estimated_diameter":{"meters":{"estimated_diameter_min":506.4714588346,"estimated_diameter_max":1132.5046106177}},"is_potentially_hazardous_asteroid":false,"close_approach_data":[{"close_approach_date":"2194-10-20","relative_velocity":{"kilometers_per_second":"17.2391125091"},"miss_distance":{"kilometers":"57278536"}}]},{"name":"189865 (2003 NC)","estimated_diameter":{"meters":{"estimated_diameter_min":350.3926411083,"estimated_diameter_max":783.5017643338}},"is_potentially_hazardous_asteroid":true,"close_approach_data":[{"close_approach_date":"2194-10-20","relative_velocity":{"kilometers_per_second":"30.544264763"},"miss_distance":{"kilometers":"52783440"}}]},{"name":"(2011 HJ61)","estimated_diameter":{"meters":{"estimated_diameter_min":366.9061375314,"estimated_diameter_max":820.4270648822}},"is_potentially_hazardous_asteroid":false,"close_approach_data":[{"close_approach_date":"2194-10-20","relative_velocity":{"kilometers_per_second":"14.9794763365"},"miss_distance":{"kilometers":"19873528"}}]},{"name":"(2015 FD35)","estimated_diameter":{"meters":{"estimated_diameter_min":211.1324447897,"estimated_diameter_max":472.1064988055}},"is_potentially_hazardous_asteroid":false,"close_approach_data":[{"close_approach_date":"2194-10-20","relative_velocity":{"kilometers_per_second":"23.2120712056"},"miss_distance":{"kilometers":"16653363"}}]},{"name":"(2017 HV3)","estimated_diameter":{"meters":{"estimated_diameter_min":48.1454196618,"estimated_diameter_max":107.6564311691}},"is_potentially_hazardous_asteroid":false,"close_approach_data":[{"close_approach_date":"2194-10-20","relative_velocity":{"kilometers_per_second":"4.5343404234"},"miss_distance":{"kilometers":"43464220"}}]}]