[{"name":"450185 (2001 WJ2)","estimated_diameter":{"meters":{"estimated_diameter_min":278.3267680719,"estimated_diameter_max":622.3575733667}},"is_potentially_hazardous_asteroid":false,"close_approach_data":[{"close_approach_date":"2194-11-12","relative_velocity":{"kilometers_per_second":"15.1837049769"},"miss_distance":{"kilometers":"31648130"}}]},{"name":"(2002 XB)","estimated_diameter":{"meters":{"estimated_diameter_min":116.0259082094,"estimated_diameter_max":259.4418179074}},"is_potentially_hazardous_asteroid":false,"close_approach_data":[{"close_approach_date":"2194-11-12","relative_velocity":{"kilometers_per_second":"14.9399312484"},"miss_distance":{"kilometers":"45360868"}}]},{"name":"(2005 UJ6)","estimated_diameter":{"meters":{"estimated_diameter_min":133.2155666981,"estimated_diameter_max":297.8790627982}},"is_potentially_hazardous_asteroid":false,"close_approach_data":[{"close_approach_date":"2194-11-12","relative_velocity":{"kilometers_per_second":"25.9478469986"},"miss_distance":{"kilometers":"61803028"}}]},{"name":"481127 (2005 UJ6)","estimated_diameter":{"meters":{"estimated_diameter_min":133.2155666981,"estimated_diameter_max":297.8790627982}},"is_potentially_hazardous_asteroid":false,"close_approach_data":[{"close_approach_date":"2194-11-12","relative_velocity":{"kilometers_per_second":"25.947883927"},"miss_distance":{"kilometers":"61803228"}}]},{"name":"(2017 JQ1)","estimated_diameter":{"meters":{"estimated_diameter_min":3.5707132624,"estimated_diameter_max":7.9843575828}},"is_potentially_hazardous_asteroid":false,"close_approach_data":[{"close_approach_date":"2194-11-12","relative_velocity":{"kilometers_per_second":"15.1144116912"},"miss_distance":{"kilometers":"20205448"}}]}]