[{"name":"3361 Orpheus (1982 HR)","estimated_diameter":{"meters":{"estimated_diameter_min":415.484643414,"estimated_diameter_max":929.0519062809}},"is_potentially_hazardous_asteroid":true,"close_approach_data":[{"close_approach_date":"2194-04-15","relative_velocity":{"kilometers_per_second":"7.6414462933"},"miss_distance":{"kilometers":"5733145.5"}}]},{"name":"396593 (2001 HC)","estimated_diameter":{"meters":{"estimated_diameter_min":421.2646105562,"estimated_diameter_max":941.9763057186}},"is_potentially_hazardous_asteroid":false,"close_approach_data":[{"close_approach_date":"2194-04-15","relative_velocity":{"kilometers_per_second":"21.0138029718"},"miss_distance":{"kilometers":"28502872"}}]},{"name":"(2003 WG)","estimated_diameter":{"meters":{"estimated_diameter_min":402.3045798343,"estimated_diameter_max":899.5803881691}},"is_potentially_hazardous_asteroid":true,"close_approach_data":[{"close_approach_date":"2194-04-15","relative_velocity":{"kilometers_per_second":"34.299841353"},"miss_distance":{"kilometers":"36333012"}}]}]