[{"name":"450237 (2002 XY38)","estimated_diameter":{"meters":{"estimated_diameter_min":69.9125232246,"estimated_diameter_max":156.3291544087}},"is_potentially_hazardous_asteroid":false,"close_approach_data":[{"close_approach_date":"2194-11-09","relative_velocity":{"kilometers_per_second":"5.6577177009"},"miss_distance":{"kilometers":"7117732"}}]},{"name":"(2001 SQ263)","estimated_diameter":{"meters":{"estimated_diameter_min":88.0146520901,"estimated_diameter_max":196.8067450894}},"is_potentially_hazardous_asteroid":false,"close_approach_data":[{"close_approach_date":"2194-11-09","relative_velocity":{"kilometers_per_second":"12.1924239571"},"miss_distance":{"kilometers":"64252636"}}]},{"name":"(2014 US56)","estimated_diameter":{"meters":{"estimated_diameter_min":15.2951935344,"estimated_diameter_max":34.201092472}},"is_potentially_hazardous_asteroid":false,"close_approach_data":[{"close_approach_date":"2194-11-09","relative_velocity":{"kilometers_per_second":"4.7516901747"},"miss_distance":{"kilometers":"7313861.5"}}]}]