[{"name":"(2000 HB24)","estimated_diameter":{"meters":{"estimated_diameter_min":48.3676488219,"estimated_diameter_max":108.1533506775}},"is_potentially_hazardous_asteroid":false,"close_approach_data":[{"close_approach_date":"2194-10-13","relative_velocity":{"kilometers_per_second":"15.5452773964"},"miss_distance":{"kilometers":"68834352"}}]},{"name":"(2001 GR2)","estimated_diameter":{"meters":{"estimated_diameter_min":127.2198785394,"estimated_diameter_max":284.4722965033}},"is_potentially_hazardous_asteroid":true,"close_approach_data":[{"close_approach_date":"2194-10-13","relative_velocity":{"kilometers_per_second":"24.4074487349"},"miss_distance":{"kilometers":"30599670"}}]},{"name":"(2007 YZ58)","estimated_diameter":{"meters":{"estimated_diameter_min":305.1792325939,"estimated_diameter_max":682.4015094011}},"is_potentially_hazardous_asteroid":false,"close_approach_data":[{"close_approach_date":"2194-10-13","relative_velocity":{"kilometers_per_second":"25.2387217058"},"miss_distance":{"kilometers":"64584740"}}]},{"name":"(2010 SJ)","estimated_diameter":{"meters":{"estimated_diameter_min":46.1907460282,"estimated_diameter_max":103.2856480504}},"is_potentially_hazardous_asteroid":false,"close_approach_data":[{"close_approach_date":"2194-10-13","relative_velocity":{"kilometers_per_second":"8.6433001429"},"miss_distance":{"kilometers":"19777410"}}]}]