[{"name":"306595 (2000 GG147)","estimated_diameter":{"meters":{"estimated_diameter_min":441.1181999969,"estimated_diameter_max":986.3702813054}},"is_potentially_hazardous_asteroid":false,"close_approach_data":[{"close_approach_date":"2194-04-03","relative_velocity":{"kilometers_per_second":"15.3101166209"},"miss_distance":{"kilometers":"55803488"}}]},{"name":"(2012 XO134)","estimated_diameter":{"meters":{"estimated_diameter_min":44.1118199997,"estimated_diameter_max":98.6370281305}},"is_potentially_hazardous_asteroid":false,"close_approach_data":[{"close_approach_date":"2194-04-03","relative_velocity":{"kilometers_per_second":"25.5162496805"},"miss_distance":{"kilometers":"66275204"}}]}]