[{"name":"(2016 LE2)","estimated_diameter":{"meters":{"estimated_diameter_min":175.6123184804,"estimated_diameter_max":392.6810818086}},"is_potentially_hazardous_asteroid":false,"close_approach_data":[{"close_approach_date":"2194-06-26","relative_velocity":{"kilometers_per_second":"15.2345230392"},"miss_distance":{"kilometers":"65085484"}}]},{"name":"(2017 MM8)","estimated_diameter":{"meters":{"estimated_diameter_min":76.2000009242,"estimated_diameter_max":170.3883819519}},"is_potentially_hazardous_asteroid":false,"close_approach_data":[{"close_approach_date":"2194-06-26","relative_velocity":{"kilometers_per_second":"16.9355220931"},"miss_distance":{"kilometers":"65486104"}}]}]