[{"name":"220839 (2004 VA)","estimated_diameter":{"meters":{"estimated_diameter_min":921.6265485028,"estimated_diameter_max":2060.8196123208}},"is_potentially_hazardous_asteroid":true,"close_approach_data":[{"close_approach_date":"2194-02-26","relative_velocity":{"kilometers_per_second":"12.936636362"},"miss_distance":{"kilometers":"33768868"}}]},{"name":"326386 (2001 OA14)","estimated_diameter":{"meters":{"estimated_diameter_min":555.334911581,"estimated_diameter_max":1241.766612574}},"is_potentially_hazardous_asteroid":false,"close_approach_data":[{"close_approach_date":"2194-02-26","relative_velocity":{"kilometers_per_second":"22.0057343745"},"miss_distance":{"kilometers":"46735400"}}]},{"name":"387816 (2004 FM17)","estimated_diameter":{"meters":{"estimated_diameter_min":334.6223744549,"estimated_diameter_max":748.2383760735}},"is_potentially_hazardous_asteroid":false,"close_approach_data":[{"close_approach_date":"2194-02-26","relative_velocity":{"kilometers_per_second":"6.1746939588"},"miss_distance":{"kilometers":"12428034"}}]},{"name":"(2012 DF61)","estimated_diameter":{"meters":{"estimated_diameter_min":201.6299194428,"estimated_diameter_max":450.8582061718}},"is_potentially_hazardous_asteroid":false,"close_approach_data":[{"close_approach_date":"2194-02-26","relative_velocity":{"kilometers_per_second":"20.2800242527"},"miss_distance":{"kilometers":"26386138"}}]},{"name":"485823 (2012 DF61)","estimated_diameter":{"meters":{"estimated_diameter_min":201.6299194428,"estimated_diameter_max":450.8582061718}},"is_potentially_hazardous_asteroid":false,"close_approach_data":[{"close_approach_date":"2194-02-26","relative_velocity":{"kilometers_per_second":"20.2800190666"},"miss_distance":{"kilometers":"26386122"}}]},{"name":"(2018 BW1)","estimated_diameter":{"meters":{"estimated_diameter_min":10.2224495668,"estimated_diameter_max":22.8580921279}},"is_potentially_hazardous_asteroid":false,"close_approach_data":[{"close_approach_date":"2194-02-26","relative_velocity":{"kilometers_per_second":"17.2026409889"},"miss_distance":{"kilometers":"64865036"}}]}]