[{"name":"162911 (2001 LL5)","estimated_diameter":{"meters":{"estimated_diameter_min":384.1978910643,"estimated_diameter_max":859.0926012318}},"is_potentially_hazardous_asteroid":false,"close_approach_data":[{"close_approach_date":"2194-05-28","relative_velocity":{"kilometers_per_second":"7.3652875561"},"miss_distance":{"kilometers":"55198324"}}]},{"name":"322966 (2002 KF4)","estimated_diameter":{"meters":{"estimated_diameter_min":1108.0388212642,"estimated_diameter_max":2477.6501260554}},"is_potentially_hazardous_asteroid":false,"close_approach_data":[{"close_approach_date":"2194-05-28","relative_velocity":{"kilometers_per_second":"23.3974204935"},"miss_distance":{"kilometers":"48895060"}}]},{"name":"(2002 SR)","estimated_diameter":{"meters":{"estimated_diameter_min":127.2198785394,"estimated_diameter_max":284.4722965033}},"is_potentially_hazardous_asteroid":false,"close_approach_data":[{"close_approach_date":"2194-05-28","relative_velocity":{"kilometers_per_second":"6.5735424994"},"miss_distance":{"kilometers":"60443548"}}]},{"name":"(2011 UG21)","estimated_diameter":{"meters":{"estimated_diameter_min":350.3926411083,"estimated_diameter_max":783.5017643338}},"is_potentially_hazardous_asteroid":false,"close_approach_data":[{"close_approach_date":"2194-05-28","relative_velocity":{"kilometers_per_second":"13.7937615879"},"miss_distance":{"kilometers":"65419536"}}]},{"name":"(2012 YN1)","estimated_diameter":{"meters":{"estimated_diameter_min":60.8912622106,"estimated_diameter_max":136.1570015386}},"is_potentially_hazardous_asteroid":false,"close_approach_data":[{"close_approach_date":"2194-05-28","relative_velocity":{"kilometers_per_second":"14.051722613"},"miss_distance":{"kilometers":"67944248"}}]},{"name":"(2014 RP12)","estimated_diameter":{"meters":{"estimated_diameter_min":608.9126221057,"estimated_diameter_max":1361.5700153859}},"is_potentially_hazardous_asteroid":false,"close_approach_data":[{"close_approach_date":"2194-05-28","relative_velocity":{"kilometers_per_second":"20.2293932371"},"miss_distance":{"kilometers":"28219012"}}]},{"name":"472263 (2014 RP12)","estimated_diameter":{"meters":{"estimated_diameter_min":608.9126221057,"estimated_diameter_max":1361.5700153859}},"is_potentially_hazardous_asteroid":false,"close_approach_data":[{"close_approach_date":"2194-05-28","relative_velocity":{"kilometers_per_second":"20.2290028861"},"miss_distance":{"kilometers":"28217966"}}]},{"name":"488615 (2002 SR)","estimated_diameter":{"meters":{"estimated_diameter_min":127.2198785394,"estimated_diameter_max":284.4722965033}},"is_potentially_hazardous_asteroid":false,"close_approach_data":[{"close_approach_date":"2194-05-28","relative_velocity":{"kilometers_per_second":"6.5735420986"},"miss_distance":{"kilometers":"60443544"}}]}]