[{"name":"(2001 BO60)","estimated_diameter":{"meters":{"estimated_diameter_min":366.9061375314,"estimated_diameter_max":820.4270648822}},"is_potentially_hazardous_asteroid":false,"close_approach_data":[{"close_approach_date":"2194-01-21","relative_velocity":{"kilometers_per_second":"17.8673518009"},"miss_distance":{"kilometers":"73091104"}}]},{"name":"(2010 WF3)","estimated_diameter":{"meters":{"estimated_diameter_min":175.6123184804,"estimated_diameter_max":392.6810818086}},"is_potentially_hazardous_asteroid":false,"close_approach_data":[{"close_approach_date":"2194-01-21","relative_velocity":{"kilometers_per_second":"18.4189404109"},"miss_distance":{"kilometers":"56636200"}}]}]