[{"name":"(2016 CZ135)","estimated_diameter":{"meters":{"estimated_diameter_min":211.1324447897,"estimated_diameter_max":472.1064988055}},"is_potentially_hazardous_asteroid":false,"close_approach_data":[{"close_approach_date":"2194-10-25","relative_velocity":{"kilometers_per_second":"15.4886030188"},"miss_distance":{"kilometers":"19414244"}}]},{"name":"(2015 YA10)","estimated_diameter":{"meters":{"estimated_diameter_min":211.1324447897,"estimated_diameter_max":472.1064988055}},"is_potentially_hazardous_asteroid":false,"close_approach_data":[{"close_approach_date":"2194-10-25","relative_velocity":{"kilometers_per_second":"18.7472690047"},"miss_distance":{"kilometers":"60368360"}}]}]