[{"name":"(1999 VS6)","estimated_diameter":{"meters":{"estimated_diameter_min":402.3045798343,"estimated_diameter_max":899.5803881691}},"is_potentially_hazardous_asteroid":false,"close_approach_data":[{"close_approach_date":"2194-04-22","relative_velocity":{"kilometers_per_second":"14.0807130784"},"miss_distance":{"kilometers":"31123206"}}]},{"name":"(2014 HM4)","estimated_diameter":{"meters":{"estimated_diameter_min":11.0803882126,"estimated_diameter_max":24.7765012606}},"is_potentially_hazardous_asteroid":false,"close_approach_data":[{"close_approach_date":"2194-04-22","relative_velocity":{"kilometers_per_second":"21.0163515529"},"miss_distance":{"kilometers":"19659980"}}]},{"name":"474179 (1999 VS6)","estimated_diameter":{"meters":{"estimated_diameter_min":421.2646105562,"estimated_diameter_max":941.9763057186}},"is_potentially_hazardous_asteroid":false,"close_approach_data":[{"close_approach_date":"2194-04-22","relative_velocity":{"kilometers_per_second":"14.0807238327"},"miss_distance":{"kilometers":"31123276"}}]}]