[{"name":"(2003 HT42)","estimated_diameter":{"meters":{"estimated_diameter_min":29.1443904535,"estimated_diameter_max":65.1688382168}},"is_potentially_hazardous_asteroid":false,"close_approach_data":[{"close_approach_date":"2194-11-22","relative_velocity":{"kilometers_per_second":"12.1620893696"},"miss_distance":{"kilometers":"55342792"}}]},{"name":"(2015 XB128)","estimated_diameter":{"meters":{"estimated_diameter_min":22.1082810359,"estimated_diameter_max":49.435619262}},"is_potentially_hazardous_asteroid":false,"close_approach_data":[{"close_approach_date":"2194-11-22","relative_velocity":{"kilometers_per_second":"12.799889248"},"miss_distance":{"kilometers":"27750150"}}]}]