[{"name":"363344 (2002 QC7)","estimated_diameter":{"meters":{"estimated_diameter_min":265.8,"estimated_diameter_max":594.3468684194}},"is_potentially_hazardous_asteroid":true,"close_approach_data":[{"close_approach_date":"2194-03-13","relative_velocity":{"kilometers_per_second":"16.1292083516"},"miss_distance":{"kilometers":"32838970"}}]},{"name":"(2010 JF87)","estimated_diameter":{"meters":{"estimated_diameter_min":384.1978910643,"estimated_diameter_max":859.0926012318}},"is_potentially_hazardous_asteroid":false,"close_approach_data":[{"close_approach_date":"2194-03-13","relative_velocity":{"kilometers_per_second":"17.3256746777"},"miss_distance":{"kilometers":"43172060"}}]}]