[{"name":"85989 (1999 JD6)","estimated_diameter":{"meters":{"estimated_diameter_min":1010.5434154201,"estimated_diameter_max":2259.643771094}},"is_potentially_hazardous_asteroid":true,"close_approach_data":[{"close_approach_date":"2194-05-03","relative_velocity":{"kilometers_per_second":"24.4265847116"},"miss_distance":{"kilometers":"50838728"}}]},{"name":"(2010 AO60)","estimated_diameter":{"meters":{"estimated_diameter_min":116.0259082094,"estimated_diameter_max":259.4418179074}},"is_potentially_hazardous_asteroid":false,"close_approach_data":[{"close_approach_date":"2194-05-03","relative_velocity":{"kilometers_per_second":"18.5588532853"},"miss_distance":{"kilometers":"60111360"}}]},{"name":"(2014 WQ69)","estimated_diameter":{"meters":{"estimated_diameter_min":139.4938229344,"estimated_diameter_max":311.9176705226}},"is_potentially_hazardous_asteroid":false,"close_approach_data":[{"close_approach_date":"2194-05-03","relative_velocity":{"kilometers_per_second":"13.7807887325"},"miss_distance":{"kilometers":"47078968"}}]}]