[{"name":"458116 (2010 DA)","estimated_diameter":{"meters":{"estimated_diameter_min":231.5021222103,"estimated_diameter_max":517.6544821978}},"is_potentially_hazardous_asteroid":true,"close_approach_data":[{"close_approach_date":"2194-10-31","relative_velocity":{"kilometers_per_second":"21.5154872508"},"miss_distance":{"kilometers":"44096720"}}]},{"name":"(2008 DL5)","estimated_diameter":{"meters":{"estimated_diameter_min":101.054341542,"estimated_diameter_max":225.9643771094}},"is_potentially_hazardous_asteroid":false,"close_approach_data":[{"close_approach_date":"2194-10-31","relative_velocity":{"kilometers_per_second":"18.6155551848"},"miss_distance":{"kilometers":"68414672"}}]},{"name":"(2013 NJ10)","estimated_diameter":{"meters":{"estimated_diameter_min":608.9126221057,"estimated_diameter_max":1361.5700153859}},"is_potentially_hazardous_asteroid":true,"close_approach_data":[{"close_approach_date":"2194-10-31","relative_velocity":{"kilometers_per_second":"24.3779776938"},"miss_distance":{"kilometers":"72341416"}}]},{"name":"(2004 TD10)","estimated_diameter":{"meters":{"estimated_diameter_min":101.054341542,"estimated_diameter_max":225.9643771094}},"is_potentially_hazardous_asteroid":false,"close_approach_data":[{"close_approach_date":"2194-10-31","relative_velocity":{"kilometers_per_second":"13.8129494172"},"miss_distance":{"kilometers":"17163430"}}]}]