[{"name":"52750 (1998 KK17)","estimated_diameter":{"meters":{"estimated_diameter_min":1332.1556669813,"estimated_diameter_max":2978.7906279817}},"is_potentially_hazardous_asteroid":false,"close_approach_data":[{"close_approach_date":"2194-04-18","relative_velocity":{"kilometers_per_second":"18.9492570418"},"miss_distance":{"kilometers":"32017340"}}]},{"name":"277810 (2006 FV35)","estimated_diameter":{"meters":{"estimated_diameter_min":116.0259082094,"estimated_diameter_max":259.4418179074}},"is_potentially_hazardous_asteroid":false,"close_approach_data":[{"close_approach_date":"2194-04-18","relative_velocity":{"kilometers_per_second":"8.9573571345"},"miss_distance":{"kilometers":"43273548"}}]}]