[{"name":"39565 (1992 SL)","estimated_diameter":{"meters":{"estimated_diameter_min":555.334911581,"estimated_diameter_max":1241.766612574}},"is_potentially_hazardous_asteroid":false,"close_approach_data":[{"close_approach_date":"2194-08-18","relative_velocity":{"kilometers_per_second":"12.1197778286"},"miss_distance":{"kilometers":"55965332"}}]},{"name":"163132 (2002 CU11)","estimated_diameter":{"meters":{"estimated_diameter_min":530.3407233187,"estimated_diameter_max":1185.8779085771}},"is_potentially_hazardous_asteroid":true,"close_approach_data":[{"close_approach_date":"2194-08-18","relative_velocity":{"kilometers_per_second":"24.937410676"},"miss_distance":{"kilometers":"63160244"}}]},{"name":"365071 (2009 AV)","estimated_diameter":{"meters":{"estimated_diameter_min":637.6097898754,"estimated_diameter_max":1425.7388332807}},"is_potentially_hazardous_asteroid":true,"close_approach_data":[{"close_approach_date":"2194-08-18","relative_velocity":{"kilometers_per_second":"25.0817082553"},"miss_distance":{"kilometers":"55854928"}}]},{"name":"(2003 YX1)","estimated_diameter":{"meters":{"estimated_diameter_min":175.6123184804,"estimated_diameter_max":392.6810818086}},"is_potentially_hazardous_asteroid":true,"close_approach_data":[{"close_approach_date":"2194-08-18","relative_velocity":{"kilometers_per_second":"12.3078910129"},"miss_distance":{"kilometers":"55568392"}}]},{"name":"(2008 QD1)","estimated_diameter":{"meters":{"estimated_diameter_min":421.2646105562,"estimated_diameter_max":941.9763057186}},"is_potentially_hazardous_asteroid":false,"close_approach_data":[{"close_approach_date":"2194-08-18","relative_velocity":{"kilometers_per_second":"2.8706258538"},"miss_distance":{"kilometers":"47659048"}}]}]