[{"name":"(2012 XD112)","estimated_diameter":{"meters":{"estimated_diameter_min":160.1603379786,"estimated_diameter_max":358.1294030194}},"is_potentially_hazardous_asteroid":true,"close_approach_data":[{"close_approach_date":"2194-01-29","relative_velocity":{"kilometers_per_second":"7.1963714849"},"miss_distance":{"kilometers":"14185974"}}]},{"name":"468005 (2012 XD112)","estimated_diameter":{"meters":{"estimated_diameter_min":152.9519353442,"estimated_diameter_max":342.0109247198}},"is_potentially_hazardous_asteroid":true,"close_approach_data":[{"close_approach_date":"2194-01-29","relative_velocity":{"kilometers_per_second":"7.196301313"},"miss_distance":{"kilometers":"14186807"}}]}]