[{"name":"143649 (2003 QQ47)","estimated_diameter":{"meters":{"estimated_diameter_min":880.1465209007,"estimated_diameter_max":1968.067450894}},"is_potentially_hazardous_asteroid":true,"close_approach_data":[{"close_approach_date":"2194-09-17","relative_velocity":{"kilometers_per_second":"33.1367425482"},"miss_distance":{"kilometers":"50073972"}}]},{"name":"(2009 SC15)","estimated_diameter":{"meters":{"estimated_diameter_min":139.4938229344,"estimated_diameter_max":311.9176705226}},"is_potentially_hazardous_asteroid":false,"close_approach_data":[{"close_approach_date":"2194-09-17","relative_velocity":{"kilometers_per_second":"7.9055825241"},"miss_distance":{"kilometers":"70614848"}}]},{"name":"470975 (2009 SC15)","estimated_diameter":{"meters":{"estimated_diameter_min":139.4938229344,"estimated_diameter_max":311.9176705226}},"is_potentially_hazardous_asteroid":false,"close_approach_data":[{"close_approach_date":"2194-09-17","relative_velocity":{"kilometers_per_second":"7.9055798382"},"miss_distance":{"kilometers":"70614816"}}]}]