[{"name":"5646 (1990 TR)","estimated_diameter":{"meters":{"estimated_diameter_min":2210.8281035909,"estimated_diameter_max":4943.5619261962}},"is_potentially_hazardous_asteroid":false,"close_approach_data":[{"close_approach_date":"2194-09-28","relative_velocity":{"kilometers_per_second":"5.4108320226"},"miss_distance":{"kilometers":"51602616"}}]},{"name":"329437 (2002 OA22)","estimated_diameter":{"meters":{"estimated_diameter_min":350.3926411083,"estimated_diameter_max":783.5017643338}},"is_potentially_hazardous_asteroid":true,"close_approach_data":[{"close_approach_date":"2194-09-28","relative_velocity":{"kilometers_per_second":"6.004611464"},"miss_distance":{"kilometers":"10252433"}}]},{"name":"(2002 EN7)","estimated_diameter":{"meters":{"estimated_diameter_min":152.9519353442,"estimated_diameter_max":342.0109247198}},"is_potentially_hazardous_asteroid":false,"close_approach_data":[{"close_approach_date":"2194-09-28","relative_velocity":{"kilometers_per_second":"18.0967671558"},"miss_distance":{"kilometers":"19607206"}}]},{"name":"(2004 SC56)","estimated_diameter":{"meters":{"estimated_diameter_min":76.6575573531,"estimated_diameter_max":171.4115092306}},"is_potentially_hazardous_asteroid":false,"close_approach_data":[{"close_approach_date":"2194-09-28","relative_velocity":{"kilometers_per_second":"8.4356424765"},"miss_distance":{"kilometers":"10837232"}}]}]