[{"name":"163679 (2002 XG84)","estimated_diameter":{"meters":{"estimated_diameter_min":384.1978910643,"estimated_diameter_max":859.0926012318}},"is_potentially_hazardous_asteroid":false,"close_approach_data":[{"close_approach_date":"2194-09-06","relative_velocity":{"kilometers_per_second":"9.9699506271"},"miss_distance":{"kilometers":"26230064"}}]},{"name":"351545 (2005 TE15)","estimated_diameter":{"meters":{"estimated_diameter_min":305.1792325939,"estimated_diameter_max":682.4015094011}},"is_potentially_hazardous_asteroid":false,"close_approach_data":[{"close_approach_date":"2194-09-06","relative_velocity":{"kilometers_per_second":"10.432225164"},"miss_distance":{"kilometers":"20565370"}}]},{"name":"415752 (2000 OB22)","estimated_diameter":{"meters":{"estimated_diameter_min":1058.1688593312,"estimated_diameter_max":2366.137501138}},"is_potentially_hazardous_asteroid":false,"close_approach_data":[{"close_approach_date":"2194-09-06","relative_velocity":{"kilometers_per_second":"12.2991939485"},"miss_distance":{"kilometers":"71547328"}}]},{"name":"(2005 LV7)","estimated_diameter":{"meters":{"estimated_diameter_min":402.3045798343,"estimated_diameter_max":899.5803881691}},"is_potentially_hazardous_asteroid":false,"close_approach_data":[{"close_approach_date":"2194-09-06","relative_velocity":{"kilometers_per_second":"15.554403266"},"miss_distance":{"kilometers":"51664448"}}]},{"name":"(2010 FL48)","estimated_diameter":{"meters":{"estimated_diameter_min":96.5061469579,"estimated_diameter_max":215.7943048444}},"is_potentially_hazardous_asteroid":false,"close_approach_data":[{"close_approach_date":"2194-09-06","relative_velocity":{"kilometers_per_second":"15.6349645607"},"miss_distance":{"kilometers":"58618444"}}]}]