[{"name":"7482 (1994 PC1)","estimated_diameter":{"meters":{"estimated_diameter_min":1160.2590820944,"estimated_diameter_max":2594.4181790745}},"is_potentially_hazardous_asteroid":true,"close_approach_data":[{"close_approach_date":"2194-07-05","relative_velocity":{"kilometers_per_second":"16.6418292885"},"miss_distance":{"kilometers":"65389460"}}]},{"name":"392476 (2011 GD3)","estimated_diameter":{"meters":{"estimated_diameter_min":402.3045798343,"estimated_diameter_max":899.5803881691}},"is_potentially_hazardous_asteroid":false,"close_approach_data":[{"close_approach_date":"2194-07-05","relative_velocity":{"kilometers_per_second":"22.6892357387"},"miss_distance":{"kilometers":"33579040"}}]},{"name":"(2004 MW2)","estimated_diameter":{"meters":{"estimated_diameter_min":366.9061375314,"estimated_diameter_max":820.4270648822}},"is_potentially_hazardous_asteroid":false,"close_approach_data":[{"close_approach_date":"2194-07-05","relative_velocity":{"kilometers_per_second":"32.7966497388"},"miss_distance":{"kilometers":"43038460"}}]},{"name":"(2006 LF)","estimated_diameter":{"meters":{"estimated_diameter_min":506.4714588346,"estimated_diameter_max":1132.5046106177}},"is_potentially_hazardous_asteroid":false,"close_approach_data":[{"close_approach_date":"2194-07-05","relative_velocity":{"kilometers_per_second":"27.1080746154"},"miss_distance":{"kilometers":"57506600"}}]},{"name":"(2006 MS6)","estimated_diameter":{"meters":{"estimated_diameter_min":366.9061375314,"estimated_diameter_max":820.4270648822}},"is_potentially_hazardous_asteroid":false,"close_approach_data":[{"close_approach_date":"2194-07-05","relative_velocity":{"kilometers_per_second":"14.3531139943"},"miss_distance":{"kilometers":"20876828"}}]},{"name":"(2016 CX247)","estimated_diameter":{"meters":{"estimated_diameter_min":80.2703167283,"estimated_diameter_max":179.4898847799}},"is_potentially_hazardous_asteroid":false,"close_approach_data":[{"close_approach_date":"2194-07-05","relative_velocity":{"kilometers_per_second":"14.3996499936"},"miss_distance":{"kilometers":"62413920"}}]}]