[{"name":"405762 (2005 YO180)","estimated_diameter":{"meters":{"estimated_diameter_min":231.5021222103,"estimated_diameter_max":517.6544821978}},"is_potentially_hazardous_asteroid":true,"close_approach_data":[{"close_approach_date":"2194-10-03","relative_velocity":{"kilometers_per_second":"22.3843746792"},"miss_distance":{"kilometers":"56420440"}}]},{"name":"435404 (2008 AT28)","estimated_diameter":{"meters":{"estimated_diameter_min":555.334911581,"estimated_diameter_max":1241.766612574}},"is_potentially_hazardous_asteroid":false,"close_approach_data":[{"close_approach_date":"2194-10-03","relative_velocity":{"kilometers_per_second":"2.4570854777"},"miss_distance":{"kilometers":"59237028"}}]}]