[{"name":"413989 (2007 EL88)","estimated_diameter":{"meters":{"estimated_diameter_min":421.2646105562,"estimated_diameter_max":941.9763057186}},"is_potentially_hazardous_asteroid":true,"close_approach_data":[{"close_approach_date":"2194-10-12","relative_velocity":{"kilometers_per_second":"22.4565644947"},"miss_distance":{"kilometers":"50734408"}}]},{"name":"462775 (2010 GY6)","estimated_diameter":{"meters":{"estimated_diameter_min":350.3926411083,"estimated_diameter_max":783.5017643338}},"is_potentially_hazardous_asteroid":false,"close_approach_data":[{"close_approach_date":"2194-10-12","relative_velocity":{"kilometers_per_second":"11.4897642725"},"miss_distance":{"kilometers":"26863252"}}]},{"name":"(2013 PH3)","estimated_diameter":{"meters":{"estimated_diameter_min":48.3676488219,"estimated_diameter_max":108.1533506775}},"is_potentially_hazardous_asteroid":false,"close_approach_data":[{"close_approach_date":"2194-10-12","relative_velocity":{"kilometers_per_second":"9.2994333885"},"miss_distance":{"kilometers":"26182960"}}]},{"name":"(2016 TE93)","estimated_diameter":{"meters":{"estimated_diameter_min":152.9519353442,"estimated_diameter_max":342.0109247198}},"is_potentially_hazardous_asteroid":false,"close_approach_data":[{"close_approach_date":"2194-10-12","relative_velocity":{"kilometers_per_second":"12.1503735575"},"miss_distance":{"kilometers":"41496608"}}]}]