[{"name":"162980 (2001 RR17)","estimated_diameter":{"meters":{"estimated_diameter_min":1214.9404079963,"estimated_diameter_max":2716.6893408911}},"is_potentially_hazardous_asteroid":false,"close_approach_data":[{"close_approach_date":"2194-04-24","relative_velocity":{"kilometers_per_second":"22.8847471473"},"miss_distance":{"kilometers":"52367000"}}]},{"name":"276033 (2002 AJ129)","estimated_diameter":{"meters":{"estimated_diameter_min":483.6764882185,"estimated_diameter_max":1081.533506775}},"is_potentially_hazardous_asteroid":true,"close_approach_data":[{"close_approach_date":"2194-04-24","relative_velocity":{"kilometers_per_second":"25.0545463877"},"miss_distance":{"kilometers":"66422648"}}]},{"name":"434500 (2005 SB71)","estimated_diameter":{"meters":{"estimated_diameter_min":152.9519353442,"estimated_diameter_max":342.0109247198}},"is_potentially_hazardous_asteroid":false,"close_approach_data":[{"close_approach_date":"2194-04-24","relative_velocity":{"kilometers_per_second":"7.5238729902"},"miss_distance":{"kilometers":"41785664"}}]},{"name":"(2005 HN3)","estimated_diameter":{"meters":{"estimated_diameter_min":152.9519353442,"estimated_diameter_max":342.0109247198}},"is_potentially_hazardous_asteroid":false,"close_approach_data":[{"close_approach_date":"2194-04-24","relative_velocity":{"kilometers_per_second":"20.4867737867"},"miss_distance":{"kilometers":"58739432"}}]},{"name":"(2008 AV28)","estimated_diameter":{"meters":{"estimated_diameter_min":350.3926411083,"estimated_diameter_max":783.5017643338}},"is_potentially_hazardous_asteroid":false,"close_approach_data":[{"close_approach_date":"2194-04-24","relative_velocity":{"kilometers_per_second":"21.8301108584"},"miss_distance":{"kilometers":"70151552"}}]},{"name":"(2013 GY7)","estimated_diameter":{"meters":{"estimated_diameter_min":231.5021222103,"estimated_diameter_max":517.6544821978}},"is_potentially_hazardous_asteroid":true,"close_approach_data":[{"close_approach_date":"2194-04-24","relative_velocity":{"kilometers_per_second":"18.6210579959"},"miss_distance":{"kilometers":"66398684"}}]},{"name":"467609 (2008 AV28)","estimated_diameter":{"meters":{"estimated_diameter_min":350.3926411083,"estimated_diameter_max":783.5017643338}},"is_potentially_hazardous_asteroid":false,"close_approach_data":[{"close_approach_date":"2194-04-24","relative_velocity":{"kilometers_per_second":"21.8302006359"},"miss_distance":{"kilometers":"70151952"}}]}]