[{"name":"(2008 MG1)","estimated_diameter":{"meters":{"estimated_diameter_min":278.3267680719,"estimated_diameter_max":622.3575733667}},"is_potentially_hazardous_asteroid":false,"close_approach_data":[{"close_approach_date":"2194-08-01","relative_velocity":{"kilometers_per_second":"23.6707895829"},"miss_distance":{"kilometers":"11667630"}}]},{"name":"(2016 LM48)","estimated_diameter":{"meters":{"estimated_diameter_min":211.1324447897,"estimated_diameter_max":472.1064988055}},"is_potentially_hazardous_asteroid":false,"close_approach_data":[{"close_approach_date":"2194-08-01","relative_velocity":{"kilometers_per_second":"12.263272941"},"miss_distance":{"kilometers":"66605940"}}]}]