[{"name":"152685 (1998 MZ)","estimated_diameter":{"meters":{"estimated_diameter_min":384.1978910643,"estimated_diameter_max":859.0926012318}},"is_potentially_hazardous_asteroid":true,"close_approach_data":[{"close_approach_date":"2194-03-10","relative_velocity":{"kilometers_per_second":"19.088756468"},"miss_distance":{"kilometers":"61960048"}}]},{"name":"(2012 DK4)","estimated_diameter":{"meters":{"estimated_diameter_min":50.6471458835,"estimated_diameter_max":113.2504610618}},"is_potentially_hazardous_asteroid":false,"close_approach_data":[{"close_approach_date":"2194-03-10","relative_velocity":{"kilometers_per_second":"19.9006616153"},"miss_distance":{"kilometers":"71001232"}}]}]