[{"name":"(2006 SS134)","estimated_diameter":{"meters":{"estimated_diameter_min":139.4938229344,"estimated_diameter_max":311.9176705226}},"is_potentially_hazardous_asteroid":true,"close_approach_data":[{"close_approach_date":"2194-03-01","relative_velocity":{"kilometers_per_second":"25.6281351011"},"miss_distance":{"kilometers":"49083156"}}]},{"name":"(2014 DD23)","estimated_diameter":{"meters":{"estimated_diameter_min":121.4940407996,"estimated_diameter_max":271.6689340891}},"is_potentially_hazardous_asteroid":false,"close_approach_data":[{"close_approach_date":"2194-03-01","relative_velocity":{"kilometers_per_second":"6.9184853919"},"miss_distance":{"kilometers":"57621556"}}]},{"name":"(2015 CU)","estimated_diameter":{"meters":{"estimated_diameter_min":175.6123184804,"estimated_diameter_max":392.6810818086}},"is_potentially_hazardous_asteroid":false,"close_approach_data":[{"close_approach_date":"2194-03-01","relative_velocity":{"kilometers_per_second":"18.0222422817"},"miss_distance":{"kilometers":"45489380"}}]}]