[{"name":"2063 Bacchus (1977 HB)","estimated_diameter":{"meters":{"estimated_diameter_min":921.6265485028,"estimated_diameter_max":2060.8196123208}},"is_potentially_hazardous_asteroid":false,"close_approach_data":[{"close_approach_date":"2194-06-28","relative_velocity":{"kilometers_per_second":"9.4856976327"},"miss_distance":{"kilometers":"69918616"}}]},{"name":"349068 (2006 YT13)","estimated_diameter":{"meters":{"estimated_diameter_min":581.5070396458,"estimated_diameter_max":1300.2892700427}},"is_potentially_hazardous_asteroid":true,"close_approach_data":[{"close_approach_date":"2194-06-28","relative_velocity":{"kilometers_per_second":"19.8956642774"},"miss_distance":{"kilometers":"66701200"}}]},{"name":"444628 (2006 WQ1)","estimated_diameter":{"meters":{"estimated_diameter_min":350.3926411083,"estimated_diameter_max":783.5017643338}},"is_potentially_hazardous_asteroid":false,"close_approach_data":[{"close_approach_date":"2194-06-28","relative_velocity":{"kilometers_per_second":"7.6155676453"},"miss_distance":{"kilometers":"63575532"}}]}]