[{"name":"4581 Asclepius (1989 FC)","estimated_diameter":{"meters":{"estimated_diameter_min":192.5550781879,"estimated_diameter_max":430.566244241}},"is_potentially_hazardous_asteroid":true,"close_approach_data":[{"close_approach_date":"2194-03-23","relative_velocity":{"kilometers_per_second":"8.584871604"},"miss_distance":{"kilometers":"11105541"}}]},{"name":"(2010 FL48)","estimated_diameter":{"meters":{"estimated_diameter_min":96.5061469579,"estimated_diameter_max":215.7943048444}},"is_potentially_hazardous_asteroid":false,"close_approach_data":[{"close_approach_date":"2194-03-23","relative_velocity":{"kilometers_per_second":"14.3487459078"},"miss_distance":{"kilometers":"25620854"}}]}]