[{"name":"1865 Cerberus (1971 UA)","estimated_diameter":{"meters":{"estimated_diameter_min":1139.0819672164,"estimated_diameter_max":2547.06471064}},"is_potentially_hazardous_asteroid":false,"close_approach_data":[{"close_approach_date":"2194-07-15","relative_velocity":{"kilometers_per_second":"19.686418542"},"miss_distance":{"kilometers":"46967236"}}]},{"name":"(2016 YN1)","estimated_diameter":{"meters":{"estimated_diameter_min":50.6471458835,"estimated_diameter_max":113.2504610618}},"is_potentially_hazardous_asteroid":false,"close_approach_data":[{"close_approach_date":"2194-07-15","relative_velocity":{"kilometers_per_second":"5.9038778914"},"miss_distance":{"kilometers":"38987456"}}]}]