[{"name":"284422 (2006 YD)","estimated_diameter":{"meters":{"estimated_diameter_min":880.1465209007,"estimated_diameter_max":1968.067450894}},"is_potentially_hazardous_asteroid":false,"close_approach_data":[{"close_approach_date":"2194-04-09","relative_velocity":{"kilometers_per_second":"14.3205022654"},"miss_distance":{"kilometers":"25293872"}}]},{"name":"(2007 GS3)","estimated_diameter":{"meters":{"estimated_diameter_min":350.3926411083,"estimated_diameter_max":783.5017643338}},"is_potentially_hazardous_asteroid":true,"close_approach_data":[{"close_approach_date":"2194-04-09","relative_velocity":{"kilometers_per_second":"14.2246715308"},"miss_distance":{"kilometers":"40006056"}}]},{"name":"(2013 ER89)","estimated_diameter":{"meters":{"estimated_diameter_min":242.4124811008,"estimated_diameter_max":542.0507863358}},"is_potentially_hazardous_asteroid":true,"close_approach_data":[{"close_approach_date":"2194-04-09","relative_velocity":{"kilometers_per_second":"21.2428303068"},"miss_distance":{"kilometers":"36481296"}}]},{"name":"489486 (2007 GS3)","estimated_diameter":{"meters":{"estimated_diameter_min":350.3926411083,"estimated_diameter_max":783.5017643338}},"is_potentially_hazardous_asteroid":true,"close_approach_data":[{"close_approach_date":"2194-04-09","relative_velocity":{"kilometers_per_second":"14.2241993774"},"miss_distance":{"kilometers":"40003192"}}]}]