[{"name":"459046 (2012 AS10)","estimated_diameter":{"meters":{"estimated_diameter_min":1010.5434154201,"estimated_diameter_max":2259.643771094}},"is_potentially_hazardous_asteroid":false,"close_approach_data":[{"close_approach_date":"2194-06-23","relative_velocity":{"kilometers_per_second":"12.4137198068"},"miss_distance":{"kilometers":"32448530"}}]},{"name":"(2000 QV7)","estimated_diameter":{"meters":{"estimated_diameter_min":139.4938229344,"estimated_diameter_max":311.9176705226}},"is_potentially_hazardous_asteroid":true,"close_approach_data":[{"close_approach_date":"2194-06-23","relative_velocity":{"kilometers_per_second":"13.23711334"},"miss_distance":{"kilometers":"48815084"}}]},{"name":"(2010 XO56)","estimated_diameter":{"meters":{"estimated_diameter_min":253.8370293645,"estimated_diameter_max":567.5968528656}},"is_potentially_hazardous_asteroid":false,"close_approach_data":[{"close_approach_date":"2194-06-23","relative_velocity":{"kilometers_per_second":"19.7772491869"},"miss_distance":{"kilometers":"33583288"}}]}]