[{"name":"462775 (2010 GY6)","estimated_diameter":{"meters":{"estimated_diameter_min":350.3926411083,"estimated_diameter_max":783.5017643338}},"is_potentially_hazardous_asteroid":false,"close_approach_data":[{"close_approach_date":"2194-05-12","relative_velocity":{"kilometers_per_second":"12.5199237378"},"miss_distance":{"kilometers":"42399320"}}]},{"name":"(2016 LU47)","estimated_diameter":{"meters":{"estimated_diameter_min":60.8912622106,"estimated_diameter_max":136.1570015386}},"is_potentially_hazardous_asteroid":false,"close_approach_data":[{"close_approach_date":"2194-05-12","relative_velocity":{"kilometers_per_second":"5.3459291493"},"miss_distance":{"kilometers":"67806360"}}]},{"name":"(2013 KN6)","estimated_diameter":{"meters":{"estimated_diameter_min":530.3407233187,"estimated_diameter_max":1185.8779085771}},"is_potentially_hazardous_asteroid":true,"close_approach_data":[{"close_approach_date":"2194-05-12","relative_velocity":{"kilometers_per_second":"27.2926123721"},"miss_distance":{"kilometers":"25642318"}}]},{"name":"471926 (2013 KN6)","estimated_diameter":{"meters":{"estimated_diameter_min":506.4714588346,"estimated_diameter_max":1132.5046106177}},"is_potentially_hazardous_asteroid":true,"close_approach_data":[{"close_approach_date":"2194-05-12","relative_velocity":{"kilometers_per_second":"27.2909631551"},"miss_distance":{"kilometers":"25650752"}}]}]