[{"name":"65690 (1991 DG)","estimated_diameter":{"meters":{"estimated_diameter_min":402.3045798343,"estimated_diameter_max":899.5803881691}},"is_potentially_hazardous_asteroid":true,"close_approach_data":[{"close_approach_date":"2194-04-07","relative_velocity":{"kilometers_per_second":"9.0345254781"},"miss_distance":{"kilometers":"12009219"}}]},{"name":"434313 (2004 GP)","estimated_diameter":{"meters":{"estimated_diameter_min":350.3926411083,"estimated_diameter_max":783.5017643338}},"is_potentially_hazardous_asteroid":false,"close_approach_data":[{"close_approach_date":"2194-04-07","relative_velocity":{"kilometers_per_second":"22.7229917659"},"miss_distance":{"kilometers":"62774276"}}]},{"name":"(2000 UW13)","estimated_diameter":{"meters":{"estimated_diameter_min":211.1324447897,"estimated_diameter_max":472.1064988055}},"is_potentially_hazardous_asteroid":false,"close_approach_data":[{"close_approach_date":"2194-04-07","relative_velocity":{"kilometers_per_second":"13.4131052087"},"miss_distance":{"kilometers":"58585364"}}]},{"name":"(2009 FH44)","estimated_diameter":{"meters":{"estimated_diameter_min":76.6575573531,"estimated_diameter_max":171.4115092306}},"is_potentially_hazardous_asteroid":false,"close_approach_data":[{"close_approach_date":"2194-04-07","relative_velocity":{"kilometers_per_second":"14.3081051609"},"miss_distance":{"kilometers":"26369582"}}]},{"name":"(2012 PC20)","estimated_diameter":{"meters":{"estimated_diameter_min":146.0679642714,"estimated_diameter_max":326.6178974458}},"is_potentially_hazardous_asteroid":false,"close_approach_data":[{"close_approach_date":"2194-04-07","relative_velocity":{"kilometers_per_second":"6.9256074015"},"miss_distance":{"kilometers":"41192956"}}]},{"name":"488509 (2000 UW13)","estimated_diameter":{"meters":{"estimated_diameter_min":211.1324447897,"estimated_diameter_max":472.1064988055}},"is_potentially_hazardous_asteroid":false,"close_approach_data":[{"close_approach_date":"2194-04-07","relative_velocity":{"kilometers_per_second":"13.4131228838"},"miss_distance":{"kilometers":"58585348"}}]}]