[{"name":"162004 (1991 VE)","estimated_diameter":{"meters":{"estimated_diameter_min":608.9126221057,"estimated_diameter_max":1361.5700153859}},"is_potentially_hazardous_asteroid":false,"close_approach_data":[{"close_approach_date":"2194-01-19","relative_velocity":{"kilometers_per_second":"16.0328054944"},"miss_distance":{"kilometers":"33088996"}}]},{"name":"(2006 AM4)","estimated_diameter":{"meters":{"estimated_diameter_min":116.0259082094,"estimated_diameter_max":259.4418179074}},"is_potentially_hazardous_asteroid":true,"close_approach_data":[{"close_approach_date":"2194-01-19","relative_velocity":{"kilometers_per_second":"33.2911505296"},"miss_distance":{"kilometers":"56444640"}}]},{"name":"(2010 WQ7)","estimated_diameter":{"meters":{"estimated_diameter_min":608.9126221057,"estimated_diameter_max":1361.5700153859}},"is_potentially_hazardous_asteroid":false,"close_approach_data":[{"close_approach_date":"2194-01-19","relative_velocity":{"kilometers_per_second":"15.123713991"},"miss_distance":{"kilometers":"44833848"}}]},{"name":"(2011 EP51)","estimated_diameter":{"meters":{"estimated_diameter_min":25.3837029364,"estimated_diameter_max":56.7596852866}},"is_potentially_hazardous_asteroid":false,"close_approach_data":[{"close_approach_date":"2194-01-19","relative_velocity":{"kilometers_per_second":"19.5787489714"},"miss_distance":{"kilometers":"54754504"}}]},{"name":"(2012 AN10)","estimated_diameter":{"meters":{"estimated_diameter_min":84.0533402073,"estimated_diameter_max":187.9489824394}},"is_potentially_hazardous_asteroid":false,"close_approach_data":[{"close_approach_date":"2194-01-19","relative_velocity":{"kilometers_per_second":"11.8399417154"},"miss_distance":{"kilometers":"12141557"}}]}]