[{"name":"(2008 ER7)","estimated_diameter":{"meters":{"estimated_diameter_min":265.8,"estimated_diameter_max":594.3468684194}},"is_potentially_hazardous_asteroid":true,"close_approach_data":[{"close_approach_date":"2194-09-16","relative_velocity":{"kilometers_per_second":"14.3732567735"},"miss_distance":{"kilometers":"51552584"}}]},{"name":"(2013 YB48)","estimated_diameter":{"meters":{"estimated_diameter_min":105.8168859331,"estimated_diameter_max":236.6137501138}},"is_potentially_hazardous_asteroid":false,"close_approach_data":[{"close_approach_date":"2194-09-16","relative_velocity":{"kilometers_per_second":"5.2660591636"},"miss_distance":{"kilometers":"63127148"}}]},{"name":"484506 (2008 ER7)","estimated_diameter":{"meters":{"estimated_diameter_min":242.4124811008,"estimated_diameter_max":542.0507863358}},"is_potentially_hazardous_asteroid":true,"close_approach_data":[{"close_approach_date":"2194-09-16","relative_velocity":{"kilometers_per_second":"14.3736108196"},"miss_distance":{"kilometers":"51553548"}}]}]