[{"name":"(2006 HC2)","estimated_diameter":{"meters":{"estimated_diameter_min":116.0259082094,"estimated_diameter_max":259.4418179074}},"is_potentially_hazardous_asteroid":true,"close_approach_data":[{"close_approach_date":"2194-04-19","relative_velocity":{"kilometers_per_second":"13.4896813747"},"miss_distance":{"kilometers":"10209206"}}]},{"name":"(2017 HA1)","estimated_diameter":{"meters":{"estimated_diameter_min":61.6247224961,"estimated_diameter_max":137.7970685958}},"is_potentially_hazardous_asteroid":false,"close_approach_data":[{"close_approach_date":"2194-04-19","relative_velocity":{"kilometers_per_second":"11.7680564009"},"miss_distance":{"kilometers":"29432530"}}]}]