[{"name":"(2001 FC58)","estimated_diameter":{"meters":{"estimated_diameter_min":221.0828103591,"estimated_diameter_max":494.3561926196}},"is_potentially_hazardous_asteroid":true,"close_approach_data":[{"close_approach_date":"2194-12-10","relative_velocity":{"kilometers_per_second":"12.0023239449"},"miss_distance":{"kilometers":"49591820"}}]},{"name":"(2012 TQ78)","estimated_diameter":{"meters":{"estimated_diameter_min":350.3926411083,"estimated_diameter_max":783.5017643338}},"is_potentially_hazardous_asteroid":false,"close_approach_data":[{"close_approach_date":"2194-12-10","relative_velocity":{"kilometers_per_second":"16.0361262689"},"miss_distance":{"kilometers":"25933884"}}]},{"name":"(2012 VO6)","estimated_diameter":{"meters":{"estimated_diameter_min":139.4938229344,"estimated_diameter_max":311.9176705226}},"is_potentially_hazardous_asteroid":true,"close_approach_data":[{"close_approach_date":"2194-12-10","relative_velocity":{"kilometers_per_second":"13.2266118873"},"miss_distance":{"kilometers":"16273960"}}]},{"name":"482505 (2012 TQ78)","estimated_diameter":{"meters":{"estimated_diameter_min":334.6223744549,"estimated_diameter_max":748.2383760735}},"is_potentially_hazardous_asteroid":false,"close_approach_data":[{"close_approach_date":"2194-12-10","relative_velocity":{"kilometers_per_second":"16.0360991903"},"miss_distance":{"kilometers":"25933772"}}]}]