[{"name":"(2003 QH5)","estimated_diameter":{"meters":{"estimated_diameter_min":253.8370293645,"estimated_diameter_max":567.5968528656}},"is_potentially_hazardous_asteroid":true,"close_approach_data":[{"close_approach_date":"2194-06-07","relative_velocity":{"kilometers_per_second":"12.0221595144"},"miss_distance":{"kilometers":"51752688"}}]},{"name":"(2006 XD2)","estimated_diameter":{"meters":{"estimated_diameter_min":167.7084621628,"estimated_diameter_max":375.0075217981}},"is_potentially_hazardous_asteroid":true,"close_approach_data":[{"close_approach_date":"2194-06-07","relative_velocity":{"kilometers_per_second":"9.7113451004"},"miss_distance":{"kilometers":"14612849"}}]},{"name":"480936 (2003 QH5)","estimated_diameter":{"meters":{"estimated_diameter_min":242.4124811008,"estimated_diameter_max":542.0507863358}},"is_potentially_hazardous_asteroid":true,"close_approach_data":[{"close_approach_date":"2194-06-07","relative_velocity":{"kilometers_per_second":"12.0273566243"},"miss_distance":{"kilometers":"51801196"}}]},{"name":"481457 (2006 XD2)","estimated_diameter":{"meters":{"estimated_diameter_min":167.7084621628,"estimated_diameter_max":375.0075217981}},"is_potentially_hazardous_asteroid":true,"close_approach_data":[{"close_approach_date":"2194-06-07","relative_velocity":{"kilometers_per_second":"9.7107834061"},"miss_distance":{"kilometers":"14615926"}}]},{"name":"(1999 LW1)","estimated_diameter":{"meters":{"estimated_diameter_min":221.0828103591,"estimated_diameter_max":494.3561926196}},"is_potentially_hazardous_asteroid":false,"close_approach_data":[{"close_approach_date":"2194-06-07","relative_velocity":{"kilometers_per_second":"27.7036357375"},"miss_distance":{"kilometers":"31724962"}}]}]