[{"name":"434500 (2005 SB71)","estimated_diameter":{"meters":{"estimated_diameter_min":152.9519353442,"estimated_diameter_max":342.0109247198}},"is_potentially_hazardous_asteroid":false,"close_approach_data":[{"close_approach_date":"2194-09-29","relative_velocity":{"kilometers_per_second":"8.4300675832"},"miss_distance":{"kilometers":"15519788"}}]},{"name":"(2002 TA60)","estimated_diameter":{"meters":{"estimated_diameter_min":192.5550781879,"estimated_diameter_max":430.566244241}},"is_potentially_hazardous_asteroid":false,"close_approach_data":[{"close_approach_date":"2194-09-29","relative_velocity":{"kilometers_per_second":"15.6907152175"},"miss_distance":{"kilometers":"62691024"}}]},{"name":"(2005 JO3)","estimated_diameter":{"meters":{"estimated_diameter_min":278.3267680719,"estimated_diameter_max":622.3575733667}},"is_potentially_hazardous_asteroid":false,"close_approach_data":[{"close_approach_date":"2194-09-29","relative_velocity":{"kilometers_per_second":"15.4866382745"},"miss_distance":{"kilometers":"71305776"}}]},{"name":"(2012 HA2)","estimated_diameter":{"meters":{"estimated_diameter_min":152.9519353442,"estimated_diameter_max":342.0109247198}},"is_potentially_hazardous_asteroid":false,"close_approach_data":[{"close_approach_date":"2194-09-29","relative_velocity":{"kilometers_per_second":"23.3234498605"},"miss_distance":{"kilometers":"45874716"}}]},{"name":"(2013 VO5)","estimated_diameter":{"meters":{"estimated_diameter_min":146.0679642714,"estimated_diameter_max":326.6178974458}},"is_potentially_hazardous_asteroid":true,"close_approach_data":[{"close_approach_date":"2194-09-29","relative_velocity":{"kilometers_per_second":"12.9736985941"},"miss_distance":{"kilometers":"65198384"}}]}]