[{"name":"363734 (2004 XN50)","estimated_diameter":{"meters":{"estimated_diameter_min":461.9074602816,"estimated_diameter_max":1032.8564805039}},"is_potentially_hazardous_asteroid":true,"close_approach_data":[{"close_approach_date":"2194-11-24","relative_velocity":{"kilometers_per_second":"19.4075398189"},"miss_distance":{"kilometers":"36965012"}}]},{"name":"413563 (2005 TG45)","estimated_diameter":{"meters":{"estimated_diameter_min":802.7031672829,"estimated_diameter_max":1794.8988477988}},"is_potentially_hazardous_asteroid":false,"close_approach_data":[{"close_approach_date":"2194-11-24","relative_velocity":{"kilometers_per_second":"18.1492936154"},"miss_distance":{"kilometers":"67157592"}}]},{"name":"(1998 VE31)","estimated_diameter":{"meters":{"estimated_diameter_min":175.6123184804,"estimated_diameter_max":392.6810818086}},"is_potentially_hazardous_asteroid":false,"close_approach_data":[{"close_approach_date":"2194-11-24","relative_velocity":{"kilometers_per_second":"11.6759359509"},"miss_distance":{"kilometers":"37929272"}}]},{"name":"(2008 KD6)","estimated_diameter":{"meters":{"estimated_diameter_min":305.1792325939,"estimated_diameter_max":682.4015094011}},"is_potentially_hazardous_asteroid":false,"close_approach_data":[{"close_approach_date":"2194-11-24","relative_velocity":{"kilometers_per_second":"16.3361312295"},"miss_distance":{"kilometers":"42922820"}}]},{"name":"(2017 VU13)","estimated_diameter":{"meters":{"estimated_diameter_min":179.0420231201,"estimated_diameter_max":400.3501345255}},"is_potentially_hazardous_asteroid":false,"close_approach_data":[{"close_approach_date":"2194-11-24","relative_velocity":{"kilometers_per_second":"10.3206304152"},"miss_distance":{"kilometers":"69204000"}}]}]