[{"name":"2202 Pele (1972 RA)","estimated_diameter":{"meters":{"estimated_diameter_min":965.0614695789,"estimated_diameter_max":2157.9430484443}},"is_potentially_hazardous_asteroid":false,"close_approach_data":[{"close_approach_date":"2194-10-07","relative_velocity":{"kilometers_per_second":"7.3432197333"},"miss_distance":{"kilometers":"22968950"}}]},{"name":"338292 (2002 UA31)","estimated_diameter":{"meters":{"estimated_diameter_min":421.2646105562,"estimated_diameter_max":941.9763057186}},"is_potentially_hazardous_asteroid":false,"close_approach_data":[{"close_approach_date":"2194-10-07","relative_velocity":{"kilometers_per_second":"19.1999693968"},"miss_distance":{"kilometers":"41874352"}}]},{"name":"(2013 LC1)","estimated_diameter":{"meters":{"estimated_diameter_min":44.1118199997,"estimated_diameter_max":98.6370281305}},"is_potentially_hazardous_asteroid":false,"close_approach_data":[{"close_approach_date":"2194-10-07","relative_velocity":{"kilometers_per_second":"11.91644364"},"miss_distance":{"kilometers":"17431962"}}]}]