[{"name":"303449 (2005 BE2)","estimated_diameter":{"meters":{"estimated_diameter_min":608.9126221057,"estimated_diameter_max":1361.5700153859}},"is_potentially_hazardous_asteroid":false,"close_approach_data":[{"close_approach_date":"2194-03-12","relative_velocity":{"kilometers_per_second":"25.6446012576"},"miss_distance":{"kilometers":"48209308"}}]},{"name":"(2002 DH2)","estimated_diameter":{"meters":{"estimated_diameter_min":231.5021222103,"estimated_diameter_max":517.6544821978}},"is_potentially_hazardous_asteroid":false,"close_approach_data":[{"close_approach_date":"2194-03-12","relative_velocity":{"kilometers_per_second":"16.1360474108"},"miss_distance":{"kilometers":"17609054"}}]},{"name":"(2002 RR25)","estimated_diameter":{"meters":{"estimated_diameter_min":183.8886720703,"estimated_diameter_max":411.1875710413}},"is_potentially_hazardous_asteroid":false,"close_approach_data":[{"close_approach_date":"2194-03-12","relative_velocity":{"kilometers_per_second":"13.7424386973"},"miss_distance":{"kilometers":"46694180"}}]},{"name":"(2008 JT19)","estimated_diameter":{"meters":{"estimated_diameter_min":291.4439045349,"estimated_diameter_max":651.6883821679}},"is_potentially_hazardous_asteroid":false,"close_approach_data":[{"close_approach_date":"2194-03-12","relative_velocity":{"kilometers_per_second":"7.9347497836"},"miss_distance":{"kilometers":"37683524"}}]},{"name":"(2016 DU21)","estimated_diameter":{"meters":{"estimated_diameter_min":133.2155666981,"estimated_diameter_max":297.8790627982}},"is_potentially_hazardous_asteroid":false,"close_approach_data":[{"close_approach_date":"2194-03-12","relative_velocity":{"kilometers_per_second":"24.0108549026"},"miss_distance":{"kilometers":"72659408"}}]}]