[{"name":"417217 (2005 YS)","estimated_diameter":{"meters":{"estimated_diameter_min":319.5618867213,"estimated_diameter_max":714.5621017269}},"is_potentially_hazardous_asteroid":true,"close_approach_data":[{"close_approach_date":"2194-11-27","relative_velocity":{"kilometers_per_second":"26.6005567308"},"miss_distance":{"kilometers":"71311160"}}]},{"name":"(2003 UY12)","estimated_diameter":{"meters":{"estimated_diameter_min":69.9125232246,"estimated_diameter_max":156.3291544087}},"is_potentially_hazardous_asteroid":false,"close_approach_data":[{"close_approach_date":"2194-11-27","relative_velocity":{"kilometers_per_second":"20.5318689276"},"miss_distance":{"kilometers":"40997580"}}]},{"name":"(2016 JN17)","estimated_diameter":{"meters":{"estimated_diameter_min":221.0828103591,"estimated_diameter_max":494.3561926196}},"is_potentially_hazardous_asteroid":false,"close_approach_data":[{"close_approach_date":"2194-11-27","relative_velocity":{"kilometers_per_second":"13.5663072582"},"miss_distance":{"kilometers":"63801132"}}]},{"name":"277830 (2006 HR29)","estimated_diameter":{"meters":{"estimated_diameter_min":192.5550781879,"estimated_diameter_max":430.566244241}},"is_potentially_hazardous_asteroid":false,"close_approach_data":[{"close_approach_date":"2194-11-27","relative_velocity":{"kilometers_per_second":"10.1519456712"},"miss_distance":{"kilometers":"37695600"}}]}]