[{"name":"188174 (2002 JC)","estimated_diameter":{"meters":{"estimated_diameter_min":880.1465209007,"estimated_diameter_max":1968.067450894}},"is_potentially_hazardous_asteroid":false,"close_approach_data":[{"close_approach_date":"2194-06-08","relative_velocity":{"kilometers_per_second":"19.609070036"},"miss_distance":{"kilometers":"48575076"}}]},{"name":"(2017 CP1)","estimated_diameter":{"meters":{"estimated_diameter_min":31.9561886721,"estimated_diameter_max":71.4562101727}},"is_potentially_hazardous_asteroid":false,"close_approach_data":[{"close_approach_date":"2194-06-08","relative_velocity":{"kilometers_per_second":"4.3664506369"},"miss_distance":{"kilometers":"61036908"}}]}]