[{"name":"162149 (1998 YQ11)","estimated_diameter":{"meters":{"estimated_diameter_min":921.6265485028,"estimated_diameter_max":2060.8196123208}},"is_potentially_hazardous_asteroid":false,"close_approach_data":[{"close_approach_date":"2194-04-05","relative_velocity":{"kilometers_per_second":"3.4987200572"},"miss_distance":{"kilometers":"66044396"}}]},{"name":"449074 (2012 FR62)","estimated_diameter":{"meters":{"estimated_diameter_min":384.1978910643,"estimated_diameter_max":859.0926012318}},"is_potentially_hazardous_asteroid":false,"close_approach_data":[{"close_approach_date":"2194-04-05","relative_velocity":{"kilometers_per_second":"20.3124500014"},"miss_distance":{"kilometers":"73450552"}}]},{"name":"(1998 XN17)","estimated_diameter":{"meters":{"estimated_diameter_min":73.2073989347,"estimated_diameter_max":163.696720474}},"is_potentially_hazardous_asteroid":false,"close_approach_data":[{"close_approach_date":"2194-04-05","relative_velocity":{"kilometers_per_second":"17.6592188985"},"miss_distance":{"kilometers":"55588296"}}]},{"name":"(2001 QO142)","estimated_diameter":{"meters":{"estimated_diameter_min":366.9061375314,"estimated_diameter_max":820.4270648822}},"is_potentially_hazardous_asteroid":false,"close_approach_data":[{"close_approach_date":"2194-04-05","relative_velocity":{"kilometers_per_second":"19.5245451625"},"miss_distance":{"kilometers":"19125856"}}]}]