[{"name":"65909 (1998 FH12)","estimated_diameter":{"meters":{"estimated_diameter_min":384.1978910643,"estimated_diameter_max":859.0926012318}},"is_potentially_hazardous_asteroid":true,"close_approach_data":[{"close_approach_date":"2194-02-22","relative_velocity":{"kilometers_per_second":"10.0866540262"},"miss_distance":{"kilometers":"48981040"}}]},{"name":"208115 (2000 CT101)","estimated_diameter":{"meters":{"estimated_diameter_min":192.5550781879,"estimated_diameter_max":430.566244241}},"is_potentially_hazardous_asteroid":true,"close_approach_data":[{"close_approach_date":"2194-02-22","relative_velocity":{"kilometers_per_second":"23.1896861595"},"miss_distance":{"kilometers":"52821952"}}]},{"name":"363067 (2000 CO101)","estimated_diameter":{"meters":{"estimated_diameter_min":402.3045798343,"estimated_diameter_max":899.5803881691}},"is_potentially_hazardous_asteroid":true,"close_approach_data":[{"close_approach_date":"2194-02-22","relative_velocity":{"kilometers_per_second":"12.7202006517"},"miss_distance":{"kilometers":"48728012"}}]},{"name":"(2004 YK1)","estimated_diameter":{"meters":{"estimated_diameter_min":146.0679642714,"estimated_diameter_max":326.6178974458}},"is_potentially_hazardous_asteroid":false,"close_approach_data":[{"close_approach_date":"2194-02-22","relative_velocity":{"kilometers_per_second":"10.3498099646"},"miss_distance":{"kilometers":"46649328"}}]},{"name":"(2007 UA2)","estimated_diameter":{"meters":{"estimated_diameter_min":160.1603379786,"estimated_diameter_max":358.1294030194}},"is_potentially_hazardous_asteroid":false,"close_approach_data":[{"close_approach_date":"2194-02-22","relative_velocity":{"kilometers_per_second":"1.4831675944"},"miss_distance":{"kilometers":"73002064"}}]},{"name":"(2008 EJ)","estimated_diameter":{"meters":{"estimated_diameter_min":291.4439045349,"estimated_diameter_max":651.6883821679}},"is_potentially_hazardous_asteroid":false,"close_approach_data":[{"close_approach_date":"2194-02-22","relative_velocity":{"kilometers_per_second":"25.7125708906"},"miss_distance":{"kilometers":"60959688"}}]},{"name":"(2008 EM7)","estimated_diameter":{"meters":{"estimated_diameter_min":152.9519353442,"estimated_diameter_max":342.0109247198}},"is_potentially_hazardous_asteroid":true,"close_approach_data":[{"close_approach_date":"2194-02-22","relative_velocity":{"kilometers_per_second":"17.1489251531"},"miss_distance":{"kilometers":"57999308"}}]},{"name":"(2016 GL135)","estimated_diameter":{"meters":{"estimated_diameter_min":192.5550781879,"estimated_diameter_max":430.566244241}},"is_potentially_hazardous_asteroid":false,"close_approach_data":[{"close_approach_date":"2194-02-22","relative_velocity":{"kilometers_per_second":"16.3282726373"},"miss_distance":{"kilometers":"25867602"}}]}]