[{"name":"303262 (2004 RJ84)","estimated_diameter":{"meters":{"estimated_diameter_min":506.4714588346,"estimated_diameter_max":1132.5046106177}},"is_potentially_hazardous_asteroid":false,"close_approach_data":[{"close_approach_date":"2194-09-25","relative_velocity":{"kilometers_per_second":"10.468113056"},"miss_distance":{"kilometers":"64909192"}}]},{"name":"(2006 BE55)","estimated_diameter":{"meters":{"estimated_diameter_min":110.8038821264,"estimated_diameter_max":247.7650126055}},"is_potentially_hazardous_asteroid":true,"close_approach_data":[{"close_approach_date":"2194-09-25","relative_velocity":{"kilometers_per_second":"22.3956495553"},"miss_distance":{"kilometers":"46161844"}}]}]