[{"name":"(2002 BA1)","estimated_diameter":{"meters":{"estimated_diameter_min":133.2155666981,"estimated_diameter_max":297.8790627982}},"is_potentially_hazardous_asteroid":false,"close_approach_data":[{"close_approach_date":"2194-04-23","relative_velocity":{"kilometers_per_second":"15.4070861892"},"miss_distance":{"kilometers":"69654920"}}]},{"name":"(2008 EY68)","estimated_diameter":{"meters":{"estimated_diameter_min":105.8168859331,"estimated_diameter_max":236.6137501138}},"is_potentially_hazardous_asteroid":false,"close_approach_data":[{"close_approach_date":"2194-04-23","relative_velocity":{"kilometers_per_second":"29.8718507793"},"miss_distance":{"kilometers":"50312516"}}]}]