[{"name":"(2010 GH30)","estimated_diameter":{"meters":{"estimated_diameter_min":183.8886720703,"estimated_diameter_max":411.1875710413}},"is_potentially_hazardous_asteroid":false,"close_approach_data":[{"close_approach_date":"2194-04-28","relative_velocity":{"kilometers_per_second":"12.3786619173"},"miss_distance":{"kilometers":"67742592"}}]},{"name":"(2013 VC13)","estimated_diameter":{"meters":{"estimated_diameter_min":402.3045798343,"estimated_diameter_max":899.5803881691}},"is_potentially_hazardous_asteroid":false,"close_approach_data":[{"close_approach_date":"2194-04-28","relative_velocity":{"kilometers_per_second":"14.1661262183"},"miss_distance":{"kilometers":"46103068"}}]},{"name":"486692 (2013 VC13)","estimated_diameter":{"meters":{"estimated_diameter_min":366.9061375314,"estimated_diameter_max":820.4270648822}},"is_potentially_hazardous_asteroid":false,"close_approach_data":[{"close_approach_date":"2194-04-28","relative_velocity":{"kilometers_per_second":"14.166279745"},"miss_distance":{"kilometers":"46103672"}}]}]