[{"name":"7341 (1991 VK)","estimated_diameter":{"meters":{"estimated_diameter_min":1214.9404079963,"estimated_diameter_max":2716.6893408911}},"is_potentially_hazardous_asteroid":true,"close_approach_data":[{"close_approach_date":"2194-02-17","relative_velocity":{"kilometers_per_second":"9.8799570681"},"miss_distance":{"kilometers":"7905857"}}]},{"name":"(2000 EB14)","estimated_diameter":{"meters":{"estimated_diameter_min":63.7609789875,"estimated_diameter_max":142.5738833281}},"is_potentially_hazardous_asteroid":false,"close_approach_data":[{"close_approach_date":"2194-02-17","relative_velocity":{"kilometers_per_second":"12.1860027735"},"miss_distance":{"kilometers":"48165444"}}]},{"name":"(2004 XG)","estimated_diameter":{"meters":{"estimated_diameter_min":40.2304579834,"estimated_diameter_max":89.9580388169}},"is_potentially_hazardous_asteroid":false,"close_approach_data":[{"close_approach_date":"2194-02-17","relative_velocity":{"kilometers_per_second":"8.459418549"},"miss_distance":{"kilometers":"4161391"}}]},{"name":"(2013 PD21)","estimated_diameter":{"meters":{"estimated_diameter_min":350.3926411083,"estimated_diameter_max":783.5017643338}},"is_potentially_hazardous_asteroid":false,"close_approach_data":[{"close_approach_date":"2194-02-17","relative_velocity":{"kilometers_per_second":"31.9490123791"},"miss_distance":{"kilometers":"69679824"}}]}]