[{"name":"(2001 OT)","estimated_diameter":{"meters":{"estimated_diameter_min":127.2198785394,"estimated_diameter_max":284.4722965033}},"is_potentially_hazardous_asteroid":false,"close_approach_data":[{"close_approach_date":"2194-06-04","relative_velocity":{"kilometers_per_second":"8.35498276"},"miss_distance":{"kilometers":"40509640"}}]},{"name":"(2010 GO33)","estimated_diameter":{"meters":{"estimated_diameter_min":384.1978910643,"estimated_diameter_max":859.0926012318}},"is_potentially_hazardous_asteroid":false,"close_approach_data":[{"close_approach_date":"2194-06-04","relative_velocity":{"kilometers_per_second":"18.0385054969"},"miss_distance":{"kilometers":"52010052"}}]}]