[{"name":"203015 (1999 YF3)","estimated_diameter":{"meters":{"estimated_diameter_min":555.334911581,"estimated_diameter_max":1241.766612574}},"is_potentially_hazardous_asteroid":false,"close_approach_data":[{"close_approach_date":"2194-01-11","relative_velocity":{"kilometers_per_second":"14.0100250529"},"miss_distance":{"kilometers":"52566072"}}]},{"name":"(2013 AW52)","estimated_diameter":{"meters":{"estimated_diameter_min":278.3267680719,"estimated_diameter_max":622.3575733667}},"is_potentially_hazardous_asteroid":false,"close_approach_data":[{"close_approach_date":"2194-01-11","relative_velocity":{"kilometers_per_second":"23.917033449"},"miss_distance":{"kilometers":"44664044"}}]}]