[{"name":"(2004 BV1)","estimated_diameter":{"meters":{"estimated_diameter_min":366.9061375314,"estimated_diameter_max":820.4270648822}},"is_potentially_hazardous_asteroid":true,"close_approach_data":[{"close_approach_date":"2194-06-06","relative_velocity":{"kilometers_per_second":"17.5049416624"},"miss_distance":{"kilometers":"41921828"}}]},{"name":"483560 (2004 BV1)","estimated_diameter":{"meters":{"estimated_diameter_min":384.1978910643,"estimated_diameter_max":859.0926012318}},"is_potentially_hazardous_asteroid":true,"close_approach_data":[{"close_approach_date":"2194-06-06","relative_velocity":{"kilometers_per_second":"17.5048823283"},"miss_distance":{"kilometers":"41921412"}}]},{"name":"(2011 CT4)","estimated_diameter":{"meters":{"estimated_diameter_min":211.1324447897,"estimated_diameter_max":472.1064988055}},"is_potentially_hazardous_asteroid":true,"close_approach_data":[{"close_approach_date":"2194-06-06","relative_velocity":{"kilometers_per_second":"33.7885521152"},"miss_distance":{"kilometers":"54130148"}}]}]