[{"name":"141424 (2002 CD)","estimated_diameter":{"meters":{"estimated_diameter_min":211.1324447897,"estimated_diameter_max":472.1064988055}},"is_potentially_hazardous_asteroid":false,"close_approach_data":[{"close_approach_date":"2194-10-14","relative_velocity":{"kilometers_per_second":"6.5407273398"},"miss_distance":{"kilometers":"25559954"}}]},{"name":"387717 (2003 DN4)","estimated_diameter":{"meters":{"estimated_diameter_min":366.9061375314,"estimated_diameter_max":820.4270648822}},"is_potentially_hazardous_asteroid":false,"close_approach_data":[{"close_approach_date":"2194-10-14","relative_velocity":{"kilometers_per_second":"29.2372230198"},"miss_distance":{"kilometers":"66157100"}}]},{"name":"(2010 VB72)","estimated_diameter":{"meters":{"estimated_diameter_min":175.6123184804,"estimated_diameter_max":392.6810818086}},"is_potentially_hazardous_asteroid":false,"close_approach_data":[{"close_approach_date":"2194-10-14","relative_velocity":{"kilometers_per_second":"8.880452062"},"miss_distance":{"kilometers":"43950664"}}]},{"name":"(2011 KR12)","estimated_diameter":{"meters":{"estimated_diameter_min":152.9519353442,"estimated_diameter_max":342.0109247198}},"is_potentially_hazardous_asteroid":false,"close_approach_data":[{"close_approach_date":"2194-10-14","relative_velocity":{"kilometers_per_second":"15.1594382027"},"miss_distance":{"kilometers":"55843384"}}]},{"name":"(2015 DS53)","estimated_diameter":{"meters":{"estimated_diameter_min":38.4197891064,"estimated_diameter_max":85.9092601232}},"is_potentially_hazardous_asteroid":false,"close_approach_data":[{"close_approach_date":"2194-10-14","relative_velocity":{"kilometers_per_second":"26.2734494046"},"miss_distance":{"kilometers":"59307696"}}]},{"name":"(2010 UD)","estimated_diameter":{"meters":{"estimated_diameter_min":167.7084621628,"estimated_diameter_max":375.0075217981}},"is_potentially_hazardous_asteroid":true,"close_approach_data":[{"close_approach_date":"2194-10-14","relative_velocity":{"kilometers_per_second":"15.0866830898"},"miss_distance":{"kilometers":"10017161"}}]},{"name":"(2004 UH1)","estimated_diameter":{"meters":{"estimated_diameter_min":6.3760978988,"estimated_diameter_max":14.2573883328}},"is_potentially_hazardous_asteroid":false,"close_approach_data":[{"close_approach_date":"2194-10-14","relative_velocity":{"kilometers_per_second":"21.9547717342"},"miss_distance":{"kilometers":"50579984"}}]}]