[{"name":"159923 (2004 YJ32)","estimated_diameter":{"meters":{"estimated_diameter_min":1394.9382293439,"estimated_diameter_max":3119.1767052261}},"is_potentially_hazardous_asteroid":false,"close_approach_data":[{"close_approach_date":"2194-08-28","relative_velocity":{"kilometers_per_second":"7.6886793165"},"miss_distance":{"kilometers":"21157760"}}]},{"name":"(2007 PV27)","estimated_diameter":{"meters":{"estimated_diameter_min":242.4124811008,"estimated_diameter_max":542.0507863358}},"is_potentially_hazardous_asteroid":true,"close_approach_data":[{"close_approach_date":"2194-08-28","relative_velocity":{"kilometers_per_second":"19.3567355821"},"miss_distance":{"kilometers":"36056228"}}]},{"name":"(2015 OB22)","estimated_diameter":{"meters":{"estimated_diameter_min":127.2198785394,"estimated_diameter_max":284.4722965033}},"is_potentially_hazardous_asteroid":false,"close_approach_data":[{"close_approach_date":"2194-08-28","relative_velocity":{"kilometers_per_second":"16.0296062853"},"miss_distance":{"kilometers":"41438556"}}]}]