[{"name":"(2014 HJ184)","estimated_diameter":{"meters":{"estimated_diameter_min":121.4940407996,"estimated_diameter_max":271.6689340891}},"is_potentially_hazardous_asteroid":false,"close_approach_data":[{"close_approach_date":"2194-05-10","relative_velocity":{"kilometers_per_second":"12.1590169825"},"miss_distance":{"kilometers":"39435508"}}]},{"name":"(2012 DR32)","estimated_diameter":{"meters":{"estimated_diameter_min":29.1443904535,"estimated_diameter_max":65.1688382168}},"is_potentially_hazardous_asteroid":false,"close_approach_data":[{"close_approach_date":"2194-05-10","relative_velocity":{"kilometers_per_second":"13.2763925424"},"miss_distance":{"kilometers":"73673344"}}]},{"name":"(2017 DC36)","estimated_diameter":{"meters":{"estimated_diameter_min":101.054341542,"estimated_diameter_max":225.9643771094}},"is_potentially_hazardous_asteroid":false,"close_approach_data":[{"close_approach_date":"2194-05-10","relative_velocity":{"kilometers_per_second":"6.7239113926"},"miss_distance":{"kilometers":"38052308"}}]}]