[{"name":"(2009 BE58)","estimated_diameter":{"meters":{"estimated_diameter_min":116.0259082094,"estimated_diameter_max":259.4418179074}},"is_potentially_hazardous_asteroid":true,"close_approach_data":[{"close_approach_date":"2194-02-13","relative_velocity":{"kilometers_per_second":"17.8574474509"},"miss_distance":{"kilometers":"971031.25"}}]},{"name":"(2009 UZ87)","estimated_diameter":{"meters":{"estimated_diameter_min":17.561231848,"estimated_diameter_max":39.2681081809}},"is_potentially_hazardous_asteroid":false,"close_approach_data":[{"close_approach_date":"2194-02-13","relative_velocity":{"kilometers_per_second":"6.8926911204"},"miss_distance":{"kilometers":"10690646"}}]},{"name":"(2015 SZ2)","estimated_diameter":{"meters":{"estimated_diameter_min":22.1082810359,"estimated_diameter_max":49.435619262}},"is_potentially_hazardous_asteroid":false,"close_approach_data":[{"close_approach_date":"2194-02-13","relative_velocity":{"kilometers_per_second":"16.1841907643"},"miss_distance":{"kilometers":"52856664"}}]}]