[{"name":"(2014 YW34)","estimated_diameter":{"meters":{"estimated_diameter_min":127.2198785394,"estimated_diameter_max":284.4722965033}},"is_potentially_hazardous_asteroid":true,"close_approach_data":[{"close_approach_date":"2194-12-26","relative_velocity":{"kilometers_per_second":"16.8521912155"},"miss_distance":{"kilometers":"29240532"}}]},{"name":"(2015 XQ55)","estimated_diameter":{"meters":{"estimated_diameter_min":121.4940407996,"estimated_diameter_max":271.6689340891}},"is_potentially_hazardous_asteroid":false,"close_approach_data":[{"close_approach_date":"2194-12-26","relative_velocity":{"kilometers_per_second":"13.1697605875"},"miss_distance":{"kilometers":"43066900"}}]},{"name":"(2016 FP13)","estimated_diameter":{"meters":{"estimated_diameter_min":15.2951935344,"estimated_diameter_max":34.201092472}},"is_potentially_hazardous_asteroid":false,"close_approach_data":[{"close_approach_date":"2194-12-26","relative_velocity":{"kilometers_per_second":"8.8780401761"},"miss_distance":{"kilometers":"22245030"}}]}]