[{"name":"65690 (1991 DG)","estimated_diameter":{"meters":{"estimated_diameter_min":402.3045798343,"estimated_diameter_max":899.5803881691}},"is_potentially_hazardous_asteroid":true,"close_approach_data":[{"close_approach_date":"2194-08-24","relative_velocity":{"kilometers_per_second":"6.7001726616"},"miss_distance":{"kilometers":"59122616"}}]},{"name":"439908 (2000 XH47)","estimated_diameter":{"meters":{"estimated_diameter_min":366.9061375314,"estimated_diameter_max":820.4270648822}},"is_potentially_hazardous_asteroid":false,"close_approach_data":[{"close_approach_date":"2194-08-24","relative_velocity":{"kilometers_per_second":"8.080618828"},"miss_distance":{"kilometers":"60110252"}}]},{"name":"(2016 CA138)","estimated_diameter":{"meters":{"estimated_diameter_min":55.5334911581,"estimated_diameter_max":124.1766612574}},"is_potentially_hazardous_asteroid":false,"close_approach_data":[{"close_approach_date":"2194-08-24","relative_velocity":{"kilometers_per_second":"14.6531535173"},"miss_distance":{"kilometers":"8315148.5"}}]},{"name":"(2015 QR3)","estimated_diameter":{"meters":{"estimated_diameter_min":19.2555078188,"estimated_diameter_max":43.0566244241}},"is_potentially_hazardous_asteroid":false,"close_approach_data":[{"close_approach_date":"2194-08-24","relative_velocity":{"kilometers_per_second":"7.7354164369"},"miss_distance":{"kilometers":"12944206"}}]}]