[{"name":"(1994 CJ1)","estimated_diameter":{"meters":{"estimated_diameter_min":139.4938229344,"estimated_diameter_max":311.9176705226}},"is_potentially_hazardous_asteroid":true,"close_approach_data":[{"close_approach_date":"2194-07-20","relative_velocity":{"kilometers_per_second":"14.982555364"},"miss_distance":{"kilometers":"48680120"}}]},{"name":"(2010 GV147)","estimated_diameter":{"meters":{"estimated_diameter_min":530.3407233187,"estimated_diameter_max":1185.8779085771}},"is_potentially_hazardous_asteroid":false,"close_approach_data":[{"close_approach_date":"2194-07-20","relative_velocity":{"kilometers_per_second":"27.2257995852"},"miss_distance":{"kilometers":"58991120"}}]},{"name":"(2014 OL339)","estimated_diameter":{"meters":{"estimated_diameter_min":69.9125232246,"estimated_diameter_max":156.3291544087}},"is_potentially_hazardous_asteroid":false,"close_approach_data":[{"close_approach_date":"2194-07-20","relative_velocity":{"kilometers_per_second":"15.2106873378"},"miss_distance":{"kilometers":"19609204"}}]},{"name":"(2014 WF365)","estimated_diameter":{"meters":{"estimated_diameter_min":965.0614695789,"estimated_diameter_max":2157.9430484443}},"is_potentially_hazardous_asteroid":false,"close_approach_data":[{"close_approach_date":"2194-07-20","relative_velocity":{"kilometers_per_second":"33.5361387271"},"miss_distance":{"kilometers":"64771048"}}]},{"name":"501878 (2014 WF365)","estimated_diameter":{"meters":{"estimated_diameter_min":965.0614695789,"estimated_diameter_max":2157.9430484443}},"is_potentially_hazardous_asteroid":false,"close_approach_data":[{"close_approach_date":"2194-07-20","relative_velocity":{"kilometers_per_second":"33.5361395879"},"miss_distance":{"kilometers":"64771048"}}]}]