[{"name":"137099 (1998 YW3)","estimated_diameter":{"meters":{"estimated_diameter_min":608.9126221057,"estimated_diameter_max":1361.5700153859}},"is_potentially_hazardous_asteroid":false,"close_approach_data":[{"close_approach_date":"2194-11-20","relative_velocity":{"kilometers_per_second":"18.773812629"},"miss_distance":{"kilometers":"58005684"}}]},{"name":"281365 (2008 CM116)","estimated_diameter":{"meters":{"estimated_diameter_min":840.5334020728,"estimated_diameter_max":1879.4898243938}},"is_potentially_hazardous_asteroid":false,"close_approach_data":[{"close_approach_date":"2194-11-20","relative_velocity":{"kilometers_per_second":"18.7642521248"},"miss_distance":{"kilometers":"56574400"}}]},{"name":"281375 (2008 JV19)","estimated_diameter":{"meters":{"estimated_diameter_min":183.8886720703,"estimated_diameter_max":411.1875710413}},"is_potentially_hazardous_asteroid":true,"close_approach_data":[{"close_approach_date":"2194-11-20","relative_velocity":{"kilometers_per_second":"7.2730166292"},"miss_distance":{"kilometers":"36659288"}}]},{"name":"(2017 UY4)","estimated_diameter":{"meters":{"estimated_diameter_min":26.0708371357,"estimated_diameter_max":58.2961640658}},"is_potentially_hazardous_asteroid":false,"close_approach_data":[{"close_approach_date":"2194-11-20","relative_velocity":{"kilometers_per_second":"5.0891185927"},"miss_distance":{"kilometers":"13887077"}}]}]