[{"name":"(2014 RF11)","estimated_diameter":{"meters":{"estimated_diameter_min":48.3676488219,"estimated_diameter_max":108.1533506775}},"is_potentially_hazardous_asteroid":false,"close_approach_data":[{"close_approach_date":"2194-05-15","relative_velocity":{"kilometers_per_second":"5.6995098764"},"miss_distance":{"kilometers":"59985812"}}]},{"name":"(2016 EO84)","estimated_diameter":{"meters":{"estimated_diameter_min":92.1626548503,"estimated_diameter_max":206.0819612321}},"is_potentially_hazardous_asteroid":false,"close_approach_data":[{"close_approach_date":"2194-05-15","relative_velocity":{"kilometers_per_second":"22.8321221042"},"miss_distance":{"kilometers":"45418660"}}]}]