[{"name":"252793 (2002 FW5)","estimated_diameter":{"meters":{"estimated_diameter_min":384.1978910643,"estimated_diameter_max":859.0926012318}},"is_potentially_hazardous_asteroid":false,"close_approach_data":[{"close_approach_date":"2194-10-19","relative_velocity":{"kilometers_per_second":"23.6395488964"},"miss_distance":{"kilometers":"34011480"}}]},{"name":"413260 (2003 TL4)","estimated_diameter":{"meters":{"estimated_diameter_min":350.3926411083,"estimated_diameter_max":783.5017643338}},"is_potentially_hazardous_asteroid":true,"close_approach_data":[{"close_approach_date":"2194-10-19","relative_velocity":{"kilometers_per_second":"23.3993743719"},"miss_distance":{"kilometers":"64144556"}}]},{"name":"(2003 UC5)","estimated_diameter":{"meters":{"estimated_diameter_min":253.8370293645,"estimated_diameter_max":567.5968528656}},"is_potentially_hazardous_asteroid":false,"close_approach_data":[{"close_approach_date":"2194-10-19","relative_velocity":{"kilometers_per_second":"32.5084819062"},"miss_distance":{"kilometers":"14577391"}}]},{"name":"(2016 GH135)","estimated_diameter":{"meters":{"estimated_diameter_min":96.5061469579,"estimated_diameter_max":215.7943048444}},"is_potentially_hazardous_asteroid":false,"close_approach_data":[{"close_approach_date":"2194-10-19","relative_velocity":{"kilometers_per_second":"12.1011488729"},"miss_distance":{"kilometers":"20660184"}}]}]