[{"name":"417217 (2005 YS)","estimated_diameter":{"meters":{"estimated_diameter_min":319.5618867213,"estimated_diameter_max":714.5621017269}},"is_potentially_hazardous_asteroid":true,"close_approach_data":[{"close_approach_date":"2194-01-03","relative_velocity":{"kilometers_per_second":"22.3355281239"},"miss_distance":{"kilometers":"30638140"}}]},{"name":"(2012 MR4)","estimated_diameter":{"meters":{"estimated_diameter_min":802.7031672829,"estimated_diameter_max":1794.8988477988}},"is_potentially_hazardous_asteroid":false,"close_approach_data":[{"close_approach_date":"2194-01-03","relative_velocity":{"kilometers_per_second":"42.1027213414"},"miss_distance":{"kilometers":"67803760"}}]}]