[{"name":"(1999 TD5)","estimated_diameter":{"meters":{"estimated_diameter_min":350.3926411083,"estimated_diameter_max":783.5017643338}},"is_potentially_hazardous_asteroid":false,"close_approach_data":[{"close_approach_date":"2194-10-30","relative_velocity":{"kilometers_per_second":"1.7947570819"},"miss_distance":{"kilometers":"67629400"}}]},{"name":"(2014 HR178)","estimated_diameter":{"meters":{"estimated_diameter_min":265.8,"estimated_diameter_max":594.3468684194}},"is_potentially_hazardous_asteroid":false,"close_approach_data":[{"close_approach_date":"2194-10-30","relative_velocity":{"kilometers_per_second":"18.0265938862"},"miss_distance":{"kilometers":"40297700"}}]},{"name":"(2014 MY26)","estimated_diameter":{"meters":{"estimated_diameter_min":105.8168859331,"estimated_diameter_max":236.6137501138}},"is_potentially_hazardous_asteroid":false,"close_approach_data":[{"close_approach_date":"2194-10-30","relative_velocity":{"kilometers_per_second":"17.5508033344"},"miss_distance":{"kilometers":"52587604"}}]}]