[{"name":"8566 (1996 EN)","estimated_diameter":{"meters":{"estimated_diameter_min":1460.6796427136,"estimated_diameter_max":3266.1789744576}},"is_potentially_hazardous_asteroid":true,"close_approach_data":[{"close_approach_date":"2194-09-20","relative_velocity":{"kilometers_per_second":"27.0135953742"},"miss_distance":{"kilometers":"37161424"}}]},{"name":"(2004 QD3)","estimated_diameter":{"meters":{"estimated_diameter_min":350.3926411083,"estimated_diameter_max":783.5017643338}},"is_potentially_hazardous_asteroid":false,"close_approach_data":[{"close_approach_date":"2194-09-20","relative_velocity":{"kilometers_per_second":"16.1316583733"},"miss_distance":{"kilometers":"61564244"}}]},{"name":"(2014 NB39)","estimated_diameter":{"meters":{"estimated_diameter_min":305.1792325939,"estimated_diameter_max":682.4015094011}},"is_potentially_hazardous_asteroid":false,"close_approach_data":[{"close_approach_date":"2194-09-20","relative_velocity":{"kilometers_per_second":"21.5144030934"},"miss_distance":{"kilometers":"65063292"}}]},{"name":"492478 (2014 NB39)","estimated_diameter":{"meters":{"estimated_diameter_min":305.1792325939,"estimated_diameter_max":682.4015094011}},"is_potentially_hazardous_asteroid":false,"close_approach_data":[{"close_approach_date":"2194-09-20","relative_velocity":{"kilometers_per_second":"21.5144035877"},"miss_distance":{"kilometers":"65063292"}}]},{"name":"(2017 RY15)","estimated_diameter":{"meters":{"estimated_diameter_min":73.8167595898,"estimated_diameter_max":165.0592923216}},"is_potentially_hazardous_asteroid":false,"close_approach_data":[{"close_approach_date":"2194-09-20","relative_velocity":{"kilometers_per_second":"8.7537161709"},"miss_distance":{"kilometers":"29428148"}}]}]