[{"name":"221787 (2007 VZ30)","estimated_diameter":{"meters":{"estimated_diameter_min":139.4938229344,"estimated_diameter_max":311.9176705226}},"is_potentially_hazardous_asteroid":false,"close_approach_data":[{"close_approach_date":"2194-10-16","relative_velocity":{"kilometers_per_second":"4.2625050697"},"miss_distance":{"kilometers":"69359448"}}]},{"name":"(2000 EU70)","estimated_diameter":{"meters":{"estimated_diameter_min":461.9074602816,"estimated_diameter_max":1032.8564805039}},"is_potentially_hazardous_asteroid":true,"close_approach_data":[{"close_approach_date":"2194-10-16","relative_velocity":{"kilometers_per_second":"20.3407646242"},"miss_distance":{"kilometers":"64863528"}}]},{"name":"(2003 QF70)","estimated_diameter":{"meters":{"estimated_diameter_min":278.3267680719,"estimated_diameter_max":622.3575733667}},"is_potentially_hazardous_asteroid":false,"close_approach_data":[{"close_approach_date":"2194-10-16","relative_velocity":{"kilometers_per_second":"4.5435359061"},"miss_distance":{"kilometers":"29949364"}}]},{"name":"(2010 GA7)","estimated_diameter":{"meters":{"estimated_diameter_min":152.9519353442,"estimated_diameter_max":342.0109247198}},"is_potentially_hazardous_asteroid":false,"close_approach_data":[{"close_approach_date":"2194-10-16","relative_velocity":{"kilometers_per_second":"24.8351160655"},"miss_distance":{"kilometers":"63169200"}}]}]