[{"name":"(2007 DT103)","estimated_diameter":{"meters":{"estimated_diameter_min":319.5618867213,"estimated_diameter_max":714.5621017269}},"is_potentially_hazardous_asteroid":true,"close_approach_data":[{"close_approach_date":"2194-04-14","relative_velocity":{"kilometers_per_second":"24.7448706518"},"miss_distance":{"kilometers":"71718424"}}]},{"name":"(2010 NG1)","estimated_diameter":{"meters":{"estimated_diameter_min":221.0828103591,"estimated_diameter_max":494.3561926196}},"is_potentially_hazardous_asteroid":false,"close_approach_data":[{"close_approach_date":"2194-04-14","relative_velocity":{"kilometers_per_second":"17.4734687716"},"miss_distance":{"kilometers":"47329096"}}]},{"name":"(2011 KR12)","estimated_diameter":{"meters":{"estimated_diameter_min":152.9519353442,"estimated_diameter_max":342.0109247198}},"is_potentially_hazardous_asteroid":false,"close_approach_data":[{"close_approach_date":"2194-04-14","relative_velocity":{"kilometers_per_second":"10.3356899053"},"miss_distance":{"kilometers":"58279440"}}]},{"name":"(2014 GC35)","estimated_diameter":{"meters":{"estimated_diameter_min":88.0146520901,"estimated_diameter_max":196.8067450894}},"is_potentially_hazardous_asteroid":false,"close_approach_data":[{"close_approach_date":"2194-04-14","relative_velocity":{"kilometers_per_second":"16.6646235403"},"miss_distance":{"kilometers":"41429520"}}]},{"name":"(2015 TM237)","estimated_diameter":{"meters":{"estimated_diameter_min":637.6097898754,"estimated_diameter_max":1425.7388332807}},"is_potentially_hazardous_asteroid":true,"close_approach_data":[{"close_approach_date":"2194-04-14","relative_velocity":{"kilometers_per_second":"10.9829402782"},"miss_distance":{"kilometers":"41278548"}}]}]