[{"name":"416002 (2002 BN)","estimated_diameter":{"meters":{"estimated_diameter_min":211.1324447897,"estimated_diameter_max":472.1064988055}},"is_potentially_hazardous_asteroid":false,"close_approach_data":[{"close_approach_date":"2194-11-19","relative_velocity":{"kilometers_per_second":"14.6291899536"},"miss_distance":{"kilometers":"73718664"}}]},{"name":"(2005 UT64)","estimated_diameter":{"meters":{"estimated_diameter_min":253.8370293645,"estimated_diameter_max":567.5968528656}},"is_potentially_hazardous_asteroid":true,"close_approach_data":[{"close_approach_date":"2194-11-19","relative_velocity":{"kilometers_per_second":"22.2241776837"},"miss_distance":{"kilometers":"62704424"}}]},{"name":"(2005 VR7)","estimated_diameter":{"meters":{"estimated_diameter_min":146.0679642714,"estimated_diameter_max":326.6178974458}},"is_potentially_hazardous_asteroid":true,"close_approach_data":[{"close_approach_date":"2194-11-19","relative_velocity":{"kilometers_per_second":"13.5276737807"},"miss_distance":{"kilometers":"48330452"}}]},{"name":"(2015 FX284)","estimated_diameter":{"meters":{"estimated_diameter_min":36.6906137531,"estimated_diameter_max":82.0427064882}},"is_potentially_hazardous_asteroid":false,"close_approach_data":[{"close_approach_date":"2194-11-19","relative_velocity":{"kilometers_per_second":"7.6750144449"},"miss_distance":{"kilometers":"74321840"}}]}]