[{"name":"152754 (1999 GS6)","estimated_diameter":{"meters":{"estimated_diameter_min":402.3045798343,"estimated_diameter_max":899.5803881691}},"is_potentially_hazardous_asteroid":true,"close_approach_data":[{"close_approach_date":"2194-04-13","relative_velocity":{"kilometers_per_second":"21.1284402898"},"miss_distance":{"kilometers":"31516452"}}]},{"name":"(1995 FJ)","estimated_diameter":{"meters":{"estimated_diameter_min":231.5021222103,"estimated_diameter_max":517.6544821978}},"is_potentially_hazardous_asteroid":false,"close_approach_data":[{"close_approach_date":"2194-04-13","relative_velocity":{"kilometers_per_second":"15.3626287918"},"miss_distance":{"kilometers":"33670196"}}]},{"name":"(2001 GO2)","estimated_diameter":{"meters":{"estimated_diameter_min":36.6906137531,"estimated_diameter_max":82.0427064882}},"is_potentially_hazardous_asteroid":false,"close_approach_data":[{"close_approach_date":"2194-04-13","relative_velocity":{"kilometers_per_second":"4.8378262397"},"miss_distance":{"kilometers":"3217414.5"}}]},{"name":"(2008 SD85)","estimated_diameter":{"meters":{"estimated_diameter_min":69.9125232246,"estimated_diameter_max":156.3291544087}},"is_potentially_hazardous_asteroid":false,"close_approach_data":[{"close_approach_date":"2194-04-13","relative_velocity":{"kilometers_per_second":"23.7314576831"},"miss_distance":{"kilometers":"72752576"}}]},{"name":"(2011 KE3)","estimated_diameter":{"meters":{"estimated_diameter_min":44.1118199997,"estimated_diameter_max":98.6370281305}},"is_potentially_hazardous_asteroid":false,"close_approach_data":[{"close_approach_date":"2194-04-13","relative_velocity":{"kilometers_per_second":"4.4449589519"},"miss_distance":{"kilometers":"67133848"}}]},{"name":"(2015 FB36)","estimated_diameter":{"meters":{"estimated_diameter_min":160.1603379786,"estimated_diameter_max":358.1294030194}},"is_potentially_hazardous_asteroid":false,"close_approach_data":[{"close_approach_date":"2194-04-13","relative_velocity":{"kilometers_per_second":"18.7260970328"},"miss_distance":{"kilometers":"70449384"}}]},{"name":"(1998 SL36)","estimated_diameter":{"meters":{"estimated_diameter_min":231.5021222103,"estimated_diameter_max":517.6544821978}},"is_potentially_hazardous_asteroid":true,"close_approach_data":[{"close_approach_date":"2194-04-13","relative_velocity":{"kilometers_per_second":"26.1056455271"},"miss_distance":{"kilometers":"69023168"}}]}]