[{"name":"306383 (1993 VD)","estimated_diameter":{"meters":{"estimated_diameter_min":133.2155666981,"estimated_diameter_max":297.8790627982}},"is_potentially_hazardous_asteroid":true,"close_approach_data":[{"close_approach_date":"2194-12-05","relative_velocity":{"kilometers_per_second":"13.0875606204"},"miss_distance":{"kilometers":"55968252"}}]},{"name":"318160 (2004 QZ2)","estimated_diameter":{"meters":{"estimated_diameter_min":637.6097898754,"estimated_diameter_max":1425.7388332807}},"is_potentially_hazardous_asteroid":false,"close_approach_data":[{"close_approach_date":"2194-12-05","relative_velocity":{"kilometers_per_second":"4.4494364911"},"miss_distance":{"kilometers":"24614456"}}]},{"name":"(2016 XE18)","estimated_diameter":{"meters":{"estimated_diameter_min":23.150212221,"estimated_diameter_max":51.7654482198}},"is_potentially_hazardous_asteroid":false,"close_approach_data":[{"close_approach_date":"2194-12-05","relative_velocity":{"kilometers_per_second":"7.3525791792"},"miss_distance":{"kilometers":"9694271"}}]}]