[{"name":"164202 (2004 EW)","estimated_diameter":{"meters":{"estimated_diameter_min":183.8886720703,"estimated_diameter_max":411.1875710413}},"is_potentially_hazardous_asteroid":true,"close_approach_data":[{"close_approach_date":"2194-09-15","relative_velocity":{"kilometers_per_second":"8.0668998036"},"miss_distance":{"kilometers":"36003712"}}]},{"name":"(2005 SC)","estimated_diameter":{"meters":{"estimated_diameter_min":242.4124811008,"estimated_diameter_max":542.0507863358}},"is_potentially_hazardous_asteroid":false,"close_approach_data":[{"close_approach_date":"2194-09-15","relative_velocity":{"kilometers_per_second":"26.8671386206"},"miss_distance":{"kilometers":"57363940"}}]}]