[{"name":"417655 (2006 YF13)","estimated_diameter":{"meters":{"estimated_diameter_min":278.3267680719,"estimated_diameter_max":622.3575733667}},"is_potentially_hazardous_asteroid":false,"close_approach_data":[{"close_approach_date":"2194-12-02","relative_velocity":{"kilometers_per_second":"19.916183043"},"miss_distance":{"kilometers":"36271668"}}]},{"name":"(2006 WK3)","estimated_diameter":{"meters":{"estimated_diameter_min":253.8370293645,"estimated_diameter_max":567.5968528656}},"is_potentially_hazardous_asteroid":false,"close_approach_data":[{"close_approach_date":"2194-12-02","relative_velocity":{"kilometers_per_second":"9.6925680242"},"miss_distance":{"kilometers":"49862656"}}]},{"name":"(2016 VQ5)","estimated_diameter":{"meters":{"estimated_diameter_min":231.5021222103,"estimated_diameter_max":517.6544821978}},"is_potentially_hazardous_asteroid":false,"close_approach_data":[{"close_approach_date":"2194-12-02","relative_velocity":{"kilometers_per_second":"7.4407387357"},"miss_distance":{"kilometers":"24870056"}}]}]