[{"name":"53426 (1999 SL5)","estimated_diameter":{"meters":{"estimated_diameter_min":965.0614695789,"estimated_diameter_max":2157.9430484443}},"is_potentially_hazardous_asteroid":true,"close_approach_data":[{"close_approach_date":"2194-04-25","relative_velocity":{"kilometers_per_second":"25.6676550118"},"miss_distance":{"kilometers":"55315172"}}]},{"name":"137064 (1998 WP5)","estimated_diameter":{"meters":{"estimated_diameter_min":441.1181999969,"estimated_diameter_max":986.3702813054}},"is_potentially_hazardous_asteroid":false,"close_approach_data":[{"close_approach_date":"2194-04-25","relative_velocity":{"kilometers_per_second":"10.0343572687"},"miss_distance":{"kilometers":"49728880"}}]},{"name":"327140 (2005 EE224)","estimated_diameter":{"meters":{"estimated_diameter_min":278.3267680719,"estimated_diameter_max":622.3575733667}},"is_potentially_hazardous_asteroid":false,"close_approach_data":[{"close_approach_date":"2194-04-25","relative_velocity":{"kilometers_per_second":"12.403777814"},"miss_distance":{"kilometers":"50358924"}}]},{"name":"416195 (2002 TR190)","estimated_diameter":{"meters":{"estimated_diameter_min":350.3926411083,"estimated_diameter_max":783.5017643338}},"is_potentially_hazardous_asteroid":true,"close_approach_data":[{"close_approach_date":"2194-04-25","relative_velocity":{"kilometers_per_second":"17.9011666856"},"miss_distance":{"kilometers":"36057984"}}]},{"name":"(2006 FY35)","estimated_diameter":{"meters":{"estimated_diameter_min":350.3926411083,"estimated_diameter_max":783.5017643338}},"is_potentially_hazardous_asteroid":false,"close_approach_data":[{"close_approach_date":"2194-04-25","relative_velocity":{"kilometers_per_second":"11.9976739307"},"miss_distance":{"kilometers":"27430728"}}]}]