[{"name":"253062 (2002 TC70)","estimated_diameter":{"meters":{"estimated_diameter_min":167.7084621628,"estimated_diameter_max":375.0075217981}},"is_potentially_hazardous_asteroid":false,"close_approach_data":[{"close_approach_date":"2194-10-24","relative_velocity":{"kilometers_per_second":"4.8351493621"},"miss_distance":{"kilometers":"59386112"}}]},{"name":"(2004 XA45)","estimated_diameter":{"meters":{"estimated_diameter_min":167.7084621628,"estimated_diameter_max":375.0075217981}},"is_potentially_hazardous_asteroid":false,"close_approach_data":[{"close_approach_date":"2194-10-24","relative_velocity":{"kilometers_per_second":"31.1526599628"},"miss_distance":{"kilometers":"61995728"}}]},{"name":"(2008 UB95)","estimated_diameter":{"meters":{"estimated_diameter_min":30.5179232594,"estimated_diameter_max":68.2401509401}},"is_potentially_hazardous_asteroid":false,"close_approach_data":[{"close_approach_date":"2194-10-24","relative_velocity":{"kilometers_per_second":"14.8029433222"},"miss_distance":{"kilometers":"30136946"}}]}]