[{"name":"331769 (2003 BQ35)","estimated_diameter":{"meters":{"estimated_diameter_min":291.4439045349,"estimated_diameter_max":651.6883821679}},"is_potentially_hazardous_asteroid":false,"close_approach_data":[{"close_approach_date":"2194-12-16","relative_velocity":{"kilometers_per_second":"5.2589416532"},"miss_distance":{"kilometers":"59514728"}}]},{"name":"(2014 WE121)","estimated_diameter":{"meters":{"estimated_diameter_min":50.6471458835,"estimated_diameter_max":113.2504610618}},"is_potentially_hazardous_asteroid":false,"close_approach_data":[{"close_approach_date":"2194-12-16","relative_velocity":{"kilometers_per_second":"3.937802969"},"miss_distance":{"kilometers":"17325152"}}]}]