[{"name":"154269 (2002 SM)","estimated_diameter":{"meters":{"estimated_diameter_min":732.0739893473,"estimated_diameter_max":1636.96720474}},"is_potentially_hazardous_asteroid":true,"close_approach_data":[{"close_approach_date":"2194-04-01","relative_velocity":{"kilometers_per_second":"13.0801054858"},"miss_distance":{"kilometers":"8340168.5"}}]},{"name":"(2010 SJ)","estimated_diameter":{"meters":{"estimated_diameter_min":46.1907460282,"estimated_diameter_max":103.2856480504}},"is_potentially_hazardous_asteroid":false,"close_approach_data":[{"close_approach_date":"2194-04-01","relative_velocity":{"kilometers_per_second":"8.9988065392"},"miss_distance":{"kilometers":"32339580"}}]},{"name":"(2012 HR2)","estimated_diameter":{"meters":{"estimated_diameter_min":66.7659413495,"estimated_diameter_max":149.2931834393}},"is_potentially_hazardous_asteroid":false,"close_approach_data":[{"close_approach_date":"2194-04-01","relative_velocity":{"kilometers_per_second":"16.8865561756"},"miss_distance":{"kilometers":"54532824"}}]},{"name":"(2014 WE365)","estimated_diameter":{"meters":{"estimated_diameter_min":167.7084621628,"estimated_diameter_max":375.0075217981}},"is_potentially_hazardous_asteroid":true,"close_approach_data":[{"close_approach_date":"2194-04-01","relative_velocity":{"kilometers_per_second":"16.6411726975"},"miss_distance":{"kilometers":"58432764"}}]}]