[{"name":"250577 (2005 AC)","estimated_diameter":{"meters":{"estimated_diameter_min":608.9126221057,"estimated_diameter_max":1361.5700153859}},"is_potentially_hazardous_asteroid":false,"close_approach_data":[{"close_approach_date":"2194-09-02","relative_velocity":{"kilometers_per_second":"34.4404875111"},"miss_distance":{"kilometers":"53485576"}}]},{"name":"406952 (2009 KJ)","estimated_diameter":{"meters":{"estimated_diameter_min":965.0614695789,"estimated_diameter_max":2157.9430484443}},"is_potentially_hazardous_asteroid":false,"close_approach_data":[{"close_approach_date":"2194-09-02","relative_velocity":{"kilometers_per_second":"28.9872876994"},"miss_distance":{"kilometers":"58407612"}}]},{"name":"(2013 EH89)","estimated_diameter":{"meters":{"estimated_diameter_min":231.5021222103,"estimated_diameter_max":517.6544821978}},"is_potentially_hazardous_asteroid":false,"close_approach_data":[{"close_approach_date":"2194-09-02","relative_velocity":{"kilometers_per_second":"15.1497185134"},"miss_distance":{"kilometers":"30037150"}}]},{"name":"(2014 DU110)","estimated_diameter":{"meters":{"estimated_diameter_min":63.7609789875,"estimated_diameter_max":142.5738833281}},"is_potentially_hazardous_asteroid":false,"close_approach_data":[{"close_approach_date":"2194-09-02","relative_velocity":{"kilometers_per_second":"12.8735897034"},"miss_distance":{"kilometers":"51826660"}}]}]