[{"name":"(2007 VD3)","estimated_diameter":{"meters":{"estimated_diameter_min":96.5061469579,"estimated_diameter_max":215.7943048444}},"is_potentially_hazardous_asteroid":false,"close_approach_data":[{"close_approach_date":"2194-03-26","relative_velocity":{"kilometers_per_second":"8.0926656691"},"miss_distance":{"kilometers":"31368874"}}]},{"name":"(2009 FY10)","estimated_diameter":{"meters":{"estimated_diameter_min":253.8370293645,"estimated_diameter_max":567.5968528656}},"is_potentially_hazardous_asteroid":false,"close_approach_data":[{"close_approach_date":"2194-03-26","relative_velocity":{"kilometers_per_second":"22.304339282"},"miss_distance":{"kilometers":"63002472"}}]},{"name":"(2009 UM)","estimated_diameter":{"meters":{"estimated_diameter_min":192.5550781879,"estimated_diameter_max":430.566244241}},"is_potentially_hazardous_asteroid":false,"close_approach_data":[{"close_approach_date":"2194-03-26","relative_velocity":{"kilometers_per_second":"14.6450621046"},"miss_distance":{"kilometers":"34444888"}}]},{"name":"(2014 EH45)","estimated_diameter":{"meters":{"estimated_diameter_min":73.2073989347,"estimated_diameter_max":163.696720474}},"is_potentially_hazardous_asteroid":false,"close_approach_data":[{"close_approach_date":"2194-03-26","relative_velocity":{"kilometers_per_second":"10.9152966039"},"miss_distance":{"kilometers":"38630024"}}]},{"name":"(2016 CX247)","estimated_diameter":{"meters":{"estimated_diameter_min":80.2703167283,"estimated_diameter_max":179.4898847799}},"is_potentially_hazardous_asteroid":false,"close_approach_data":[{"close_approach_date":"2194-03-26","relative_velocity":{"kilometers_per_second":"12.2275490266"},"miss_distance":{"kilometers":"48073404"}}]}]