[{"name":"11500 Tomaiyowit (1989 UR)","estimated_diameter":{"meters":{"estimated_diameter_min":555.334911581,"estimated_diameter_max":1241.766612574}},"is_potentially_hazardous_asteroid":true,"close_approach_data":[{"close_approach_date":"2194-06-30","relative_velocity":{"kilometers_per_second":"20.3553945463"},"miss_distance":{"kilometers":"48451244"}}]},{"name":"(1998 MS2)","estimated_diameter":{"meters":{"estimated_diameter_min":221.0828103591,"estimated_diameter_max":494.3561926196}},"is_potentially_hazardous_asteroid":false,"close_approach_data":[{"close_approach_date":"2194-06-30","relative_velocity":{"kilometers_per_second":"17.8590443466"},"miss_distance":{"kilometers":"47447876"}}]},{"name":"(2007 XH16)","estimated_diameter":{"meters":{"estimated_diameter_min":319.5618867213,"estimated_diameter_max":714.5621017269}},"is_potentially_hazardous_asteroid":true,"close_approach_data":[{"close_approach_date":"2194-06-30","relative_velocity":{"kilometers_per_second":"13.6162469454"},"miss_distance":{"kilometers":"63789564"}}]},{"name":"484402 (2007 XH16)","estimated_diameter":{"meters":{"estimated_diameter_min":319.5618867213,"estimated_diameter_max":714.5621017269}},"is_potentially_hazardous_asteroid":true,"close_approach_data":[{"close_approach_date":"2194-06-30","relative_velocity":{"kilometers_per_second":"13.6162341375"},"miss_distance":{"kilometers":"63794068"}}]},{"name":"(2011 UG20)","estimated_diameter":{"meters":{"estimated_diameter_min":139.4938229344,"estimated_diameter_max":311.9176705226}},"is_potentially_hazardous_asteroid":true,"close_approach_data":[{"close_approach_date":"2194-06-30","relative_velocity":{"kilometers_per_second":"25.9560187884"},"miss_distance":{"kilometers":"48854748"}}]}]