[{"name":"(2012 VO76)","estimated_diameter":{"meters":{"estimated_diameter_min":160.1603379786,"estimated_diameter_max":358.1294030194}},"is_potentially_hazardous_asteroid":true,"close_approach_data":[{"close_approach_date":"2194-05-21","relative_velocity":{"kilometers_per_second":"23.254545569"},"miss_distance":{"kilometers":"43739172"}}]},{"name":"(2017 HX3)","estimated_diameter":{"meters":{"estimated_diameter_min":116.7763714923,"estimated_diameter_max":261.1199048226}},"is_potentially_hazardous_asteroid":true,"close_approach_data":[{"close_approach_date":"2194-05-21","relative_velocity":{"kilometers_per_second":"19.4379618317"},"miss_distance":{"kilometers":"39026188"}}]},{"name":"495187 (2012 VO76)","estimated_diameter":{"meters":{"estimated_diameter_min":160.1603379786,"estimated_diameter_max":358.1294030194}},"is_potentially_hazardous_asteroid":true,"close_approach_data":[{"close_approach_date":"2194-05-21","relative_velocity":{"kilometers_per_second":"23.2545456147"},"miss_distance":{"kilometers":"43739172"}}]}]