[{"name":"66146 (1998 TU3)","estimated_diameter":{"meters":{"estimated_diameter_min":3346.2237445489,"estimated_diameter_max":7482.3837607352}},"is_potentially_hazardous_asteroid":false,"close_approach_data":[{"close_approach_date":"2194-11-07","relative_velocity":{"kilometers_per_second":"16.6126172343"},"miss_distance":{"kilometers":"21604710"}}]},{"name":"464639 (2000 PO30)","estimated_diameter":{"meters":{"estimated_diameter_min":402.3045798343,"estimated_diameter_max":899.5803881691}},"is_potentially_hazardous_asteroid":false,"close_approach_data":[{"close_approach_date":"2194-11-07","relative_velocity":{"kilometers_per_second":"8.2909406162"},"miss_distance":{"kilometers":"38903664"}}]},{"name":"(2002 JQ9)","estimated_diameter":{"meters":{"estimated_diameter_min":384.1978910643,"estimated_diameter_max":859.0926012318}},"is_potentially_hazardous_asteroid":true,"close_approach_data":[{"close_approach_date":"2194-11-07","relative_velocity":{"kilometers_per_second":"18.3804022399"},"miss_distance":{"kilometers":"12689142"}}]},{"name":"(2010 JA35)","estimated_diameter":{"meters":{"estimated_diameter_min":221.0828103591,"estimated_diameter_max":494.3561926196}},"is_potentially_hazardous_asteroid":false,"close_approach_data":[{"close_approach_date":"2194-11-07","relative_velocity":{"kilometers_per_second":"27.7009733576"},"miss_distance":{"kilometers":"63030392"}}]},{"name":"(2013 XE22)","estimated_diameter":{"meters":{"estimated_diameter_min":192.5550781879,"estimated_diameter_max":430.566244241}},"is_potentially_hazardous_asteroid":false,"close_approach_data":[{"close_approach_date":"2194-11-07","relative_velocity":{"kilometers_per_second":"17.4252048499"},"miss_distance":{"kilometers":"66054556"}}]},{"name":"(2001 WF49)","estimated_diameter":{"meters":{"estimated_diameter_min":96.5061469579,"estimated_diameter_max":215.7943048444}},"is_potentially_hazardous_asteroid":true,"close_approach_data":[{"close_approach_date":"2194-11-07","relative_velocity":{"kilometers_per_second":"15.5951179404"},"miss_distance":{"kilometers":"35299464"}}]}]