[{"name":"265187 (2003 YS117)","estimated_diameter":{"meters":{"estimated_diameter_min":608.9126221057,"estimated_diameter_max":1361.5700153859}},"is_potentially_hazardous_asteroid":false,"close_approach_data":[{"close_approach_date":"2194-02-23","relative_velocity":{"kilometers_per_second":"17.8682716261"},"miss_distance":{"kilometers":"64633692"}}]},{"name":"311554 (2006 BQ147)","estimated_diameter":{"meters":{"estimated_diameter_min":483.6764882185,"estimated_diameter_max":1081.533506775}},"is_potentially_hazardous_asteroid":false,"close_approach_data":[{"close_approach_date":"2194-02-23","relative_velocity":{"kilometers_per_second":"17.7375379861"},"miss_distance":{"kilometers":"18006016"}}]}]