[{"name":"456537 (2007 BG)","estimated_diameter":{"meters":{"estimated_diameter_min":334.6223744549,"estimated_diameter_max":748.2383760735}},"is_potentially_hazardous_asteroid":false,"close_approach_data":[{"close_approach_date":"2194-02-01","relative_velocity":{"kilometers_per_second":"8.042891877"},"miss_distance":{"kilometers":"27155378"}}]},{"name":"(2005 CL7)","estimated_diameter":{"meters":{"estimated_diameter_min":319.5618867213,"estimated_diameter_max":714.5621017269}},"is_potentially_hazardous_asteroid":false,"close_approach_data":[{"close_approach_date":"2194-02-01","relative_velocity":{"kilometers_per_second":"17.2269081264"},"miss_distance":{"kilometers":"44286028"}}]},{"name":"(2013 AH53)","estimated_diameter":{"meters":{"estimated_diameter_min":19.2555078188,"estimated_diameter_max":43.0566244241}},"is_potentially_hazardous_asteroid":false,"close_approach_data":[{"close_approach_date":"2194-02-01","relative_velocity":{"kilometers_per_second":"22.3837817312"},"miss_distance":{"kilometers":"54052020"}}]}]