[{"name":"1580 Betulia (1950 KA)","estimated_diameter":{"meters":{"estimated_diameter_min":2914.4390453486,"estimated_diameter_max":6516.883821679}},"is_potentially_hazardous_asteroid":false,"close_approach_data":[{"close_approach_date":"2194-06-02","relative_velocity":{"kilometers_per_second":"29.8784087376"},"miss_distance":{"kilometers":"50109816"}}]},{"name":"(1998 VE31)","estimated_diameter":{"meters":{"estimated_diameter_min":175.6123184804,"estimated_diameter_max":392.6810818086}},"is_potentially_hazardous_asteroid":false,"close_approach_data":[{"close_approach_date":"2194-06-02","relative_velocity":{"kilometers_per_second":"12.9142589455"},"miss_distance":{"kilometers":"28694430"}}]},{"name":"(2009 KK)","estimated_diameter":{"meters":{"estimated_diameter_min":211.1324447897,"estimated_diameter_max":472.1064988055}},"is_potentially_hazardous_asteroid":true,"close_approach_data":[{"close_approach_date":"2194-06-02","relative_velocity":{"kilometers_per_second":"14.7125244661"},"miss_distance":{"kilometers":"5532425"}}]},{"name":"(2013 LB1)","estimated_diameter":{"meters":{"estimated_diameter_min":880.1465209007,"estimated_diameter_max":1968.067450894}},"is_potentially_hazardous_asteroid":false,"close_approach_data":[{"close_approach_date":"2194-06-02","relative_velocity":{"kilometers_per_second":"17.6003050508"},"miss_distance":{"kilometers":"56906232"}}]},{"name":"(2016 EE158)","estimated_diameter":{"meters":{"estimated_diameter_min":42.1264610556,"estimated_diameter_max":94.1976305719}},"is_potentially_hazardous_asteroid":false,"close_approach_data":[{"close_approach_date":"2194-06-02","relative_velocity":{"kilometers_per_second":"8.1020157199"},"miss_distance":{"kilometers":"39009416"}}]},{"name":"496326 (2013 LB1)","estimated_diameter":{"meters":{"estimated_diameter_min":880.1465209007,"estimated_diameter_max":1968.067450894}},"is_potentially_hazardous_asteroid":false,"close_approach_data":[{"close_approach_date":"2194-06-02","relative_velocity":{"kilometers_per_second":"17.6003048603"},"miss_distance":{"kilometers":"56906232"}}]}]