[{"name":"136818 Selqet (1997 MW1)","estimated_diameter":{"meters":{"estimated_diameter_min":441.1181999969,"estimated_diameter_max":986.3702813054}},"is_potentially_hazardous_asteroid":false,"close_approach_data":[{"close_approach_date":"2194-11-29","relative_velocity":{"kilometers_per_second":"14.1750055032"},"miss_distance":{"kilometers":"50741164"}}]},{"name":"(2002 UQ12)","estimated_diameter":{"meters":{"estimated_diameter_min":88.0146520901,"estimated_diameter_max":196.8067450894}},"is_potentially_hazardous_asteroid":false,"close_approach_data":[{"close_approach_date":"2194-11-29","relative_velocity":{"kilometers_per_second":"13.8011162056"},"miss_distance":{"kilometers":"39082716"}}]},{"name":"(2015 MN66)","estimated_diameter":{"meters":{"estimated_diameter_min":253.8370293645,"estimated_diameter_max":567.5968528656}},"is_potentially_hazardous_asteroid":false,"close_approach_data":[{"close_approach_date":"2194-11-29","relative_velocity":{"kilometers_per_second":"16.4244096868"},"miss_distance":{"kilometers":"42504120"}}]},{"name":"(2016 AA9)","estimated_diameter":{"meters":{"estimated_diameter_min":402.3045798343,"estimated_diameter_max":899.5803881691}},"is_potentially_hazardous_asteroid":false,"close_approach_data":[{"close_approach_date":"2194-11-29","relative_velocity":{"kilometers_per_second":"3.8471461251"},"miss_distance":{"kilometers":"56325992"}}]},{"name":"503293 (2016 AA9)","estimated_diameter":{"meters":{"estimated_diameter_min":402.3045798343,"estimated_diameter_max":899.5803881691}},"is_potentially_hazardous_asteroid":false,"close_approach_data":[{"close_approach_date":"2194-11-29","relative_velocity":{"kilometers_per_second":"3.8471533322"},"miss_distance":{"kilometers":"56326056"}}]}]