[{"name":"331769 (2003 BQ35)","estimated_diameter":{"meters":{"estimated_diameter_min":291.4439045349,"estimated_diameter_max":651.6883821679}},"is_potentially_hazardous_asteroid":false,"close_approach_data":[{"close_approach_date":"2194-08-16","relative_velocity":{"kilometers_per_second":"14.5399751307"},"miss_distance":{"kilometers":"63811864"}}]},{"name":"(2003 QK5)","estimated_diameter":{"meters":{"estimated_diameter_min":80.2703167283,"estimated_diameter_max":179.4898847799}},"is_potentially_hazardous_asteroid":false,"close_approach_data":[{"close_approach_date":"2194-08-16","relative_velocity":{"kilometers_per_second":"9.7739048838"},"miss_distance":{"kilometers":"16364763"}}]}]