[{"name":"(2008 PR9)","estimated_diameter":{"meters":{"estimated_diameter_min":84.0533402073,"estimated_diameter_max":187.9489824394}},"is_potentially_hazardous_asteroid":false,"close_approach_data":[{"close_approach_date":"2194-08-03","relative_velocity":{"kilometers_per_second":"10.6012791066"},"miss_distance":{"kilometers":"45681032"}}]},{"name":"(2012 PC20)","estimated_diameter":{"meters":{"estimated_diameter_min":146.0679642714,"estimated_diameter_max":326.6178974458}},"is_potentially_hazardous_asteroid":false,"close_approach_data":[{"close_approach_date":"2194-08-03","relative_velocity":{"kilometers_per_second":"9.6141198581"},"miss_distance":{"kilometers":"30134216"}}]}]