[{"name":"329437 (2002 OA22)","estimated_diameter":{"meters":{"estimated_diameter_min":350.3926411083,"estimated_diameter_max":783.5017643338}},"is_potentially_hazardous_asteroid":true,"close_approach_data":[{"close_approach_date":"2194-02-19","relative_velocity":{"kilometers_per_second":"9.7846118775"},"miss_distance":{"kilometers":"41655312"}}]},{"name":"(2005 ES70)","estimated_diameter":{"meters":{"estimated_diameter_min":46.1907460282,"estimated_diameter_max":103.2856480504}},"is_potentially_hazardous_asteroid":false,"close_approach_data":[{"close_approach_date":"2194-02-19","relative_velocity":{"kilometers_per_second":"15.4612852555"},"miss_distance":{"kilometers":"40573316"}}]},{"name":"483656 (2005 ES70)","estimated_diameter":{"meters":{"estimated_diameter_min":46.1907460282,"estimated_diameter_max":103.2856480504}},"is_potentially_hazardous_asteroid":false,"close_approach_data":[{"close_approach_date":"2194-02-19","relative_velocity":{"kilometers_per_second":"15.4608608815"},"miss_distance":{"kilometers":"40571376"}}]}]