[{"name":"3103 Eger (1982 BB)","estimated_diameter":{"meters":{"estimated_diameter_min":2231.2846441686,"estimated_diameter_max":4989.3041415123}},"is_potentially_hazardous_asteroid":false,"close_approach_data":[{"close_approach_date":"2194-08-17","relative_velocity":{"kilometers_per_second":"10.584226748"},"miss_distance":{"kilometers":"46131440"}}]},{"name":"153349 (2001 PJ9)","estimated_diameter":{"meters":{"estimated_diameter_min":530.3407233187,"estimated_diameter_max":1185.8779085771}},"is_potentially_hazardous_asteroid":false,"close_approach_data":[{"close_approach_date":"2194-08-17","relative_velocity":{"kilometers_per_second":"32.1932632999"},"miss_distance":{"kilometers":"68422288"}}]},{"name":"205378 (2001 BJ16)","estimated_diameter":{"meters":{"estimated_diameter_min":483.6764882185,"estimated_diameter_max":1081.533506775}},"is_potentially_hazardous_asteroid":false,"close_approach_data":[{"close_approach_date":"2194-08-17","relative_velocity":{"kilometers_per_second":"10.6081406989"},"miss_distance":{"kilometers":"34430812"}}]},{"name":"(2007 FE)","estimated_diameter":{"meters":{"estimated_diameter_min":384.1978910643,"estimated_diameter_max":859.0926012318}},"is_potentially_hazardous_asteroid":true,"close_approach_data":[{"close_approach_date":"2194-08-17","relative_velocity":{"kilometers_per_second":"20.0393576004"},"miss_distance":{"kilometers":"57666236"}}]},{"name":"(2010 TM3)","estimated_diameter":{"meters":{"estimated_diameter_min":201.6299194428,"estimated_diameter_max":450.8582061718}},"is_potentially_hazardous_asteroid":false,"close_approach_data":[{"close_approach_date":"2194-08-17","relative_velocity":{"kilometers_per_second":"5.08064868"},"miss_distance":{"kilometers":"71392216"}}]},{"name":"(2011 AC3)","estimated_diameter":{"meters":{"estimated_diameter_min":88.0146520901,"estimated_diameter_max":196.8067450894}},"is_potentially_hazardous_asteroid":false,"close_approach_data":[{"close_approach_date":"2194-08-17","relative_velocity":{"kilometers_per_second":"18.6976801952"},"miss_distance":{"kilometers":"51399172"}}]},{"name":"(2014 WO371)","estimated_diameter":{"meters":{"estimated_diameter_min":88.0146520901,"estimated_diameter_max":196.8067450894}},"is_potentially_hazardous_asteroid":false,"close_approach_data":[{"close_approach_date":"2194-08-17","relative_velocity":{"kilometers_per_second":"24.9618289413"},"miss_distance":{"kilometers":"67881208"}}]}]