[{"name":"177016 (2003 BM47)","estimated_diameter":{"meters":{"estimated_diameter_min":265.8,"estimated_diameter_max":594.3468684194}},"is_potentially_hazardous_asteroid":false,"close_approach_data":[{"close_approach_date":"2194-11-04","relative_velocity":{"kilometers_per_second":"17.5937331484"},"miss_distance":{"kilometers":"36459164"}}]},{"name":"390725 (2003 HB)","estimated_diameter":{"meters":{"estimated_diameter_min":305.1792325939,"estimated_diameter_max":682.4015094011}},"is_potentially_hazardous_asteroid":true,"close_approach_data":[{"close_approach_date":"2194-11-04","relative_velocity":{"kilometers_per_second":"19.677757846"},"miss_distance":{"kilometers":"69974512"}}]},{"name":"419624 (2010 SO16)","estimated_diameter":{"meters":{"estimated_diameter_min":211.1324447897,"estimated_diameter_max":472.1064988055}},"is_potentially_hazardous_asteroid":true,"close_approach_data":[{"close_approach_date":"2194-11-04","relative_velocity":{"kilometers_per_second":"12.779243907"},"miss_distance":{"kilometers":"43241084"}}]}]