[{"name":"(2000 AF205)","estimated_diameter":{"meters":{"estimated_diameter_min":121.4940407996,"estimated_diameter_max":271.6689340891}},"is_potentially_hazardous_asteroid":true,"close_approach_data":[{"close_approach_date":"2194-09-26","relative_velocity":{"kilometers_per_second":"9.137735068"},"miss_distance":{"kilometers":"37907624"}}]},{"name":"(2002 JD9)","estimated_diameter":{"meters":{"estimated_diameter_min":60.8912622106,"estimated_diameter_max":136.1570015386}},"is_potentially_hazardous_asteroid":false,"close_approach_data":[{"close_approach_date":"2194-09-26","relative_velocity":{"kilometers_per_second":"16.8255057796"},"miss_distance":{"kilometers":"61158664"}}]},{"name":"(2012 WH1)","estimated_diameter":{"meters":{"estimated_diameter_min":44.1118199997,"estimated_diameter_max":98.6370281305}},"is_potentially_hazardous_asteroid":false,"close_approach_data":[{"close_approach_date":"2194-09-26","relative_velocity":{"kilometers_per_second":"7.9329705936"},"miss_distance":{"kilometers":"10206984"}}]},{"name":"(2013 SR)","estimated_diameter":{"meters":{"estimated_diameter_min":40.2304579834,"estimated_diameter_max":89.9580388169}},"is_potentially_hazardous_asteroid":false,"close_approach_data":[{"close_approach_date":"2194-09-26","relative_velocity":{"kilometers_per_second":"11.9139764773"},"miss_distance":{"kilometers":"38076764"}}]},{"name":"(2013 XV8)","estimated_diameter":{"meters":{"estimated_diameter_min":116.0259082094,"estimated_diameter_max":259.4418179074}},"is_potentially_hazardous_asteroid":false,"close_approach_data":[{"close_approach_date":"2194-09-26","relative_velocity":{"kilometers_per_second":"6.5273043278"},"miss_distance":{"kilometers":"71781888"}}]},{"name":"488490 (2000 AF205)","estimated_diameter":{"meters":{"estimated_diameter_min":121.4940407996,"estimated_diameter_max":271.6689340891}},"is_potentially_hazardous_asteroid":true,"close_approach_data":[{"close_approach_date":"2194-09-26","relative_velocity":{"kilometers_per_second":"9.1377012058"},"miss_distance":{"kilometers":"37907500"}}]}]