[{"name":"164202 (2004 EW)","estimated_diameter":{"meters":{"estimated_diameter_min":183.8886720703,"estimated_diameter_max":411.1875710413}},"is_potentially_hazardous_asteroid":true,"close_approach_data":[{"close_approach_date":"2194-05-30","relative_velocity":{"kilometers_per_second":"6.4083940713"},"miss_distance":{"kilometers":"36357768"}}]},{"name":"(2001 CQ36)","estimated_diameter":{"meters":{"estimated_diameter_min":84.0533402073,"estimated_diameter_max":187.9489824394}},"is_potentially_hazardous_asteroid":false,"close_approach_data":[{"close_approach_date":"2194-05-30","relative_velocity":{"kilometers_per_second":"12.6034232088"},"miss_distance":{"kilometers":"38089124"}}]}]