[{"name":"(2009 WC54)","estimated_diameter":{"meters":{"estimated_diameter_min":40.2304579834,"estimated_diameter_max":89.9580388169}},"is_potentially_hazardous_asteroid":false,"close_approach_data":[{"close_approach_date":"2194-07-08","relative_velocity":{"kilometers_per_second":"12.9960710966"},"miss_distance":{"kilometers":"50470492"}}]},{"name":"(2013 BE27)","estimated_diameter":{"meters":{"estimated_diameter_min":183.8886720703,"estimated_diameter_max":411.1875710413}},"is_potentially_hazardous_asteroid":false,"close_approach_data":[{"close_approach_date":"2194-07-08","relative_velocity":{"kilometers_per_second":"10.0409617162"},"miss_distance":{"kilometers":"23946674"}}]}]