[{"name":"153002 (2000 JG5)","estimated_diameter":{"meters":{"estimated_diameter_min":608.9126221057,"estimated_diameter_max":1361.5700153859}},"is_potentially_hazardous_asteroid":true,"close_approach_data":[{"close_approach_date":"2194-05-16","relative_velocity":{"kilometers_per_second":"42.4807655067"},"miss_distance":{"kilometers":"61543556"}}]},{"name":"(2001 XW10)","estimated_diameter":{"meters":{"estimated_diameter_min":350.3926411083,"estimated_diameter_max":783.5017643338}},"is_potentially_hazardous_asteroid":false,"close_approach_data":[{"close_approach_date":"2194-05-16","relative_velocity":{"kilometers_per_second":"25.5340287913"},"miss_distance":{"kilometers":"12390840"}}]}]