[{"name":"162882 (2001 FD58)","estimated_diameter":{"meters":{"estimated_diameter_min":461.9074602816,"estimated_diameter_max":1032.8564805039}},"is_potentially_hazardous_asteroid":true,"close_approach_data":[{"close_approach_date":"2194-02-21","relative_velocity":{"kilometers_per_second":"11.6499267111"},"miss_distance":{"kilometers":"54451708"}}]},{"name":"422686 (2000 AC6)","estimated_diameter":{"meters":{"estimated_diameter_min":133.2155666981,"estimated_diameter_max":297.8790627982}},"is_potentially_hazardous_asteroid":true,"close_approach_data":[{"close_approach_date":"2194-02-21","relative_velocity":{"kilometers_per_second":"8.4155414506"},"miss_distance":{"kilometers":"10390878"}}]},{"name":"(2003 CQ20)","estimated_diameter":{"meters":{"estimated_diameter_min":221.0828103591,"estimated_diameter_max":494.3561926196}},"is_potentially_hazardous_asteroid":false,"close_approach_data":[{"close_approach_date":"2194-02-21","relative_velocity":{"kilometers_per_second":"11.6286033944"},"miss_distance":{"kilometers":"26782954"}}]},{"name":"(2014 YF)","estimated_diameter":{"meters":{"estimated_diameter_min":76.6575573531,"estimated_diameter_max":171.4115092306}},"is_potentially_hazardous_asteroid":false,"close_approach_data":[{"close_approach_date":"2194-02-21","relative_velocity":{"kilometers_per_second":"4.7743586752"},"miss_distance":{"kilometers":"8337152"}}]},{"name":"(2015 FM33)","estimated_diameter":{"meters":{"estimated_diameter_min":33.4622374455,"estimated_diameter_max":74.8238376074}},"is_potentially_hazardous_asteroid":false,"close_approach_data":[{"close_approach_date":"2194-02-21","relative_velocity":{"kilometers_per_second":"10.1666399774"},"miss_distance":{"kilometers":"16985942"}}]},{"name":"(1993 DA)","estimated_diameter":{"meters":{"estimated_diameter_min":13.9493822934,"estimated_diameter_max":31.1917670523}},"is_potentially_hazardous_asteroid":false,"close_approach_data":[{"close_approach_date":"2194-02-21","relative_velocity":{"kilometers_per_second":"6.7617797593"},"miss_distance":{"kilometers":"6291189.5"}}]}]