[{"name":"138258 (2000 GD2)","estimated_diameter":{"meters":{"estimated_diameter_min":402.3045798343,"estimated_diameter_max":899.5803881691}},"is_potentially_hazardous_asteroid":false,"close_approach_data":[{"close_approach_date":"2194-03-24","relative_velocity":{"kilometers_per_second":"16.5597405559"},"miss_distance":{"kilometers":"25363114"}}]},{"name":"(2007 RX8)","estimated_diameter":{"meters":{"estimated_diameter_min":33.4622374455,"estimated_diameter_max":74.8238376074}},"is_potentially_hazardous_asteroid":false,"close_approach_data":[{"close_approach_date":"2194-03-24","relative_velocity":{"kilometers_per_second":"5.7542066959"},"miss_distance":{"kilometers":"25869068"}}]}]