[{"name":"(2012 UA34)","estimated_diameter":{"meters":{"estimated_diameter_min":334.6223744549,"estimated_diameter_max":748.2383760735}},"is_potentially_hazardous_asteroid":false,"close_approach_data":[{"close_approach_date":"2194-12-21","relative_velocity":{"kilometers_per_second":"26.6786147411"},"miss_distance":{"kilometers":"46876808"}}]},{"name":"(2013 WU44)","estimated_diameter":{"meters":{"estimated_diameter_min":167.7084621628,"estimated_diameter_max":375.0075217981}},"is_potentially_hazardous_asteroid":false,"close_approach_data":[{"close_approach_date":"2194-12-21","relative_velocity":{"kilometers_per_second":"9.9689553929"},"miss_distance":{"kilometers":"64938408"}}]},{"name":"(2014 OY337)","estimated_diameter":{"meters":{"estimated_diameter_min":183.8886720703,"estimated_diameter_max":411.1875710413}},"is_potentially_hazardous_asteroid":false,"close_approach_data":[{"close_approach_date":"2194-12-21","relative_velocity":{"kilometers_per_second":"10.4124334004"},"miss_distance":{"kilometers":"70429464"}}]},{"name":"(2014 YE1)","estimated_diameter":{"meters":{"estimated_diameter_min":55.5334911581,"estimated_diameter_max":124.1766612574}},"is_potentially_hazardous_asteroid":false,"close_approach_data":[{"close_approach_date":"2194-12-21","relative_velocity":{"kilometers_per_second":"30.1835938159"},"miss_distance":{"kilometers":"62117316"}}]},{"name":"482533 (2012 UA34)","estimated_diameter":{"meters":{"estimated_diameter_min":305.1792325939,"estimated_diameter_max":682.4015094011}},"is_potentially_hazardous_asteroid":false,"close_approach_data":[{"close_approach_date":"2194-12-21","relative_velocity":{"kilometers_per_second":"26.6782765075"},"miss_distance":{"kilometers":"46876580"}}]}]