[{"name":"(2015 MO66)","estimated_diameter":{"meters":{"estimated_diameter_min":242.4124811008,"estimated_diameter_max":542.0507863358}},"is_potentially_hazardous_asteroid":false,"close_approach_data":[{"close_approach_date":"2194-07-02","relative_velocity":{"kilometers_per_second":"19.3969994752"},"miss_distance":{"kilometers":"36393804"}}]},{"name":"(2011 BY18)","estimated_diameter":{"meters":{"estimated_diameter_min":179.2895497621,"estimated_diameter_max":400.9036209234}},"is_potentially_hazardous_asteroid":true,"close_approach_data":[{"close_approach_date":"2194-07-02","relative_velocity":{"kilometers_per_second":"22.6852789408"},"miss_distance":{"kilometers":"14034591"}}]}]