[{"name":"(2014 MK27)","estimated_diameter":{"meters":{"estimated_diameter_min":133.2155666981,"estimated_diameter_max":297.8790627982}},"is_potentially_hazardous_asteroid":false,"close_approach_data":[{"close_approach_date":"2194-07-31","relative_velocity":{"kilometers_per_second":"7.1958901791"},"miss_distance":{"kilometers":"26962768"}}]},{"name":"(2015 OS35)","estimated_diameter":{"meters":{"estimated_diameter_min":421.2646105562,"estimated_diameter_max":941.9763057186}},"is_potentially_hazardous_asteroid":false,"close_approach_data":[{"close_approach_date":"2194-07-31","relative_velocity":{"kilometers_per_second":"12.8069431361"},"miss_distance":{"kilometers":"40933132"}}]}]