[{"name":"(2010 CG19)","estimated_diameter":{"meters":{"estimated_diameter_min":334.6223744549,"estimated_diameter_max":748.2383760735}},"is_potentially_hazardous_asteroid":false,"close_approach_data":[{"close_approach_date":"2194-08-21","relative_velocity":{"kilometers_per_second":"28.9802189512"},"miss_distance":{"kilometers":"56976440"}}]},{"name":"(2012 QG42)","estimated_diameter":{"meters":{"estimated_diameter_min":175.6123184804,"estimated_diameter_max":392.6810818086}},"is_potentially_hazardous_asteroid":true,"close_approach_data":[{"close_approach_date":"2194-08-21","relative_velocity":{"kilometers_per_second":"8.0145489602"},"miss_distance":{"kilometers":"43027132"}}]},{"name":"(2013 AQ60)","estimated_diameter":{"meters":{"estimated_diameter_min":265.8,"estimated_diameter_max":594.3468684194}},"is_potentially_hazardous_asteroid":false,"close_approach_data":[{"close_approach_date":"2194-08-21","relative_velocity":{"kilometers_per_second":"30.6145597828"},"miss_distance":{"kilometers":"48901380"}}]},{"name":"477492 (2010 CG19)","estimated_diameter":{"meters":{"estimated_diameter_min":334.6223744549,"estimated_diameter_max":748.2383760735}},"is_potentially_hazardous_asteroid":false,"close_approach_data":[{"close_approach_date":"2194-08-21","relative_velocity":{"kilometers_per_second":"28.9802805589"},"miss_distance":{"kilometers":"56975968"}}]}]