[{"name":"284114 (2005 TZ51)","estimated_diameter":{"meters":{"estimated_diameter_min":699.1252322458,"estimated_diameter_max":1563.2915440869}},"is_potentially_hazardous_asteroid":false,"close_approach_data":[{"close_approach_date":"2194-11-11","relative_velocity":{"kilometers_per_second":"6.4854772216"},"miss_distance":{"kilometers":"59383992"}}]},{"name":"(2016 FD15)","estimated_diameter":{"meters":{"estimated_diameter_min":139.4938229344,"estimated_diameter_max":311.9176705226}},"is_potentially_hazardous_asteroid":false,"close_approach_data":[{"close_approach_date":"2194-11-11","relative_velocity":{"kilometers_per_second":"11.3416045159"},"miss_distance":{"kilometers":"37825880"}}]}]