[{"name":"154555 (2003 HA)","estimated_diameter":{"meters":{"estimated_diameter_min":1214.9404079963,"estimated_diameter_max":2716.6893408911}},"is_potentially_hazardous_asteroid":false,"close_approach_data":[{"close_approach_date":"2194-04-16","relative_velocity":{"kilometers_per_second":"37.9001787223"},"miss_distance":{"kilometers":"68496160"}}]},{"name":"196625 (2003 RM10)","estimated_diameter":{"meters":{"estimated_diameter_min":242.4124811008,"estimated_diameter_max":542.0507863358}},"is_potentially_hazardous_asteroid":true,"close_approach_data":[{"close_approach_date":"2194-04-16","relative_velocity":{"kilometers_per_second":"12.7113309295"},"miss_distance":{"kilometers":"32815710"}}]},{"name":"(2011 KO17)","estimated_diameter":{"meters":{"estimated_diameter_min":242.4124811008,"estimated_diameter_max":542.0507863358}},"is_potentially_hazardous_asteroid":true,"close_approach_data":[{"close_approach_date":"2194-04-16","relative_velocity":{"kilometers_per_second":"7.833715455"},"miss_distance":{"kilometers":"9218633"}}]},{"name":"(2011 PU1)","estimated_diameter":{"meters":{"estimated_diameter_min":20.1629919443,"estimated_diameter_max":45.0858206172}},"is_potentially_hazardous_asteroid":false,"close_approach_data":[{"close_approach_date":"2194-04-16","relative_velocity":{"kilometers_per_second":"17.3568659837"},"miss_distance":{"kilometers":"63751196"}}]},{"name":"(2016 GH135)","estimated_diameter":{"meters":{"estimated_diameter_min":96.5061469579,"estimated_diameter_max":215.7943048444}},"is_potentially_hazardous_asteroid":false,"close_approach_data":[{"close_approach_date":"2194-04-16","relative_velocity":{"kilometers_per_second":"10.8271782314"},"miss_distance":{"kilometers":"27612462"}}]}]