[{"name":"(2011 PS)","estimated_diameter":{"meters":{"estimated_diameter_min":221.0828103591,"estimated_diameter_max":494.3561926196}},"is_potentially_hazardous_asteroid":true,"close_approach_data":[{"close_approach_date":"2194-01-14","relative_velocity":{"kilometers_per_second":"17.4240866741"},"miss_distance":{"kilometers":"33487788"}}]},{"name":"(2016 EL27)","estimated_diameter":{"meters":{"estimated_diameter_min":16.0160337979,"estimated_diameter_max":35.8129403019}},"is_potentially_hazardous_asteroid":false,"close_approach_data":[{"close_approach_date":"2194-01-14","relative_velocity":{"kilometers_per_second":"8.5252947359"},"miss_distance":{"kilometers":"38914996"}}]}]