[{"name":"2201 Oljato (1947 XC)","estimated_diameter":{"meters":{"estimated_diameter_min":2368.9449935595,"estimated_diameter_max":5297.1220405568}},"is_potentially_hazardous_asteroid":true,"close_approach_data":[{"close_approach_date":"2194-05-19","relative_velocity":{"kilometers_per_second":"14.3102584136"},"miss_distance":{"kilometers":"34939928"}}]},{"name":"5381 Sekhmet (1991 JY)","estimated_diameter":{"meters":{"estimated_diameter_min":1272.1987853936,"estimated_diameter_max":2844.7229650327}},"is_potentially_hazardous_asteroid":false,"close_approach_data":[{"close_approach_date":"2194-05-19","relative_velocity":{"kilometers_per_second":"23.2848278141"},"miss_distance":{"kilometers":"18065964"}}]},{"name":"446862 (2001 VB76)","estimated_diameter":{"meters":{"estimated_diameter_min":231.5021222103,"estimated_diameter_max":517.6544821978}},"is_potentially_hazardous_asteroid":true,"close_approach_data":[{"close_approach_date":"2194-05-19","relative_velocity":{"kilometers_per_second":"5.0078660469"},"miss_distance":{"kilometers":"64898272"}}]},{"name":"(1999 HD1)","estimated_diameter":{"meters":{"estimated_diameter_min":221.0828103591,"estimated_diameter_max":494.3561926196}},"is_potentially_hazardous_asteroid":false,"close_approach_data":[{"close_approach_date":"2194-05-19","relative_velocity":{"kilometers_per_second":"11.7144103682"},"miss_distance":{"kilometers":"47504228"}}]},{"name":"(2003 EZ16)","estimated_diameter":{"meters":{"estimated_diameter_min":80.2703167283,"estimated_diameter_max":179.4898847799}},"is_potentially_hazardous_asteroid":false,"close_approach_data":[{"close_approach_date":"2194-05-19","relative_velocity":{"kilometers_per_second":"5.588541612"},"miss_distance":{"kilometers":"51400296"}}]},{"name":"488474 (1999 HD1)","estimated_diameter":{"meters":{"estimated_diameter_min":221.0828103591,"estimated_diameter_max":494.3561926196}},"is_potentially_hazardous_asteroid":false,"close_approach_data":[{"close_approach_date":"2194-05-19","relative_velocity":{"kilometers_per_second":"11.7144096582"},"miss_distance":{"kilometers":"47504264"}}]}]