[{"name":"37655 Illapa (1994 PM)","estimated_diameter":{"meters":{"estimated_diameter_min":699.1252322458,"estimated_diameter_max":1563.2915440869}},"is_potentially_hazardous_asteroid":true,"close_approach_data":[{"close_approach_date":"2194-04-26","relative_velocity":{"kilometers_per_second":"36.0755193605"},"miss_distance":{"kilometers":"66356884"}}]},{"name":"(2015 FT118)","estimated_diameter":{"meters":{"estimated_diameter_min":221.0828103591,"estimated_diameter_max":494.3561926196}},"is_potentially_hazardous_asteroid":true,"close_approach_data":[{"close_approach_date":"2194-04-26","relative_velocity":{"kilometers_per_second":"11.381847671"},"miss_distance":{"kilometers":"49286352"}}]}]