[{"name":"16834 (1997 WU22)","estimated_diameter":{"meters":{"estimated_diameter_min":1925.5507818793,"estimated_diameter_max":4305.66244241}},"is_potentially_hazardous_asteroid":false,"close_approach_data":[{"close_approach_date":"2194-02-24","relative_velocity":{"kilometers_per_second":"20.5726932047"},"miss_distance":{"kilometers":"60986064"}}]},{"name":"140288 (2001 SN289)","estimated_diameter":{"meters":{"estimated_diameter_min":1214.9404079963,"estimated_diameter_max":2716.6893408911}},"is_potentially_hazardous_asteroid":true,"close_approach_data":[{"close_approach_date":"2194-02-24","relative_velocity":{"kilometers_per_second":"38.4076810952"},"miss_distance":{"kilometers":"71800944"}}]},{"name":"403039 (2008 AE)","estimated_diameter":{"meters":{"estimated_diameter_min":291.4439045349,"estimated_diameter_max":651.6883821679}},"is_potentially_hazardous_asteroid":false,"close_approach_data":[{"close_approach_date":"2194-02-24","relative_velocity":{"kilometers_per_second":"6.9071448058"},"miss_distance":{"kilometers":"30478684"}}]},{"name":"(2003 DZ15)","estimated_diameter":{"meters":{"estimated_diameter_min":92.1626548503,"estimated_diameter_max":206.0819612321}},"is_potentially_hazardous_asteroid":false,"close_approach_data":[{"close_approach_date":"2194-02-24","relative_velocity":{"kilometers_per_second":"22.0309302004"},"miss_distance":{"kilometers":"35856536"}}]},{"name":"(2006 CT9)","estimated_diameter":{"meters":{"estimated_diameter_min":221.0828103591,"estimated_diameter_max":494.3561926196}},"is_potentially_hazardous_asteroid":false,"close_approach_data":[{"close_approach_date":"2194-02-24","relative_velocity":{"kilometers_per_second":"25.9430310998"},"miss_distance":{"kilometers":"38743956"}}]}]