[{"name":"10165 (1995 BL2)","estimated_diameter":{"meters":{"estimated_diameter_min":921.6265485028,"estimated_diameter_max":2060.8196123208}},"is_potentially_hazardous_asteroid":false,"close_approach_data":[{"close_approach_date":"2194-07-27","relative_velocity":{"kilometers_per_second":"23.0052884502"},"miss_distance":{"kilometers":"60737492"}}]},{"name":"162361 (2000 AF6)","estimated_diameter":{"meters":{"estimated_diameter_min":242.4124811008,"estimated_diameter_max":542.0507863358}},"is_potentially_hazardous_asteroid":true,"close_approach_data":[{"close_approach_date":"2194-07-27","relative_velocity":{"kilometers_per_second":"19.7241571646"},"miss_distance":{"kilometers":"74158360"}}]},{"name":"(2010 CR1)","estimated_diameter":{"meters":{"estimated_diameter_min":530.3407233187,"estimated_diameter_max":1185.8779085771}},"is_potentially_hazardous_asteroid":false,"close_approach_data":[{"close_approach_date":"2194-07-27","relative_velocity":{"kilometers_per_second":"22.5966047853"},"miss_distance":{"kilometers":"64361804"}}]},{"name":"(2011 ON24)","estimated_diameter":{"meters":{"estimated_diameter_min":66.7659413495,"estimated_diameter_max":149.2931834393}},"is_potentially_hazardous_asteroid":false,"close_approach_data":[{"close_approach_date":"2194-07-27","relative_velocity":{"kilometers_per_second":"7.588142861"},"miss_distance":{"kilometers":"41891808"}}]}]