[{"name":"(2002 VU114)","estimated_diameter":{"meters":{"estimated_diameter_min":73.2073989347,"estimated_diameter_max":163.696720474}},"is_potentially_hazardous_asteroid":false,"close_approach_data":[{"close_approach_date":"2194-05-22","relative_velocity":{"kilometers_per_second":"18.1820424696"},"miss_distance":{"kilometers":"54181104"}}]},{"name":"(2003 JN14)","estimated_diameter":{"meters":{"estimated_diameter_min":334.6223744549,"estimated_diameter_max":748.2383760735}},"is_potentially_hazardous_asteroid":false,"close_approach_data":[{"close_approach_date":"2194-05-22","relative_velocity":{"kilometers_per_second":"29.4402822131"},"miss_distance":{"kilometers":"35995796"}}]},{"name":"(2016 JM6)","estimated_diameter":{"meters":{"estimated_diameter_min":110.8038821264,"estimated_diameter_max":247.7650126055}},"is_potentially_hazardous_asteroid":false,"close_approach_data":[{"close_approach_date":"2194-05-22","relative_velocity":{"kilometers_per_second":"13.4588063742"},"miss_distance":{"kilometers":"20122630"}}]},{"name":"(2017 XS)","estimated_diameter":{"meters":{"estimated_diameter_min":75.4666334439,"estimated_diameter_max":168.7485224137}},"is_potentially_hazardous_asteroid":false,"close_approach_data":[{"close_approach_date":"2194-05-22","relative_velocity":{"kilometers_per_second":"17.3085380382"},"miss_distance":{"kilometers":"66628156"}}]}]