[{"name":"338347 (2002 XG4)","estimated_diameter":{"meters":{"estimated_diameter_min":608.9126221057,"estimated_diameter_max":1361.5700153859}},"is_potentially_hazardous_asteroid":false,"close_approach_data":[{"close_approach_date":"2194-01-02","relative_velocity":{"kilometers_per_second":"10.557415918"},"miss_distance":{"kilometers":"55195236"}}]},{"name":"(2004 XK14)","estimated_diameter":{"meters":{"estimated_diameter_min":88.0146520901,"estimated_diameter_max":196.8067450894}},"is_potentially_hazardous_asteroid":false,"close_approach_data":[{"close_approach_date":"2194-01-02","relative_velocity":{"kilometers_per_second":"14.1224866197"},"miss_distance":{"kilometers":"17217434"}}]},{"name":"(2008 AZ30)","estimated_diameter":{"meters":{"estimated_diameter_min":110.8038821264,"estimated_diameter_max":247.7650126055}},"is_potentially_hazardous_asteroid":true,"close_approach_data":[{"close_approach_date":"2194-01-02","relative_velocity":{"kilometers_per_second":"18.7153772083"},"miss_distance":{"kilometers":"13560376"}}]},{"name":"(2001 LD)","estimated_diameter":{"meters":{"estimated_diameter_min":253.8370293645,"estimated_diameter_max":567.5968528656}},"is_potentially_hazardous_asteroid":true,"close_approach_data":[{"close_approach_date":"2194-01-02","relative_velocity":{"kilometers_per_second":"16.6880609286"},"miss_distance":{"kilometers":"51095616"}}]}]