[{"name":"329713 (2003 WO7)","estimated_diameter":{"meters":{"estimated_diameter_min":461.9074602816,"estimated_diameter_max":1032.8564805039}},"is_potentially_hazardous_asteroid":false,"close_approach_data":[{"close_approach_date":"2085-10-06","relative_velocity":{"kilometers_per_second":"0.9877402368"},"miss_distance":{"kilometers":"74076424"}}]},{"name":"369986 (1998 SO)","estimated_diameter":{"meters":{"estimated_diameter_min":201.6299194428,"estimated_diameter_max":450.8582061718}},"is_potentially_hazardous_asteroid":false,"close_approach_data":[{"close_approach_date":"2085-10-06","relative_velocity":{"kilometers_per_second":"20.6589873206"},"miss_distance":{"kilometers":"30335588"}}]},{"name":"(2016 SP2)","estimated_diameter":{"meters":{"estimated_diameter_min":40.2304579834,"estimated_diameter_max":89.9580388169}},"is_potentially_hazardous_asteroid":false,"close_approach_data":[{"close_approach_date":"2085-10-06","relative_velocity":{"kilometers_per_second":"15.1473007022"},"miss_distance":{"kilometers":"45327696"}}]}]