[{"name":"33342 (1998 WT24)","estimated_diameter":{"meters":{"estimated_diameter_min":699.1252322458,"estimated_diameter_max":1563.2915440869}},"is_potentially_hazardous_asteroid":true,"close_approach_data":[{"close_approach_date":"2085-12-06","relative_velocity":{"kilometers_per_second":"8.4001440839"},"miss_distance":{"kilometers":"5233172"}}]},{"name":"315098 (2007 EX)","estimated_diameter":{"meters":{"estimated_diameter_min":1108.0388212642,"estimated_diameter_max":2477.6501260554}},"is_potentially_hazardous_asteroid":false,"close_approach_data":[{"close_approach_date":"2085-12-06","relative_velocity":{"kilometers_per_second":"13.948224727"},"miss_distance":{"kilometers":"65212232"}}]},{"name":"337228 (2000 FL1)","estimated_diameter":{"meters":{"estimated_diameter_min":2111.3244478971,"estimated_diameter_max":4721.0649880552}},"is_potentially_hazardous_asteroid":false,"close_approach_data":[{"close_approach_date":"2085-12-06","relative_velocity":{"kilometers_per_second":"24.5364462462"},"miss_distance":{"kilometers":"67816256"}}]},{"name":"(2009 WY7)","estimated_diameter":{"meters":{"estimated_diameter_min":40.2304579834,"estimated_diameter_max":89.9580388169}},"is_potentially_hazardous_asteroid":false,"close_approach_data":[{"close_approach_date":"2085-12-06","relative_velocity":{"kilometers_per_second":"14.1608882879"},"miss_distance":{"kilometers":"4324091.5"}}]},{"name":"(2012 YP6)","estimated_diameter":{"meters":{"estimated_diameter_min":139.4938229344,"estimated_diameter_max":311.9176705226}},"is_potentially_hazardous_asteroid":false,"close_approach_data":[{"close_approach_date":"2085-12-06","relative_velocity":{"kilometers_per_second":"18.0745897117"},"miss_distance":{"kilometers":"58517320"}}]}]