[{"name":"289227 (2004 XY60)","estimated_diameter":{"meters":{"estimated_diameter_min":441.1181999969,"estimated_diameter_max":986.3702813054}},"is_potentially_hazardous_asteroid":false,"close_approach_data":[{"close_approach_date":"2085-12-26","relative_velocity":{"kilometers_per_second":"26.8626714699"},"miss_distance":{"kilometers":"31224578"}}]},{"name":"442177 (2010 XC24)","estimated_diameter":{"meters":{"estimated_diameter_min":265.8,"estimated_diameter_max":594.3468684194}},"is_potentially_hazardous_asteroid":false,"close_approach_data":[{"close_approach_date":"2085-12-26","relative_velocity":{"kilometers_per_second":"22.1094182245"},"miss_distance":{"kilometers":"73922344"}}]},{"name":"(2017 XE2)","estimated_diameter":{"meters":{"estimated_diameter_min":23.3859478352,"estimated_diameter_max":52.2925690777}},"is_potentially_hazardous_asteroid":false,"close_approach_data":[{"close_approach_date":"2085-12-26","relative_velocity":{"kilometers_per_second":"16.3220854394"},"miss_distance":{"kilometers":"60302264"}}]}]