[{"name":"308242 (2005 GO21)","estimated_diameter":{"meters":{"estimated_diameter_min":1332.1556669813,"estimated_diameter_max":2978.7906279817}},"is_potentially_hazardous_asteroid":true,"close_approach_data":[{"close_approach_date":"2085-12-10","relative_velocity":{"kilometers_per_second":"24.4495920496"},"miss_distance":{"kilometers":"73544032"}}]},{"name":"418265 (2008 EA32)","estimated_diameter":{"meters":{"estimated_diameter_min":1394.9382293439,"estimated_diameter_max":3119.1767052261}},"is_potentially_hazardous_asteroid":false,"close_approach_data":[{"close_approach_date":"2085-12-10","relative_velocity":{"kilometers_per_second":"18.4928011963"},"miss_distance":{"kilometers":"63381084"}}]},{"name":"(2005 SW4)","estimated_diameter":{"meters":{"estimated_diameter_min":253.8370293645,"estimated_diameter_max":567.5968528656}},"is_potentially_hazardous_asteroid":false,"close_approach_data":[{"close_approach_date":"2085-12-10","relative_velocity":{"kilometers_per_second":"3.1954750288"},"miss_distance":{"kilometers":"50082852"}}]},{"name":"(2016 WU7)","estimated_diameter":{"meters":{"estimated_diameter_min":24.2412481101,"estimated_diameter_max":54.2050786336}},"is_potentially_hazardous_asteroid":false,"close_approach_data":[{"close_approach_date":"2085-12-10","relative_velocity":{"kilometers_per_second":"12.3703611324"},"miss_distance":{"kilometers":"39197908"}}]},{"name":"(2017 XG2)","estimated_diameter":{"meters":{"estimated_diameter_min":101.054341542,"estimated_diameter_max":225.9643771094}},"is_potentially_hazardous_asteroid":false,"close_approach_data":[{"close_approach_date":"2085-12-10","relative_velocity":{"kilometers_per_second":"21.8330900799"},"miss_distance":{"kilometers":"68306280"}}]}]