[{"name":"138971 (2001 CB21)","estimated_diameter":{"meters":{"estimated_diameter_min":555.334911581,"estimated_diameter_max":1241.766612574}},"is_potentially_hazardous_asteroid":true,"close_approach_data":[{"close_approach_date":"2085-04-19","relative_velocity":{"kilometers_per_second":"8.3524277624"},"miss_distance":{"kilometers":"38925764"}}]},{"name":"434326 (2004 JG6)","estimated_diameter":{"meters":{"estimated_diameter_min":555.334911581,"estimated_diameter_max":1241.766612574}},"is_potentially_hazardous_asteroid":true,"close_approach_data":[{"close_approach_date":"2085-04-19","relative_velocity":{"kilometers_per_second":"12.3871979053"},"miss_distance":{"kilometers":"13283369"}}]},{"name":"(2008 GL20)","estimated_diameter":{"meters":{"estimated_diameter_min":12.7219878539,"estimated_diameter_max":28.4472296503}},"is_potentially_hazardous_asteroid":false,"close_approach_data":[{"close_approach_date":"2085-04-19","relative_velocity":{"kilometers_per_second":"4.8279169894"},"miss_distance":{"kilometers":"10019939"}}]},{"name":"(2015 BE513)","estimated_diameter":{"meters":{"estimated_diameter_min":101.054341542,"estimated_diameter_max":225.9643771094}},"is_potentially_hazardous_asteroid":false,"close_approach_data":[{"close_approach_date":"2085-04-19","relative_velocity":{"kilometers_per_second":"26.5072369574"},"miss_distance":{"kilometers":"72480136"}}]},{"name":"(2016 EC157)","estimated_diameter":{"meters":{"estimated_diameter_min":53.0340723319,"estimated_diameter_max":118.5877908577}},"is_potentially_hazardous_asteroid":false,"close_approach_data":[{"close_approach_date":"2085-04-19","relative_velocity":{"kilometers_per_second":"8.7040110259"},"miss_distance":{"kilometers":"13673157"}}]}]