[{"name":"162679 (2000 TK1)","estimated_diameter":{"meters":{"estimated_diameter_min":766.5755735311,"estimated_diameter_max":1714.1150923063}},"is_potentially_hazardous_asteroid":false,"close_approach_data":[{"close_approach_date":"2085-05-28","relative_velocity":{"kilometers_per_second":"23.1947681719"},"miss_distance":{"kilometers":"72716240"}}]},{"name":"(2015 OQ21)","estimated_diameter":{"meters":{"estimated_diameter_min":6.9912523225,"estimated_diameter_max":15.6329154409}},"is_potentially_hazardous_asteroid":false,"close_approach_data":[{"close_approach_date":"2085-05-28","relative_velocity":{"kilometers_per_second":"14.9906997033"},"miss_distance":{"kilometers":"34411196"}}]},{"name":"(2016 AU192)","estimated_diameter":{"meters":{"estimated_diameter_min":110.8038821264,"estimated_diameter_max":247.7650126055}},"is_potentially_hazardous_asteroid":false,"close_approach_data":[{"close_approach_date":"2085-05-28","relative_velocity":{"kilometers_per_second":"18.4203445729"},"miss_distance":{"kilometers":"54671872"}}]},{"name":"(2016 LJ8)","estimated_diameter":{"meters":{"estimated_diameter_min":24.2412481101,"estimated_diameter_max":54.2050786336}},"is_potentially_hazardous_asteroid":false,"close_approach_data":[{"close_approach_date":"2085-05-28","relative_velocity":{"kilometers_per_second":"15.925858183"},"miss_distance":{"kilometers":"39404604"}}]}]