[{"name":"292220 (2006 SU49)","estimated_diameter":{"meters":{"estimated_diameter_min":334.6223744549,"estimated_diameter_max":748.2383760735}},"is_potentially_hazardous_asteroid":true,"close_approach_data":[{"close_approach_date":"2085-05-24","relative_velocity":{"kilometers_per_second":"6.1774810758"},"miss_distance":{"kilometers":"73410168"}}]},{"name":"(2010 WG3)","estimated_diameter":{"meters":{"estimated_diameter_min":73.2073989347,"estimated_diameter_max":163.696720474}},"is_potentially_hazardous_asteroid":false,"close_approach_data":[{"close_approach_date":"2085-05-24","relative_velocity":{"kilometers_per_second":"8.6072552552"},"miss_distance":{"kilometers":"18121242"}}]}]