[{"name":"215442 (2002 MQ3)","estimated_diameter":{"meters":{"estimated_diameter_min":530.3407233187,"estimated_diameter_max":1185.8779085771}},"is_potentially_hazardous_asteroid":false,"close_approach_data":[{"close_approach_date":"2085-12-08","relative_velocity":{"kilometers_per_second":"24.3529848303"},"miss_distance":{"kilometers":"64341012"}}]},{"name":"(2004 XG)","estimated_diameter":{"meters":{"estimated_diameter_min":40.2304579834,"estimated_diameter_max":89.9580388169}},"is_potentially_hazardous_asteroid":false,"close_approach_data":[{"close_approach_date":"2085-12-08","relative_velocity":{"kilometers_per_second":"22.2516954091"},"miss_distance":{"kilometers":"66035216"}}]},{"name":"(2012 PW)","estimated_diameter":{"meters":{"estimated_diameter_min":461.9074602816,"estimated_diameter_max":1032.8564805039}},"is_potentially_hazardous_asteroid":false,"close_approach_data":[{"close_approach_date":"2085-12-08","relative_velocity":{"kilometers_per_second":"23.5405969549"},"miss_distance":{"kilometers":"67788232"}}]},{"name":"(2015 XD169)","estimated_diameter":{"meters":{"estimated_diameter_min":11.0803882126,"estimated_diameter_max":24.7765012606}},"is_potentially_hazardous_asteroid":false,"close_approach_data":[{"close_approach_date":"2085-12-08","relative_velocity":{"kilometers_per_second":"4.4573590952"},"miss_distance":{"kilometers":"5292338.5"}}]},{"name":"(2016 YA1)","estimated_diameter":{"meters":{"estimated_diameter_min":48.3676488219,"estimated_diameter_max":108.1533506775}},"is_potentially_hazardous_asteroid":false,"close_approach_data":[{"close_approach_date":"2085-12-08","relative_velocity":{"kilometers_per_second":"8.8080420265"},"miss_distance":{"kilometers":"36452080"}}]},{"name":"(2017 YJ7)","estimated_diameter":{"meters":{"estimated_diameter_min":15.0160247905,"estimated_diameter_max":33.5768521834}},"is_potentially_hazardous_asteroid":false,"close_approach_data":[{"close_approach_date":"2085-12-08","relative_velocity":{"kilometers_per_second":"13.7168539885"},"miss_distance":{"kilometers":"33630972"}}]}]