[{"name":"(2008 QU3)","estimated_diameter":{"meters":{"estimated_diameter_min":211.1324447897,"estimated_diameter_max":472.1064988055}},"is_potentially_hazardous_asteroid":false,"close_approach_data":[{"close_approach_date":"2085-12-22","relative_velocity":{"kilometers_per_second":"9.6904286398"},"miss_distance":{"kilometers":"28990840"}}]},{"name":"(2011 WH15)","estimated_diameter":{"meters":{"estimated_diameter_min":253.8370293645,"estimated_diameter_max":567.5968528656}},"is_potentially_hazardous_asteroid":false,"close_approach_data":[{"close_approach_date":"2085-12-22","relative_velocity":{"kilometers_per_second":"23.2749625469"},"miss_distance":{"kilometers":"52086060"}}]}]