[{"name":"7822 (1991 CS)","estimated_diameter":{"meters":{"estimated_diameter_min":880.1465209007,"estimated_diameter_max":1968.067450894}},"is_potentially_hazardous_asteroid":true,"close_approach_data":[{"close_approach_date":"2085-02-23","relative_velocity":{"kilometers_per_second":"20.4269528205"},"miss_distance":{"kilometers":"35983532"}}]},{"name":"85770 (1998 UP1)","estimated_diameter":{"meters":{"estimated_diameter_min":211.1324447897,"estimated_diameter_max":472.1064988055}},"is_potentially_hazardous_asteroid":false,"close_approach_data":[{"close_approach_date":"2085-02-23","relative_velocity":{"kilometers_per_second":"28.4694936686"},"miss_distance":{"kilometers":"70308248"}}]},{"name":"307918 (2004 EU9)","estimated_diameter":{"meters":{"estimated_diameter_min":441.1181999969,"estimated_diameter_max":986.3702813054}},"is_potentially_hazardous_asteroid":false,"close_approach_data":[{"close_approach_date":"2085-02-23","relative_velocity":{"kilometers_per_second":"16.4632040994"},"miss_distance":{"kilometers":"35964676"}}]},{"name":"364136 (2006 CJ)","estimated_diameter":{"meters":{"estimated_diameter_min":242.4124811008,"estimated_diameter_max":542.0507863358}},"is_potentially_hazardous_asteroid":true,"close_approach_data":[{"close_approach_date":"2085-02-23","relative_velocity":{"kilometers_per_second":"16.9054685167"},"miss_distance":{"kilometers":"33066366"}}]},{"name":"(2015 KQ18)","estimated_diameter":{"meters":{"estimated_diameter_min":22.1082810359,"estimated_diameter_max":49.435619262}},"is_potentially_hazardous_asteroid":false,"close_approach_data":[{"close_approach_date":"2085-02-23","relative_velocity":{"kilometers_per_second":"10.3025851055"},"miss_distance":{"kilometers":"17597192"}}]}]