[{"name":"333578 (2006 KM103)","estimated_diameter":{"meters":{"estimated_diameter_min":242.4124811008,"estimated_diameter_max":542.0507863358}},"is_potentially_hazardous_asteroid":true,"close_approach_data":[{"close_approach_date":"2085-10-30","relative_velocity":{"kilometers_per_second":"11.3568468284"},"miss_distance":{"kilometers":"32186214"}}]},{"name":"442742 (2012 WP3)","estimated_diameter":{"meters":{"estimated_diameter_min":802.7031672829,"estimated_diameter_max":1794.8988477988}},"is_potentially_hazardous_asteroid":false,"close_approach_data":[{"close_approach_date":"2085-10-30","relative_velocity":{"kilometers_per_second":"11.6132625122"},"miss_distance":{"kilometers":"59067288"}}]}]