[{"name":"(2008 QV11)","estimated_diameter":{"meters":{"estimated_diameter_min":167.7084621628,"estimated_diameter_max":375.0075217981}},"is_potentially_hazardous_asteroid":false,"close_approach_data":[{"close_approach_date":"2085-09-04","relative_velocity":{"kilometers_per_second":"9.7534495629"},"miss_distance":{"kilometers":"30097484"}}]},{"name":"(2009 JK1)","estimated_diameter":{"meters":{"estimated_diameter_min":278.3267680719,"estimated_diameter_max":622.3575733667}},"is_potentially_hazardous_asteroid":false,"close_approach_data":[{"close_approach_date":"2085-09-04","relative_velocity":{"kilometers_per_second":"14.9785688155"},"miss_distance":{"kilometers":"60981956"}}]},{"name":"(2014 FS52)","estimated_diameter":{"meters":{"estimated_diameter_min":33.4622374455,"estimated_diameter_max":74.8238376074}},"is_potentially_hazardous_asteroid":false,"close_approach_data":[{"close_approach_date":"2085-09-04","relative_velocity":{"kilometers_per_second":"23.0953581673"},"miss_distance":{"kilometers":"45861308"}}]},{"name":"(2016 SH2)","estimated_diameter":{"meters":{"estimated_diameter_min":9.6506146958,"estimated_diameter_max":21.5794304844}},"is_potentially_hazardous_asteroid":false,"close_approach_data":[{"close_approach_date":"2085-09-04","relative_velocity":{"kilometers_per_second":"7.0837023569"},"miss_distance":{"kilometers":"8920184"}}]},{"name":"(2016 TR54)","estimated_diameter":{"meters":{"estimated_diameter_min":110.8038821264,"estimated_diameter_max":247.7650126055}},"is_potentially_hazardous_asteroid":true,"close_approach_data":[{"close_approach_date":"2085-09-04","relative_velocity":{"kilometers_per_second":"23.5118035897"},"miss_distance":{"kilometers":"48438744"}}]}]