[{"name":"(2003 GH21)","estimated_diameter":{"meters":{"estimated_diameter_min":139.4938229344,"estimated_diameter_max":311.9176705226}},"is_potentially_hazardous_asteroid":false,"close_approach_data":[{"close_approach_date":"2085-12-15","relative_velocity":{"kilometers_per_second":"6.4476220067"},"miss_distance":{"kilometers":"67589784"}}]},{"name":"(2014 YQ15)","estimated_diameter":{"meters":{"estimated_diameter_min":152.9519353442,"estimated_diameter_max":342.0109247198}},"is_potentially_hazardous_asteroid":true,"close_approach_data":[{"close_approach_date":"2085-12-15","relative_velocity":{"kilometers_per_second":"6.9426220893"},"miss_distance":{"kilometers":"16761269"}}]},{"name":"487577 (2014 YQ15)","estimated_diameter":{"meters":{"estimated_diameter_min":152.9519353442,"estimated_diameter_max":342.0109247198}},"is_potentially_hazardous_asteroid":true,"close_approach_data":[{"close_approach_date":"2085-12-15","relative_velocity":{"kilometers_per_second":"6.935787488"},"miss_distance":{"kilometers":"16834178"}}]},{"name":"(2017 MC3)","estimated_diameter":{"meters":{"estimated_diameter_min":42.4380066585,"estimated_diameter_max":94.894267718}},"is_potentially_hazardous_asteroid":false,"close_approach_data":[{"close_approach_date":"2085-12-15","relative_velocity":{"kilometers_per_second":"23.4536208159"},"miss_distance":{"kilometers":"50338004"}}]}]