[{"name":"422686 (2000 AC6)","estimated_diameter":{"meters":{"estimated_diameter_min":133.2155666981,"estimated_diameter_max":297.8790627982}},"is_potentially_hazardous_asteroid":true,"close_approach_data":[{"close_approach_date":"2085-08-17","relative_velocity":{"kilometers_per_second":"12.3742332851"},"miss_distance":{"kilometers":"56970464"}}]},{"name":"(2017 MZ2)","estimated_diameter":{"meters":{"estimated_diameter_min":19.6949542634,"estimated_diameter_max":44.0392565468}},"is_potentially_hazardous_asteroid":false,"close_approach_data":[{"close_approach_date":"2085-08-17","relative_velocity":{"kilometers_per_second":"7.0479544676"},"miss_distance":{"kilometers":"37475616"}}]}]