[{"name":"267720 (2003 CA)","estimated_diameter":{"meters":{"estimated_diameter_min":441.1181999969,"estimated_diameter_max":986.3702813054}},"is_potentially_hazardous_asteroid":true,"close_approach_data":[{"close_approach_date":"2085-05-27","relative_velocity":{"kilometers_per_second":"28.2190680673"},"miss_distance":{"kilometers":"48289420"}}]},{"name":"(2003 KO2)","estimated_diameter":{"meters":{"estimated_diameter_min":242.4124811008,"estimated_diameter_max":542.0507863358}},"is_potentially_hazardous_asteroid":true,"close_approach_data":[{"close_approach_date":"2085-05-27","relative_velocity":{"kilometers_per_second":"15.0831550351"},"miss_distance":{"kilometers":"43407316"}}]},{"name":"(2003 YL118)","estimated_diameter":{"meters":{"estimated_diameter_min":127.2198785394,"estimated_diameter_max":284.4722965033}},"is_potentially_hazardous_asteroid":true,"close_approach_data":[{"close_approach_date":"2085-05-27","relative_velocity":{"kilometers_per_second":"12.3207791233"},"miss_distance":{"kilometers":"22008378"}}]},{"name":"(2015 TF)","estimated_diameter":{"meters":{"estimated_diameter_min":96.5061469579,"estimated_diameter_max":215.7943048444}},"is_potentially_hazardous_asteroid":false,"close_approach_data":[{"close_approach_date":"2085-05-27","relative_velocity":{"kilometers_per_second":"13.8791465744"},"miss_distance":{"kilometers":"25461196"}}]},{"name":"467351 (2003 KO2)","estimated_diameter":{"meters":{"estimated_diameter_min":211.1324447897,"estimated_diameter_max":472.1064988055}},"is_potentially_hazardous_asteroid":true,"close_approach_data":[{"close_approach_date":"2085-05-27","relative_velocity":{"kilometers_per_second":"15.0828233792"},"miss_distance":{"kilometers":"43405688"}}]},{"name":"(2017 KR27)","estimated_diameter":{"meters":{"estimated_diameter_min":53.9951779259,"estimated_diameter_max":120.7368882995}},"is_potentially_hazardous_asteroid":false,"close_approach_data":[{"close_approach_date":"2085-05-27","relative_velocity":{"kilometers_per_second":"15.4242059701"},"miss_distance":{"kilometers":"12635018"}}]}]