[{"name":"(2003 QW30)","estimated_diameter":{"meters":{"estimated_diameter_min":201.6299194428,"estimated_diameter_max":450.8582061718}},"is_potentially_hazardous_asteroid":false,"close_approach_data":[{"close_approach_date":"2085-07-04","relative_velocity":{"kilometers_per_second":"9.0041198911"},"miss_distance":{"kilometers":"65089800"}}]},{"name":"(2008 XM1)","estimated_diameter":{"meters":{"estimated_diameter_min":105.8168859331,"estimated_diameter_max":236.6137501138}},"is_potentially_hazardous_asteroid":false,"close_approach_data":[{"close_approach_date":"2085-07-04","relative_velocity":{"kilometers_per_second":"29.2410909315"},"miss_distance":{"kilometers":"25193180"}}]},{"name":"497025 (2003 QW30)","estimated_diameter":{"meters":{"estimated_diameter_min":201.6299194428,"estimated_diameter_max":450.8582061718}},"is_potentially_hazardous_asteroid":false,"close_approach_data":[{"close_approach_date":"2085-07-04","relative_velocity":{"kilometers_per_second":"9.0041199446"},"miss_distance":{"kilometers":"65089800"}}]}]