[{"name":"459046 (2012 AS10)","estimated_diameter":{"meters":{"estimated_diameter_min":1010.5434154201,"estimated_diameter_max":2259.643771094}},"is_potentially_hazardous_asteroid":false,"close_approach_data":[{"close_approach_date":"2085-06-09","relative_velocity":{"kilometers_per_second":"12.7935599176"},"miss_distance":{"kilometers":"31635122"}}]},{"name":"(2004 KH15)","estimated_diameter":{"meters":{"estimated_diameter_min":305.1792325939,"estimated_diameter_max":682.4015094011}},"is_potentially_hazardous_asteroid":false,"close_approach_data":[{"close_approach_date":"2085-06-09","relative_velocity":{"kilometers_per_second":"16.953986371"},"miss_distance":{"kilometers":"19483790"}}]}]