[{"name":"199003 (2005 WJ56)","estimated_diameter":{"meters":{"estimated_diameter_min":637.6097898754,"estimated_diameter_max":1425.7388332807}},"is_potentially_hazardous_asteroid":true,"close_approach_data":[{"close_approach_date":"2085-12-31","relative_velocity":{"kilometers_per_second":"20.106070274"},"miss_distance":{"kilometers":"59635408"}}]},{"name":"451370 (2011 AK5)","estimated_diameter":{"meters":{"estimated_diameter_min":133.2155666981,"estimated_diameter_max":297.8790627982}},"is_potentially_hazardous_asteroid":true,"close_approach_data":[{"close_approach_date":"2085-12-31","relative_velocity":{"kilometers_per_second":"8.8745295821"},"miss_distance":{"kilometers":"72061248"}}]},{"name":"(2010 KV39)","estimated_diameter":{"meters":{"estimated_diameter_min":11.6025908209,"estimated_diameter_max":25.9441817907}},"is_potentially_hazardous_asteroid":false,"close_approach_data":[{"close_approach_date":"2085-12-31","relative_velocity":{"kilometers_per_second":"12.722807821"},"miss_distance":{"kilometers":"24611954"}}]},{"name":"(2012 XD112)","estimated_diameter":{"meters":{"estimated_diameter_min":160.1603379786,"estimated_diameter_max":358.1294030194}},"is_potentially_hazardous_asteroid":true,"close_approach_data":[{"close_approach_date":"2085-12-31","relative_velocity":{"kilometers_per_second":"14.6635048852"},"miss_distance":{"kilometers":"25282228"}}]},{"name":"468005 (2012 XD112)","estimated_diameter":{"meters":{"estimated_diameter_min":152.9519353442,"estimated_diameter_max":342.0109247198}},"is_potentially_hazardous_asteroid":true,"close_approach_data":[{"close_approach_date":"2085-12-31","relative_velocity":{"kilometers_per_second":"14.6635246449"},"miss_distance":{"kilometers":"25282322"}}]}]