[{"name":"(2008 GL20)","estimated_diameter":{"meters":{"estimated_diameter_min":12.7219878539,"estimated_diameter_max":28.4472296503}},"is_potentially_hazardous_asteroid":false,"close_approach_data":[{"close_approach_date":"2085-08-31","relative_velocity":{"kilometers_per_second":"5.5819522404"},"miss_distance":{"kilometers":"29890740"}}]},{"name":"(2008 XB1)","estimated_diameter":{"meters":{"estimated_diameter_min":175.6123184804,"estimated_diameter_max":392.6810818086}},"is_potentially_hazardous_asteroid":true,"close_approach_data":[{"close_approach_date":"2085-08-31","relative_velocity":{"kilometers_per_second":"8.5679596739"},"miss_distance":{"kilometers":"38114220"}}]},{"name":"(2017 EE23)","estimated_diameter":{"meters":{"estimated_diameter_min":122.4489249646,"estimated_diameter_max":273.8041199927}},"is_potentially_hazardous_asteroid":false,"close_approach_data":[{"close_approach_date":"2085-08-31","relative_velocity":{"kilometers_per_second":"15.3931545314"},"miss_distance":{"kilometers":"58437248"}}]}]