[{"name":"(2000 CE59)","estimated_diameter":{"meters":{"estimated_diameter_min":221.0828103591,"estimated_diameter_max":494.3561926196}},"is_potentially_hazardous_asteroid":true,"close_approach_data":[{"close_approach_date":"2085-03-21","relative_velocity":{"kilometers_per_second":"7.9043440996"},"miss_distance":{"kilometers":"27532898"}}]},{"name":"(2012 TP139)","estimated_diameter":{"meters":{"estimated_diameter_min":231.5021222103,"estimated_diameter_max":517.6544821978}},"is_potentially_hazardous_asteroid":true,"close_approach_data":[{"close_approach_date":"2085-03-21","relative_velocity":{"kilometers_per_second":"25.6697712421"},"miss_distance":{"kilometers":"64158280"}}]},{"name":"(2013 TR5)","estimated_diameter":{"meters":{"estimated_diameter_min":402.3045798343,"estimated_diameter_max":899.5803881691}},"is_potentially_hazardous_asteroid":false,"close_approach_data":[{"close_approach_date":"2085-03-21","relative_velocity":{"kilometers_per_second":"25.4325820574"},"miss_distance":{"kilometers":"64180864"}}]},{"name":"483422 (2000 CE59)","estimated_diameter":{"meters":{"estimated_diameter_min":211.1324447897,"estimated_diameter_max":472.1064988055}},"is_potentially_hazardous_asteroid":true,"close_approach_data":[{"close_approach_date":"2085-03-21","relative_velocity":{"kilometers_per_second":"7.9043416693"},"miss_distance":{"kilometers":"27532894"}}]}]