[{"name":"(2002 AY1)","estimated_diameter":{"meters":{"estimated_diameter_min":183.8886720703,"estimated_diameter_max":411.1875710413}},"is_potentially_hazardous_asteroid":true,"close_approach_data":[{"close_approach_date":"2085-12-27","relative_velocity":{"kilometers_per_second":"29.0319812077"},"miss_distance":{"kilometers":"62731088"}}]},{"name":"(2014 JN57)","estimated_diameter":{"meters":{"estimated_diameter_min":201.6299194428,"estimated_diameter_max":450.8582061718}},"is_potentially_hazardous_asteroid":false,"close_approach_data":[{"close_approach_date":"2085-12-27","relative_velocity":{"kilometers_per_second":"14.8894759919"},"miss_distance":{"kilometers":"67157352"}}]},{"name":"(2013 BR45)","estimated_diameter":{"meters":{"estimated_diameter_min":278.3267680719,"estimated_diameter_max":622.3575733667}},"is_potentially_hazardous_asteroid":false,"close_approach_data":[{"close_approach_date":"2085-12-27","relative_velocity":{"kilometers_per_second":"23.6656933524"},"miss_distance":{"kilometers":"16049931"}}]}]