[{"name":"263976 (2009 KD5)","estimated_diameter":{"meters":{"estimated_diameter_min":555.334911581,"estimated_diameter_max":1241.766612574}},"is_potentially_hazardous_asteroid":true,"close_approach_data":[{"close_approach_date":"2085-07-13","relative_velocity":{"kilometers_per_second":"8.0474592667"},"miss_distance":{"kilometers":"19706970"}}]},{"name":"303262 (2004 RJ84)","estimated_diameter":{"meters":{"estimated_diameter_min":506.4714588346,"estimated_diameter_max":1132.5046106177}},"is_potentially_hazardous_asteroid":false,"close_approach_data":[{"close_approach_date":"2085-07-13","relative_velocity":{"kilometers_per_second":"22.1321300951"},"miss_distance":{"kilometers":"73274480"}}]},{"name":"333478 (2004 SD20)","estimated_diameter":{"meters":{"estimated_diameter_min":608.9126221057,"estimated_diameter_max":1361.5700153859}},"is_potentially_hazardous_asteroid":false,"close_approach_data":[{"close_approach_date":"2085-07-13","relative_velocity":{"kilometers_per_second":"9.5864992384"},"miss_distance":{"kilometers":"72773032"}}]},{"name":"(2014 HS184)","estimated_diameter":{"meters":{"estimated_diameter_min":58.1507039646,"estimated_diameter_max":130.0289270043}},"is_potentially_hazardous_asteroid":false,"close_approach_data":[{"close_approach_date":"2085-07-13","relative_velocity":{"kilometers_per_second":"6.7267963735"},"miss_distance":{"kilometers":"3949394.75"}}]}]