[{"name":"285540 (2000 GU127)","estimated_diameter":{"meters":{"estimated_diameter_min":530.3407233187,"estimated_diameter_max":1185.8779085771}},"is_potentially_hazardous_asteroid":false,"close_approach_data":[{"close_approach_date":"2085-11-14","relative_velocity":{"kilometers_per_second":"29.6367546565"},"miss_distance":{"kilometers":"41539684"}}]},{"name":"(2005 GL)","estimated_diameter":{"meters":{"estimated_diameter_min":152.9519353442,"estimated_diameter_max":342.0109247198}},"is_potentially_hazardous_asteroid":true,"close_approach_data":[{"close_approach_date":"2085-11-14","relative_velocity":{"kilometers_per_second":"16.8892877141"},"miss_distance":{"kilometers":"24686450"}}]},{"name":"(2015 VH65)","estimated_diameter":{"meters":{"estimated_diameter_min":7.6657557353,"estimated_diameter_max":17.1411509231}},"is_potentially_hazardous_asteroid":false,"close_approach_data":[{"close_approach_date":"2085-11-14","relative_velocity":{"kilometers_per_second":"10.7212591712"},"miss_distance":{"kilometers":"18015334"}}]},{"name":"(2014 KC46)","estimated_diameter":{"meters":{"estimated_diameter_min":73.2073989347,"estimated_diameter_max":163.696720474}},"is_potentially_hazardous_asteroid":false,"close_approach_data":[{"close_approach_date":"2085-11-14","relative_velocity":{"kilometers_per_second":"21.209127442"},"miss_distance":{"kilometers":"10471339"}}]},{"name":"(2017 QX34)","estimated_diameter":{"meters":{"estimated_diameter_min":128.3379141778,"estimated_diameter_max":286.9723001921}},"is_potentially_hazardous_asteroid":false,"close_approach_data":[{"close_approach_date":"2085-11-14","relative_velocity":{"kilometers_per_second":"20.79901021"},"miss_distance":{"kilometers":"66413588"}}]}]