[{"name":"54401 (2000 LM)","estimated_diameter":{"meters":{"estimated_diameter_min":1010.5434154201,"estimated_diameter_max":2259.643771094}},"is_potentially_hazardous_asteroid":false,"close_approach_data":[{"close_approach_date":"2085-06-19","relative_velocity":{"kilometers_per_second":"9.4166954587"},"miss_distance":{"kilometers":"53175332"}}]},{"name":"(2005 ML13)","estimated_diameter":{"meters":{"estimated_diameter_min":88.0146520901,"estimated_diameter_max":196.8067450894}},"is_potentially_hazardous_asteroid":false,"close_approach_data":[{"close_approach_date":"2085-06-19","relative_velocity":{"kilometers_per_second":"17.7756065101"},"miss_distance":{"kilometers":"55557656"}}]},{"name":"(2011 CG2)","estimated_diameter":{"meters":{"estimated_diameter_min":139.4938229344,"estimated_diameter_max":311.9176705226}},"is_potentially_hazardous_asteroid":true,"close_approach_data":[{"close_approach_date":"2085-06-19","relative_velocity":{"kilometers_per_second":"5.0405698855"},"miss_distance":{"kilometers":"9089369"}}]},{"name":"(2012 OT5)","estimated_diameter":{"meters":{"estimated_diameter_min":116.0259082094,"estimated_diameter_max":259.4418179074}},"is_potentially_hazardous_asteroid":false,"close_approach_data":[{"close_approach_date":"2085-06-19","relative_velocity":{"kilometers_per_second":"3.1728954796"},"miss_distance":{"kilometers":"36168804"}}]},{"name":"(2014 EL)","estimated_diameter":{"meters":{"estimated_diameter_min":10.5816885933,"estimated_diameter_max":23.6613750114}},"is_potentially_hazardous_asteroid":false,"close_approach_data":[{"close_approach_date":"2085-06-19","relative_velocity":{"kilometers_per_second":"20.1313135125"},"miss_distance":{"kilometers":"48779048"}}]},{"name":"468813 (2012 OT5)","estimated_diameter":{"meters":{"estimated_diameter_min":116.0259082094,"estimated_diameter_max":259.4418179074}},"is_potentially_hazardous_asteroid":false,"close_approach_data":[{"close_approach_date":"2085-06-19","relative_velocity":{"kilometers_per_second":"3.172917692"},"miss_distance":{"kilometers":"36168328"}}]}]