[{"name":"137052 Tjelvar (1998 VO33)","estimated_diameter":{"meters":{"estimated_diameter_min":1058.1688593312,"estimated_diameter_max":2366.137501138}},"is_potentially_hazardous_asteroid":false,"close_approach_data":[{"close_approach_date":"2085-01-23","relative_velocity":{"kilometers_per_second":"41.1555729256"},"miss_distance":{"kilometers":"67003020"}}]},{"name":"162483 (2000 PJ5)","estimated_diameter":{"meters":{"estimated_diameter_min":840.5334020728,"estimated_diameter_max":1879.4898243938}},"is_potentially_hazardous_asteroid":false,"close_approach_data":[{"close_approach_date":"2085-01-23","relative_velocity":{"kilometers_per_second":"36.7159229732"},"miss_distance":{"kilometers":"65256616"}}]},{"name":"(2010 DM)","estimated_diameter":{"meters":{"estimated_diameter_min":421.2646105562,"estimated_diameter_max":941.9763057186}},"is_potentially_hazardous_asteroid":true,"close_approach_data":[{"close_approach_date":"2085-01-23","relative_velocity":{"kilometers_per_second":"32.5716145831"},"miss_distance":{"kilometers":"18734382"}}]},{"name":"(2010 VU198)","estimated_diameter":{"meters":{"estimated_diameter_min":506.4714588346,"estimated_diameter_max":1132.5046106177}},"is_potentially_hazardous_asteroid":false,"close_approach_data":[{"close_approach_date":"2085-01-23","relative_velocity":{"kilometers_per_second":"16.9859082846"},"miss_distance":{"kilometers":"48061756"}}]},{"name":"(2010 XX58)","estimated_diameter":{"meters":{"estimated_diameter_min":555.334911581,"estimated_diameter_max":1241.766612574}},"is_potentially_hazardous_asteroid":false,"close_approach_data":[{"close_approach_date":"2085-01-23","relative_velocity":{"kilometers_per_second":"22.7914348924"},"miss_distance":{"kilometers":"62609076"}}]},{"name":"(2012 BF86)","estimated_diameter":{"meters":{"estimated_diameter_min":80.2703167283,"estimated_diameter_max":179.4898847799}},"is_potentially_hazardous_asteroid":false,"close_approach_data":[{"close_approach_date":"2085-01-23","relative_velocity":{"kilometers_per_second":"9.1615020803"},"miss_distance":{"kilometers":"14193134"}}]},{"name":"(2015 AR45)","estimated_diameter":{"meters":{"estimated_diameter_min":291.4439045349,"estimated_diameter_max":651.6883821679}},"is_potentially_hazardous_asteroid":true,"close_approach_data":[{"close_approach_date":"2085-01-23","relative_velocity":{"kilometers_per_second":"33.997391883"},"miss_distance":{"kilometers":"50287988"}}]}]