[{"name":"162173 Ryugu (1999 JU3)","estimated_diameter":{"meters":{"estimated_diameter_min":366.9061375314,"estimated_diameter_max":820.4270648822}},"is_potentially_hazardous_asteroid":true,"close_approach_data":[{"close_approach_date":"2085-06-05","relative_velocity":{"kilometers_per_second":"7.0812917373"},"miss_distance":{"kilometers":"59283436"}}]},{"name":"(2005 UJ159)","estimated_diameter":{"meters":{"estimated_diameter_min":802.7031672829,"estimated_diameter_max":1794.8988477988}},"is_potentially_hazardous_asteroid":true,"close_approach_data":[{"close_approach_date":"2085-06-05","relative_velocity":{"kilometers_per_second":"27.8480847134"},"miss_distance":{"kilometers":"18567850"}}]},{"name":"(2012 KL18)","estimated_diameter":{"meters":{"estimated_diameter_min":461.9074602816,"estimated_diameter_max":1032.8564805039}},"is_potentially_hazardous_asteroid":false,"close_approach_data":[{"close_approach_date":"2085-06-05","relative_velocity":{"kilometers_per_second":"9.1644883533"},"miss_distance":{"kilometers":"61966756"}}]},{"name":"504034 (2005 UJ159)","estimated_diameter":{"meters":{"estimated_diameter_min":802.7031672829,"estimated_diameter_max":1794.8988477988}},"is_potentially_hazardous_asteroid":true,"close_approach_data":[{"close_approach_date":"2085-06-05","relative_velocity":{"kilometers_per_second":"27.8481182217"},"miss_distance":{"kilometers":"18567626"}}]},{"name":"(2003 YP3)","estimated_diameter":{"meters":{"estimated_diameter_min":242.4124811008,"estimated_diameter_max":542.0507863358}},"is_potentially_hazardous_asteroid":false,"close_approach_data":[{"close_approach_date":"2085-06-05","relative_velocity":{"kilometers_per_second":"21.5855884418"},"miss_distance":{"kilometers":"27776524"}}]}]