[{"name":"162015 (1994 TF2)","estimated_diameter":{"meters":{"estimated_diameter_min":384.1978910643,"estimated_diameter_max":859.0926012318}},"is_potentially_hazardous_asteroid":false,"close_approach_data":[{"close_approach_date":"2085-03-22","relative_velocity":{"kilometers_per_second":"17.3053004593"},"miss_distance":{"kilometers":"42030100"}}]},{"name":"310442 (2000 CH59)","estimated_diameter":{"meters":{"estimated_diameter_min":278.3267680719,"estimated_diameter_max":622.3575733667}},"is_potentially_hazardous_asteroid":true,"close_approach_data":[{"close_approach_date":"2085-03-22","relative_velocity":{"kilometers_per_second":"22.2557087599"},"miss_distance":{"kilometers":"46406532"}}]},{"name":"(2007 TE66)","estimated_diameter":{"meters":{"estimated_diameter_min":133.2155666981,"estimated_diameter_max":297.8790627982}},"is_potentially_hazardous_asteroid":false,"close_approach_data":[{"close_approach_date":"2085-03-22","relative_velocity":{"kilometers_per_second":"8.1551368109"},"miss_distance":{"kilometers":"23839826"}}]},{"name":"(2013 ET9)","estimated_diameter":{"meters":{"estimated_diameter_min":160.1603379786,"estimated_diameter_max":358.1294030194}},"is_potentially_hazardous_asteroid":false,"close_approach_data":[{"close_approach_date":"2085-03-22","relative_velocity":{"kilometers_per_second":"6.5739788002"},"miss_distance":{"kilometers":"42820096"}}]},{"name":"(2014 WP201)","estimated_diameter":{"meters":{"estimated_diameter_min":221.0828103591,"estimated_diameter_max":494.3561926196}},"is_potentially_hazardous_asteroid":false,"close_approach_data":[{"close_approach_date":"2085-03-22","relative_velocity":{"kilometers_per_second":"16.982207161"},"miss_distance":{"kilometers":"54521324"}}]},{"name":"482718 (2013 ET9)","estimated_diameter":{"meters":{"estimated_diameter_min":160.1603379786,"estimated_diameter_max":358.1294030194}},"is_potentially_hazardous_asteroid":false,"close_approach_data":[{"close_approach_date":"2085-03-22","relative_velocity":{"kilometers_per_second":"6.5739809697"},"miss_distance":{"kilometers":"42820188"}}]}]