[{"name":"(2015 RG36)","estimated_diameter":{"meters":{"estimated_diameter_min":231.5021222103,"estimated_diameter_max":517.6544821978}},"is_potentially_hazardous_asteroid":false,"close_approach_data":[{"close_approach_date":"2085-10-31","relative_velocity":{"kilometers_per_second":"13.616334191"},"miss_distance":{"kilometers":"66768492"}}]},{"name":"(2015 XX128)","estimated_diameter":{"meters":{"estimated_diameter_min":16.7708462163,"estimated_diameter_max":37.5007521798}},"is_potentially_hazardous_asteroid":false,"close_approach_data":[{"close_approach_date":"2085-10-31","relative_velocity":{"kilometers_per_second":"10.6680656847"},"miss_distance":{"kilometers":"34275924"}}]}]