[{"name":"(2016 SU2)","estimated_diameter":{"meters":{"estimated_diameter_min":8.0270316728,"estimated_diameter_max":17.948988478}},"is_potentially_hazardous_asteroid":false,"close_approach_data":[{"close_approach_date":"2085-12-29","relative_velocity":{"kilometers_per_second":"22.0435442277"},"miss_distance":{"kilometers":"46228124"}}]},{"name":"(2012 AF3)","estimated_diameter":{"meters":{"estimated_diameter_min":31.9561886721,"estimated_diameter_max":71.4562101727}},"is_potentially_hazardous_asteroid":false,"close_approach_data":[{"close_approach_date":"2085-12-29","relative_velocity":{"kilometers_per_second":"7.2969052297"},"miss_distance":{"kilometers":"15355103"}}]}]