[{"name":"455956 (2005 VE)","estimated_diameter":{"meters":{"estimated_diameter_min":183.8886720703,"estimated_diameter_max":411.1875710413}},"is_potentially_hazardous_asteroid":false,"close_approach_data":[{"close_approach_date":"2085-10-11","relative_velocity":{"kilometers_per_second":"14.6547294804"},"miss_distance":{"kilometers":"38818492"}}]},{"name":"(2006 UL185)","estimated_diameter":{"meters":{"estimated_diameter_min":152.9519353442,"estimated_diameter_max":342.0109247198}},"is_potentially_hazardous_asteroid":false,"close_approach_data":[{"close_approach_date":"2085-10-11","relative_velocity":{"kilometers_per_second":"21.0039887176"},"miss_distance":{"kilometers":"45073308"}}]},{"name":"(2015 JC2)","estimated_diameter":{"meters":{"estimated_diameter_min":167.7084621628,"estimated_diameter_max":375.0075217981}},"is_potentially_hazardous_asteroid":false,"close_approach_data":[{"close_approach_date":"2085-10-11","relative_velocity":{"kilometers_per_second":"19.0521323128"},"miss_distance":{"kilometers":"32712358"}}]}]