[{"name":"187026 (2005 EK70)","estimated_diameter":{"meters":{"estimated_diameter_min":921.6265485028,"estimated_diameter_max":2060.8196123208}},"is_potentially_hazardous_asteroid":false,"close_approach_data":[{"close_approach_date":"2085-09-17","relative_velocity":{"kilometers_per_second":"18.7787469968"},"miss_distance":{"kilometers":"44125256"}}]},{"name":"252558 (2001 WT1)","estimated_diameter":{"meters":{"estimated_diameter_min":242.4124811008,"estimated_diameter_max":542.0507863358}},"is_potentially_hazardous_asteroid":false,"close_approach_data":[{"close_approach_date":"2085-09-17","relative_velocity":{"kilometers_per_second":"10.3938614217"},"miss_distance":{"kilometers":"21460914"}}]},{"name":"(1998 VF32)","estimated_diameter":{"meters":{"estimated_diameter_min":160.1603379786,"estimated_diameter_max":358.1294030194}},"is_potentially_hazardous_asteroid":true,"close_approach_data":[{"close_approach_date":"2085-09-17","relative_velocity":{"kilometers_per_second":"12.0277015816"},"miss_distance":{"kilometers":"62493092"}}]},{"name":"(2007 TE66)","estimated_diameter":{"meters":{"estimated_diameter_min":133.2155666981,"estimated_diameter_max":297.8790627982}},"is_potentially_hazardous_asteroid":false,"close_approach_data":[{"close_approach_date":"2085-09-17","relative_velocity":{"kilometers_per_second":"7.4928132888"},"miss_distance":{"kilometers":"39469824"}}]},{"name":"(2009 TQ)","estimated_diameter":{"meters":{"estimated_diameter_min":17.561231848,"estimated_diameter_max":39.2681081809}},"is_potentially_hazardous_asteroid":false,"close_approach_data":[{"close_approach_date":"2085-09-17","relative_velocity":{"kilometers_per_second":"18.1798828449"},"miss_distance":{"kilometers":"63086568"}}]},{"name":"480820 (1998 VF32)","estimated_diameter":{"meters":{"estimated_diameter_min":160.1603379786,"estimated_diameter_max":358.1294030194}},"is_potentially_hazardous_asteroid":true,"close_approach_data":[{"close_approach_date":"2085-09-17","relative_velocity":{"kilometers_per_second":"12.0277025506"},"miss_distance":{"kilometers":"62493092"}}]},{"name":"(2017 RH16)","estimated_diameter":{"meters":{"estimated_diameter_min":20.0888454036,"estimated_diameter_max":44.920023912}},"is_potentially_hazardous_asteroid":false,"close_approach_data":[{"close_approach_date":"2085-09-17","relative_velocity":{"kilometers_per_second":"28.4035841973"},"miss_distance":{"kilometers":"73311528"}}]}]