[{"name":"394392 (2007 EP88)","estimated_diameter":{"meters":{"estimated_diameter_min":530.3407233187,"estimated_diameter_max":1185.8779085771}},"is_potentially_hazardous_asteroid":false,"close_approach_data":[{"close_approach_date":"2085-03-15","relative_velocity":{"kilometers_per_second":"33.4990616428"},"miss_distance":{"kilometers":"26515026"}}]},{"name":"404108 (2012 SF51)","estimated_diameter":{"meters":{"estimated_diameter_min":2315.0212221033,"estimated_diameter_max":5176.5448219775}},"is_potentially_hazardous_asteroid":false,"close_approach_data":[{"close_approach_date":"2085-03-15","relative_velocity":{"kilometers_per_second":"18.0696759802"},"miss_distance":{"kilometers":"28865318"}}]},{"name":"(2010 RF12)","estimated_diameter":{"meters":{"estimated_diameter_min":6.3760978988,"estimated_diameter_max":14.2573883328}},"is_potentially_hazardous_asteroid":false,"close_approach_data":[{"close_approach_date":"2085-03-15","relative_velocity":{"kilometers_per_second":"19.4646273488"},"miss_distance":{"kilometers":"71511264"}}]},{"name":"(2011 EB12)","estimated_diameter":{"meters":{"estimated_diameter_min":146.0679642714,"estimated_diameter_max":326.6178974458}},"is_potentially_hazardous_asteroid":false,"close_approach_data":[{"close_approach_date":"2085-03-15","relative_velocity":{"kilometers_per_second":"15.8516203164"},"miss_distance":{"kilometers":"37061348"}}]},{"name":"(2011 EP51)","estimated_diameter":{"meters":{"estimated_diameter_min":25.3837029364,"estimated_diameter_max":56.7596852866}},"is_potentially_hazardous_asteroid":false,"close_approach_data":[{"close_approach_date":"2085-03-15","relative_velocity":{"kilometers_per_second":"23.7680986529"},"miss_distance":{"kilometers":"73290968"}}]},{"name":"(2017 EV2)","estimated_diameter":{"meters":{"estimated_diameter_min":192.5550781879,"estimated_diameter_max":430.566244241}},"is_potentially_hazardous_asteroid":false,"close_approach_data":[{"close_approach_date":"2085-03-15","relative_velocity":{"kilometers_per_second":"13.7184950701"},"miss_distance":{"kilometers":"56781248"}}]}]