[{"name":"378160 (2006 WX1)","estimated_diameter":{"meters":{"estimated_diameter_min":334.6223744549,"estimated_diameter_max":748.2383760735}},"is_potentially_hazardous_asteroid":true,"close_approach_data":[{"close_approach_date":"2085-06-01","relative_velocity":{"kilometers_per_second":"13.1212188711"},"miss_distance":{"kilometers":"60487520"}}]},{"name":"(2005 VR7)","estimated_diameter":{"meters":{"estimated_diameter_min":146.0679642714,"estimated_diameter_max":326.6178974458}},"is_potentially_hazardous_asteroid":true,"close_approach_data":[{"close_approach_date":"2085-06-01","relative_velocity":{"kilometers_per_second":"19.2833593382"},"miss_distance":{"kilometers":"29636380"}}]},{"name":"(2008 SZ150)","estimated_diameter":{"meters":{"estimated_diameter_min":46.1907460282,"estimated_diameter_max":103.2856480504}},"is_potentially_hazardous_asteroid":false,"close_approach_data":[{"close_approach_date":"2085-06-01","relative_velocity":{"kilometers_per_second":"12.686612978"},"miss_distance":{"kilometers":"41875520"}}]}]