[{"name":"202435 (2005 XH8)","estimated_diameter":{"meters":{"estimated_diameter_min":667.6594134952,"estimated_diameter_max":1492.931834393}},"is_potentially_hazardous_asteroid":false,"close_approach_data":[{"close_approach_date":"2085-01-16","relative_velocity":{"kilometers_per_second":"18.2834455235"},"miss_distance":{"kilometers":"74003288"}}]},{"name":"380818 (2005 YV128)","estimated_diameter":{"meters":{"estimated_diameter_min":201.6299194428,"estimated_diameter_max":450.8582061718}},"is_potentially_hazardous_asteroid":false,"close_approach_data":[{"close_approach_date":"2085-01-16","relative_velocity":{"kilometers_per_second":"13.3207281789"},"miss_distance":{"kilometers":"52876120"}}]},{"name":"411280 (2010 SL13)","estimated_diameter":{"meters":{"estimated_diameter_min":384.1978910643,"estimated_diameter_max":859.0926012318}},"is_potentially_hazardous_asteroid":false,"close_approach_data":[{"close_approach_date":"2085-01-16","relative_velocity":{"kilometers_per_second":"2.5961817854"},"miss_distance":{"kilometers":"42821472"}}]},{"name":"(2014 NG65)","estimated_diameter":{"meters":{"estimated_diameter_min":116.0259082094,"estimated_diameter_max":259.4418179074}},"is_potentially_hazardous_asteroid":true,"close_approach_data":[{"close_approach_date":"2085-01-16","relative_velocity":{"kilometers_per_second":"15.3578246127"},"miss_distance":{"kilometers":"25179404"}}]}]