[{"name":"465824 (2010 FR)","estimated_diameter":{"meters":{"estimated_diameter_min":121.4940407996,"estimated_diameter_max":271.6689340891}},"is_potentially_hazardous_asteroid":true,"close_approach_data":[{"close_approach_date":"2085-10-10","relative_velocity":{"kilometers_per_second":"8.3286532806"},"miss_distance":{"kilometers":"38336836"}}]},{"name":"(2014 UW33)","estimated_diameter":{"meters":{"estimated_diameter_min":73.2073989347,"estimated_diameter_max":163.696720474}},"is_potentially_hazardous_asteroid":false,"close_approach_data":[{"close_approach_date":"2085-10-10","relative_velocity":{"kilometers_per_second":"16.6567690719"},"miss_distance":{"kilometers":"23628184"}}]}]