[{"name":"(2005 OU1)","estimated_diameter":{"meters":{"estimated_diameter_min":253.8370293645,"estimated_diameter_max":567.5968528656}},"is_potentially_hazardous_asteroid":false,"close_approach_data":[{"close_approach_date":"2085-07-26","relative_velocity":{"kilometers_per_second":"8.9892568467"},"miss_distance":{"kilometers":"33511170"}}]},{"name":"(2012 ME7)","estimated_diameter":{"meters":{"estimated_diameter_min":146.0679642714,"estimated_diameter_max":326.6178974458}},"is_potentially_hazardous_asteroid":false,"close_approach_data":[{"close_approach_date":"2085-07-26","relative_velocity":{"kilometers_per_second":"14.4868827672"},"miss_distance":{"kilometers":"56800228"}}]}]