[{"name":"235756 (2004 VC)","estimated_diameter":{"meters":{"estimated_diameter_min":483.6764882185,"estimated_diameter_max":1081.533506775}},"is_potentially_hazardous_asteroid":true,"close_approach_data":[{"close_approach_date":"2085-04-08","relative_velocity":{"kilometers_per_second":"20.2041072358"},"miss_distance":{"kilometers":"18290570"}}]},{"name":"252793 (2002 FW5)","estimated_diameter":{"meters":{"estimated_diameter_min":384.1978910643,"estimated_diameter_max":859.0926012318}},"is_potentially_hazardous_asteroid":false,"close_approach_data":[{"close_approach_date":"2085-04-08","relative_velocity":{"kilometers_per_second":"22.2305365653"},"miss_distance":{"kilometers":"71443120"}}]},{"name":"(2012 YK)","estimated_diameter":{"meters":{"estimated_diameter_min":66.7659413495,"estimated_diameter_max":149.2931834393}},"is_potentially_hazardous_asteroid":false,"close_approach_data":[{"close_approach_date":"2085-04-08","relative_velocity":{"kilometers_per_second":"15.3904213806"},"miss_distance":{"kilometers":"72326864"}}]},{"name":"(2014 TW)","estimated_diameter":{"meters":{"estimated_diameter_min":16.7708462163,"estimated_diameter_max":37.5007521798}},"is_potentially_hazardous_asteroid":false,"close_approach_data":[{"close_approach_date":"2085-04-08","relative_velocity":{"kilometers_per_second":"9.854369774"},"miss_distance":{"kilometers":"43151364"}}]}]