[{"name":"459872 (2014 EK24)","estimated_diameter":{"meters":{"estimated_diameter_min":58.1507039646,"estimated_diameter_max":130.0289270043}},"is_potentially_hazardous_asteroid":false,"close_approach_data":[{"close_approach_date":"2085-07-10","relative_velocity":{"kilometers_per_second":"14.8950464309"},"miss_distance":{"kilometers":"66069188"}}]},{"name":"(2014 NF3)","estimated_diameter":{"meters":{"estimated_diameter_min":211.1324447897,"estimated_diameter_max":472.1064988055}},"is_potentially_hazardous_asteroid":false,"close_approach_data":[{"close_approach_date":"2085-07-10","relative_velocity":{"kilometers_per_second":"16.0776663529"},"miss_distance":{"kilometers":"34060032"}}]}]