[{"name":"(2004 VB)","estimated_diameter":{"meters":{"estimated_diameter_min":183.8886720703,"estimated_diameter_max":411.1875710413}},"is_potentially_hazardous_asteroid":true,"close_approach_data":[{"close_approach_date":"2085-11-12","relative_velocity":{"kilometers_per_second":"6.0045308579"},"miss_distance":{"kilometers":"64927904"}}]},{"name":"(2008 LG2)","estimated_diameter":{"meters":{"estimated_diameter_min":24.2412481101,"estimated_diameter_max":54.2050786336}},"is_potentially_hazardous_asteroid":false,"close_approach_data":[{"close_approach_date":"2085-11-12","relative_velocity":{"kilometers_per_second":"10.7677910704"},"miss_distance":{"kilometers":"50173244"}}]},{"name":"(2014 OL339)","estimated_diameter":{"meters":{"estimated_diameter_min":69.9125232246,"estimated_diameter_max":156.3291544087}},"is_potentially_hazardous_asteroid":false,"close_approach_data":[{"close_approach_date":"2085-11-12","relative_velocity":{"kilometers_per_second":"10.0815453272"},"miss_distance":{"kilometers":"48542180"}}]}]