[{"name":"138127 (2000 EE14)","estimated_diameter":{"meters":{"estimated_diameter_min":1010.5434154201,"estimated_diameter_max":2259.643771094}},"is_potentially_hazardous_asteroid":true,"close_approach_data":[{"close_approach_date":"2085-02-26","relative_velocity":{"kilometers_per_second":"18.7769136657"},"miss_distance":{"kilometers":"19987026"}}]},{"name":"375657 (2009 CP5)","estimated_diameter":{"meters":{"estimated_diameter_min":133.2155666981,"estimated_diameter_max":297.8790627982}},"is_potentially_hazardous_asteroid":false,"close_approach_data":[{"close_approach_date":"2085-02-26","relative_velocity":{"kilometers_per_second":"14.6542039067"},"miss_distance":{"kilometers":"21801140"}}]},{"name":"(2003 RC2)","estimated_diameter":{"meters":{"estimated_diameter_min":350.3926411083,"estimated_diameter_max":783.5017643338}},"is_potentially_hazardous_asteroid":false,"close_approach_data":[{"close_approach_date":"2085-02-26","relative_velocity":{"kilometers_per_second":"20.8045540163"},"miss_distance":{"kilometers":"57886140"}}]},{"name":"(2009 DG9)","estimated_diameter":{"meters":{"estimated_diameter_min":175.6123184804,"estimated_diameter_max":392.6810818086}},"is_potentially_hazardous_asteroid":false,"close_approach_data":[{"close_approach_date":"2085-02-26","relative_velocity":{"kilometers_per_second":"13.3358088734"},"miss_distance":{"kilometers":"52628740"}}]},{"name":"(2015 XF261)","estimated_diameter":{"meters":{"estimated_diameter_min":26.58,"estimated_diameter_max":59.4346868419}},"is_potentially_hazardous_asteroid":false,"close_approach_data":[{"close_approach_date":"2085-02-26","relative_velocity":{"kilometers_per_second":"8.0514089018"},"miss_distance":{"kilometers":"42685580"}}]},{"name":"(1991 VG)","estimated_diameter":{"meters":{"estimated_diameter_min":5.3034072332,"estimated_diameter_max":11.8587790858}},"is_potentially_hazardous_asteroid":false,"close_approach_data":[{"close_approach_date":"2085-02-26","relative_velocity":{"kilometers_per_second":"5.7166874532"},"miss_distance":{"kilometers":"24764520"}}]}]