[{"name":"455148 (1994 UG)","estimated_diameter":{"meters":{"estimated_diameter_min":160.1603379786,"estimated_diameter_max":358.1294030194}},"is_potentially_hazardous_asteroid":true,"close_approach_data":[{"close_approach_date":"2085-03-19","relative_velocity":{"kilometers_per_second":"8.5595886333"},"miss_distance":{"kilometers":"3540021"}}]},{"name":"(2003 YX1)","estimated_diameter":{"meters":{"estimated_diameter_min":175.6123184804,"estimated_diameter_max":392.6810818086}},"is_potentially_hazardous_asteroid":true,"close_approach_data":[{"close_approach_date":"2085-03-19","relative_velocity":{"kilometers_per_second":"13.4881876901"},"miss_distance":{"kilometers":"31711532"}}]},{"name":"(2017 EE23)","estimated_diameter":{"meters":{"estimated_diameter_min":122.4489249646,"estimated_diameter_max":273.8041199927}},"is_potentially_hazardous_asteroid":false,"close_approach_data":[{"close_approach_date":"2085-03-19","relative_velocity":{"kilometers_per_second":"9.4808076045"},"miss_distance":{"kilometers":"42958060"}}]}]