[{"name":"(2001 CP36)","estimated_diameter":{"meters":{"estimated_diameter_min":48.3676488219,"estimated_diameter_max":108.1533506775}},"is_potentially_hazardous_asteroid":false,"close_approach_data":[{"close_approach_date":"2085-02-28","relative_velocity":{"kilometers_per_second":"19.4427373351"},"miss_distance":{"kilometers":"48508428"}}]},{"name":"(2011 BA45)","estimated_diameter":{"meters":{"estimated_diameter_min":133.2155666981,"estimated_diameter_max":297.8790627982}},"is_potentially_hazardous_asteroid":false,"close_approach_data":[{"close_approach_date":"2085-02-28","relative_velocity":{"kilometers_per_second":"17.6321587968"},"miss_distance":{"kilometers":"54093880"}}]}]