[{"name":"163023 (2001 XU1)","estimated_diameter":{"meters":{"estimated_diameter_min":366.9061375314,"estimated_diameter_max":820.4270648822}},"is_potentially_hazardous_asteroid":false,"close_approach_data":[{"close_approach_date":"2085-11-27","relative_velocity":{"kilometers_per_second":"19.5969622429"},"miss_distance":{"kilometers":"8502856"}}]},{"name":"436774 (2012 KY3)","estimated_diameter":{"meters":{"estimated_diameter_min":555.334911581,"estimated_diameter_max":1241.766612574}},"is_potentially_hazardous_asteroid":true,"close_approach_data":[{"close_approach_date":"2085-11-27","relative_velocity":{"kilometers_per_second":"13.6193424802"},"miss_distance":{"kilometers":"57233464"}}]},{"name":"(2001 YE4)","estimated_diameter":{"meters":{"estimated_diameter_min":192.5550781879,"estimated_diameter_max":430.566244241}},"is_potentially_hazardous_asteroid":true,"close_approach_data":[{"close_approach_date":"2085-11-27","relative_velocity":{"kilometers_per_second":"13.0216054118"},"miss_distance":{"kilometers":"12084370"}}]},{"name":"(2013 XB10)","estimated_diameter":{"meters":{"estimated_diameter_min":319.5618867213,"estimated_diameter_max":714.5621017269}},"is_potentially_hazardous_asteroid":false,"close_approach_data":[{"close_approach_date":"2085-11-27","relative_velocity":{"kilometers_per_second":"9.6358291371"},"miss_distance":{"kilometers":"19614224"}}]},{"name":"(2014 VP35)","estimated_diameter":{"meters":{"estimated_diameter_min":58.1507039646,"estimated_diameter_max":130.0289270043}},"is_potentially_hazardous_asteroid":false,"close_approach_data":[{"close_approach_date":"2085-11-27","relative_velocity":{"kilometers_per_second":"7.7596327963"},"miss_distance":{"kilometers":"11781910"}}]},{"name":"(2015 KJ57)","estimated_diameter":{"meters":{"estimated_diameter_min":133.2155666981,"estimated_diameter_max":297.8790627982}},"is_potentially_hazardous_asteroid":true,"close_approach_data":[{"close_approach_date":"2085-11-27","relative_velocity":{"kilometers_per_second":"22.9789705348"},"miss_distance":{"kilometers":"72259808"}}]},{"name":"480883 (2001 YE4)","estimated_diameter":{"meters":{"estimated_diameter_min":192.5550781879,"estimated_diameter_max":430.566244241}},"is_potentially_hazardous_asteroid":true,"close_approach_data":[{"close_approach_date":"2085-11-27","relative_velocity":{"kilometers_per_second":"13.0210607471"},"miss_distance":{"kilometers":"12083258"}}]}]