[{"name":"216523 (2001 HY7)","estimated_diameter":{"meters":{"estimated_diameter_min":201.6299194428,"estimated_diameter_max":450.8582061718}},"is_potentially_hazardous_asteroid":true,"close_approach_data":[{"close_approach_date":"2085-07-05","relative_velocity":{"kilometers_per_second":"8.4821106526"},"miss_distance":{"kilometers":"24276898"}}]},{"name":"(2006 DU62)","estimated_diameter":{"meters":{"estimated_diameter_min":667.6594134952,"estimated_diameter_max":1492.931834393}},"is_potentially_hazardous_asteroid":true,"close_approach_data":[{"close_approach_date":"2085-07-05","relative_velocity":{"kilometers_per_second":"27.4310784859"},"miss_distance":{"kilometers":"27519066"}}]},{"name":"(2016 AR130)","estimated_diameter":{"meters":{"estimated_diameter_min":221.0828103591,"estimated_diameter_max":494.3561926196}},"is_potentially_hazardous_asteroid":false,"close_approach_data":[{"close_approach_date":"2085-07-05","relative_velocity":{"kilometers_per_second":"36.7557007605"},"miss_distance":{"kilometers":"48947872"}}]}]