[{"name":"192642 (1999 RD32)","estimated_diameter":{"meters":{"estimated_diameter_min":1460.6796427136,"estimated_diameter_max":3266.1789744576}},"is_potentially_hazardous_asteroid":true,"close_approach_data":[{"close_approach_date":"2085-03-11","relative_velocity":{"kilometers_per_second":"20.4550154844"},"miss_distance":{"kilometers":"20346534"}}]},{"name":"(2010 RX30)","estimated_diameter":{"meters":{"estimated_diameter_min":10.1054341542,"estimated_diameter_max":22.5964377109}},"is_potentially_hazardous_asteroid":false,"close_approach_data":[{"close_approach_date":"2085-03-11","relative_velocity":{"kilometers_per_second":"15.5320827834"},"miss_distance":{"kilometers":"65324648"}}]},{"name":"(2012 DJ61)","estimated_diameter":{"meters":{"estimated_diameter_min":278.3267680719,"estimated_diameter_max":622.3575733667}},"is_potentially_hazardous_asteroid":true,"close_approach_data":[{"close_approach_date":"2085-03-11","relative_velocity":{"kilometers_per_second":"26.8743244578"},"miss_distance":{"kilometers":"20009706"}}]},{"name":"(2013 YB48)","estimated_diameter":{"meters":{"estimated_diameter_min":105.8168859331,"estimated_diameter_max":236.6137501138}},"is_potentially_hazardous_asteroid":false,"close_approach_data":[{"close_approach_date":"2085-03-11","relative_velocity":{"kilometers_per_second":"3.2350514815"},"miss_distance":{"kilometers":"45956564"}}]},{"name":"(2014 KV76)","estimated_diameter":{"meters":{"estimated_diameter_min":167.7084621628,"estimated_diameter_max":375.0075217981}},"is_potentially_hazardous_asteroid":false,"close_approach_data":[{"close_approach_date":"2085-03-11","relative_velocity":{"kilometers_per_second":"11.6196216909"},"miss_distance":{"kilometers":"32179544"}}]},{"name":"(2017 VL1)","estimated_diameter":{"meters":{"estimated_diameter_min":12.8811600553,"estimated_diameter_max":28.8031495128}},"is_potentially_hazardous_asteroid":false,"close_approach_data":[{"close_approach_date":"2085-03-11","relative_velocity":{"kilometers_per_second":"11.5679680278"},"miss_distance":{"kilometers":"12377086"}}]}]