[{"name":"368949 (2006 YN)","estimated_diameter":{"meters":{"estimated_diameter_min":319.5618867213,"estimated_diameter_max":714.5621017269}},"is_potentially_hazardous_asteroid":false,"close_approach_data":[{"close_approach_date":"2085-12-21","relative_velocity":{"kilometers_per_second":"8.1361089499"},"miss_distance":{"kilometers":"32784026"}}]},{"name":"(2015 TT238)","estimated_diameter":{"meters":{"estimated_diameter_min":33.4622374455,"estimated_diameter_max":74.8238376074}},"is_potentially_hazardous_asteroid":false,"close_approach_data":[{"close_approach_date":"2085-12-21","relative_velocity":{"kilometers_per_second":"14.1260614944"},"miss_distance":{"kilometers":"43328584"}}]},{"name":"(2017 YS1)","estimated_diameter":{"meters":{"estimated_diameter_min":4.4807939844,"estimated_diameter_max":10.0193599423}},"is_potentially_hazardous_asteroid":false,"close_approach_data":[{"close_approach_date":"2085-12-21","relative_velocity":{"kilometers_per_second":"3.5145768599"},"miss_distance":{"kilometers":"1590228"}}]}]