[{"name":"88710 (2001 SL9)","estimated_diameter":{"meters":{"estimated_diameter_min":802.7031672829,"estimated_diameter_max":1794.8988477988}},"is_potentially_hazardous_asteroid":false,"close_approach_data":[{"close_approach_date":"2085-06-17","relative_velocity":{"kilometers_per_second":"20.3490405051"},"miss_distance":{"kilometers":"69888064"}}]},{"name":"(2017 UX4)","estimated_diameter":{"meters":{"estimated_diameter_min":93.2727919157,"estimated_diameter_max":208.5643031747}},"is_potentially_hazardous_asteroid":false,"close_approach_data":[{"close_approach_date":"2085-06-17","relative_velocity":{"kilometers_per_second":"18.3287253816"},"miss_distance":{"kilometers":"60909072"}}]}]