[{"name":"208115 (2000 CT101)","estimated_diameter":{"meters":{"estimated_diameter_min":192.5550781879,"estimated_diameter_max":430.566244241}},"is_potentially_hazardous_asteroid":true,"close_approach_data":[{"close_approach_date":"2085-08-27","relative_velocity":{"kilometers_per_second":"15.568892318"},"miss_distance":{"kilometers":"32186522"}}]},{"name":"(2002 AK14)","estimated_diameter":{"meters":{"estimated_diameter_min":133.2155666981,"estimated_diameter_max":297.8790627982}},"is_potentially_hazardous_asteroid":false,"close_approach_data":[{"close_approach_date":"2085-08-27","relative_velocity":{"kilometers_per_second":"10.8483620731"},"miss_distance":{"kilometers":"41300220"}}]},{"name":"(2002 PH80)","estimated_diameter":{"meters":{"estimated_diameter_min":334.6223744549,"estimated_diameter_max":748.2383760735}},"is_potentially_hazardous_asteroid":false,"close_approach_data":[{"close_approach_date":"2085-08-27","relative_velocity":{"kilometers_per_second":"9.2630059517"},"miss_distance":{"kilometers":"49411128"}}]},{"name":"(2003 LS3)","estimated_diameter":{"meters":{"estimated_diameter_min":732.0739893473,"estimated_diameter_max":1636.96720474}},"is_potentially_hazardous_asteroid":false,"close_approach_data":[{"close_approach_date":"2085-08-27","relative_velocity":{"kilometers_per_second":"6.5400070945"},"miss_distance":{"kilometers":"36119576"}}]},{"name":"(2005 PJ2)","estimated_diameter":{"meters":{"estimated_diameter_min":334.6223744549,"estimated_diameter_max":748.2383760735}},"is_potentially_hazardous_asteroid":true,"close_approach_data":[{"close_approach_date":"2085-08-27","relative_velocity":{"kilometers_per_second":"22.4831978297"},"miss_distance":{"kilometers":"7180976.5"}}]},{"name":"(2013 AW52)","estimated_diameter":{"meters":{"estimated_diameter_min":278.3267680719,"estimated_diameter_max":622.3575733667}},"is_potentially_hazardous_asteroid":false,"close_approach_data":[{"close_approach_date":"2085-08-27","relative_velocity":{"kilometers_per_second":"21.2831662932"},"miss_distance":{"kilometers":"66738608"}}]},{"name":"468448 (2003 LS3)","estimated_diameter":{"meters":{"estimated_diameter_min":732.0739893473,"estimated_diameter_max":1636.96720474}},"is_potentially_hazardous_asteroid":false,"close_approach_data":[{"close_approach_date":"2085-08-27","relative_velocity":{"kilometers_per_second":"6.5400215134"},"miss_distance":{"kilometers":"36120184"}}]},{"name":"(2017 BS31)","estimated_diameter":{"meters":{"estimated_diameter_min":110.8038821264,"estimated_diameter_max":247.7650126055}},"is_potentially_hazardous_asteroid":true,"close_approach_data":[{"close_approach_date":"2085-08-27","relative_velocity":{"kilometers_per_second":"10.9214123083"},"miss_distance":{"kilometers":"73985784"}}]}]