[{"name":"392476 (2011 GD3)","estimated_diameter":{"meters":{"estimated_diameter_min":402.3045798343,"estimated_diameter_max":899.5803881691}},"is_potentially_hazardous_asteroid":false,"close_approach_data":[{"close_approach_date":"2085-02-20","relative_velocity":{"kilometers_per_second":"23.6484000136"},"miss_distance":{"kilometers":"35265264"}}]},{"name":"452807 (2006 KV89)","estimated_diameter":{"meters":{"estimated_diameter_min":139.4938229344,"estimated_diameter_max":311.9176705226}},"is_potentially_hazardous_asteroid":true,"close_approach_data":[{"close_approach_date":"2085-02-20","relative_velocity":{"kilometers_per_second":"6.5655628543"},"miss_distance":{"kilometers":"24002392"}}]},{"name":"(2017 AZ13)","estimated_diameter":{"meters":{"estimated_diameter_min":105.8168859331,"estimated_diameter_max":236.6137501138}},"is_potentially_hazardous_asteroid":false,"close_approach_data":[{"close_approach_date":"2085-02-20","relative_velocity":{"kilometers_per_second":"10.5385299898"},"miss_distance":{"kilometers":"39669276"}}]}]