[{"name":"(2015 AW16)","estimated_diameter":{"meters":{"estimated_diameter_min":121.4940407996,"estimated_diameter_max":271.6689340891}},"is_potentially_hazardous_asteroid":false,"close_approach_data":[{"close_approach_date":"2085-02-16","relative_velocity":{"kilometers_per_second":"14.9955532938"},"miss_distance":{"kilometers":"73587944"}}]},{"name":"(2017 SK17)","estimated_diameter":{"meters":{"estimated_diameter_min":147.0804590295,"estimated_diameter_max":328.8819045519}},"is_potentially_hazardous_asteroid":false,"close_approach_data":[{"close_approach_date":"2085-02-16","relative_velocity":{"kilometers_per_second":"20.8145594895"},"miss_distance":{"kilometers":"61074220"}}]}]