[{"name":"(2016 RL17)","estimated_diameter":{"meters":{"estimated_diameter_min":13.3215566698,"estimated_diameter_max":29.7879062798}},"is_potentially_hazardous_asteroid":false,"close_approach_data":[{"close_approach_date":"2085-06-22","relative_velocity":{"kilometers_per_second":"18.8462321235"},"miss_distance":{"kilometers":"51802148"}}]},{"name":"(2015 XF261)","estimated_diameter":{"meters":{"estimated_diameter_min":26.58,"estimated_diameter_max":59.4346868419}},"is_potentially_hazardous_asteroid":false,"close_approach_data":[{"close_approach_date":"2085-06-22","relative_velocity":{"kilometers_per_second":"10.0786759068"},"miss_distance":{"kilometers":"45121164"}}]}]