[{"name":"152828 (1999 VT25)","estimated_diameter":{"meters":{"estimated_diameter_min":152.9519353442,"estimated_diameter_max":342.0109247198}},"is_potentially_hazardous_asteroid":true,"close_approach_data":[{"close_approach_date":"2085-05-23","relative_velocity":{"kilometers_per_second":"12.6085076199"},"miss_distance":{"kilometers":"51472896"}}]},{"name":"438990 (2010 SG13)","estimated_diameter":{"meters":{"estimated_diameter_min":581.5070396458,"estimated_diameter_max":1300.2892700427}},"is_potentially_hazardous_asteroid":false,"close_approach_data":[{"close_approach_date":"2085-05-23","relative_velocity":{"kilometers_per_second":"23.2790511946"},"miss_distance":{"kilometers":"34342204"}}]},{"name":"446791 (1998 SJ70)","estimated_diameter":{"meters":{"estimated_diameter_min":581.5070396458,"estimated_diameter_max":1300.2892700427}},"is_potentially_hazardous_asteroid":true,"close_approach_data":[{"close_approach_date":"2085-05-23","relative_velocity":{"kilometers_per_second":"17.4689192992"},"miss_distance":{"kilometers":"51464920"}}]},{"name":"(2014 WS365)","estimated_diameter":{"meters":{"estimated_diameter_min":88.0146520901,"estimated_diameter_max":196.8067450894}},"is_potentially_hazardous_asteroid":false,"close_approach_data":[{"close_approach_date":"2085-05-23","relative_velocity":{"kilometers_per_second":"12.0589378042"},"miss_distance":{"kilometers":"39854132"}}]}]