[{"name":"(2006 MD12)","estimated_diameter":{"meters":{"estimated_diameter_min":350.3926411083,"estimated_diameter_max":783.5017643338}},"is_potentially_hazardous_asteroid":false,"close_approach_data":[{"close_approach_date":"2085-07-06","relative_velocity":{"kilometers_per_second":"16.6572232496"},"miss_distance":{"kilometers":"50236588"}}]},{"name":"(2006 VG13)","estimated_diameter":{"meters":{"estimated_diameter_min":133.2155666981,"estimated_diameter_max":297.8790627982}},"is_potentially_hazardous_asteroid":true,"close_approach_data":[{"close_approach_date":"2085-07-06","relative_velocity":{"kilometers_per_second":"9.1405044845"},"miss_distance":{"kilometers":"50740756"}}]},{"name":"(2012 US9)","estimated_diameter":{"meters":{"estimated_diameter_min":127.2198785394,"estimated_diameter_max":284.4722965033}},"is_potentially_hazardous_asteroid":false,"close_approach_data":[{"close_approach_date":"2085-07-06","relative_velocity":{"kilometers_per_second":"5.985269245"},"miss_distance":{"kilometers":"38731700"}}]},{"name":"(2013 KY1)","estimated_diameter":{"meters":{"estimated_diameter_min":699.1252322458,"estimated_diameter_max":1563.2915440869}},"is_potentially_hazardous_asteroid":false,"close_approach_data":[{"close_approach_date":"2085-07-06","relative_velocity":{"kilometers_per_second":"10.1128772987"},"miss_distance":{"kilometers":"61125164"}}]},{"name":"468540 (2006 MD12)","estimated_diameter":{"meters":{"estimated_diameter_min":350.3926411083,"estimated_diameter_max":783.5017643338}},"is_potentially_hazardous_asteroid":false,"close_approach_data":[{"close_approach_date":"2085-07-06","relative_velocity":{"kilometers_per_second":"16.6572057851"},"miss_distance":{"kilometers":"50236532"}}]},{"name":"486607 (2013 KY1)","estimated_diameter":{"meters":{"estimated_diameter_min":732.0739893473,"estimated_diameter_max":1636.96720474}},"is_potentially_hazardous_asteroid":false,"close_approach_data":[{"close_approach_date":"2085-07-06","relative_velocity":{"kilometers_per_second":"10.1128795194"},"miss_distance":{"kilometers":"61125344"}}]},{"name":"(2017 MT8)","estimated_diameter":{"meters":{"estimated_diameter_min":61.5679901593,"estimated_diameter_max":137.6702112343}},"is_potentially_hazardous_asteroid":false,"close_approach_data":[{"close_approach_date":"2085-07-06","relative_velocity":{"kilometers_per_second":"5.8403719903"},"miss_distance":{"kilometers":"17271760"}}]}]