[{"name":"140333 (2001 TD2)","estimated_diameter":{"meters":{"estimated_diameter_min":461.9074602816,"estimated_diameter_max":1032.8564805039}},"is_potentially_hazardous_asteroid":false,"close_approach_data":[{"close_approach_date":"2085-09-12","relative_velocity":{"kilometers_per_second":"13.7058860778"},"miss_distance":{"kilometers":"35183536"}}]},{"name":"153460 (2001 RN)","estimated_diameter":{"meters":{"estimated_diameter_min":305.1792325939,"estimated_diameter_max":682.4015094011}},"is_potentially_hazardous_asteroid":false,"close_approach_data":[{"close_approach_date":"2085-09-12","relative_velocity":{"kilometers_per_second":"24.1120099313"},"miss_distance":{"kilometers":"35332532"}}]},{"name":"333889 (1998 SV4)","estimated_diameter":{"meters":{"estimated_diameter_min":637.6097898754,"estimated_diameter_max":1425.7388332807}},"is_potentially_hazardous_asteroid":false,"close_approach_data":[{"close_approach_date":"2085-09-12","relative_velocity":{"kilometers_per_second":"25.2027348475"},"miss_distance":{"kilometers":"53378136"}}]},{"name":"(2010 FX9)","estimated_diameter":{"meters":{"estimated_diameter_min":38.4197891064,"estimated_diameter_max":85.9092601232}},"is_potentially_hazardous_asteroid":false,"close_approach_data":[{"close_approach_date":"2085-09-12","relative_velocity":{"kilometers_per_second":"12.225267926"},"miss_distance":{"kilometers":"8141181"}}]},{"name":"(2011 SP68)","estimated_diameter":{"meters":{"estimated_diameter_min":92.1626548503,"estimated_diameter_max":206.0819612321}},"is_potentially_hazardous_asteroid":false,"close_approach_data":[{"close_approach_date":"2085-09-12","relative_velocity":{"kilometers_per_second":"4.7928937363"},"miss_distance":{"kilometers":"26478712"}}]}]