[{"name":"10563 Izhdubar (1993 WD)","estimated_diameter":{"meters":{"estimated_diameter_min":1160.2590820944,"estimated_diameter_max":2594.4181790745}},"is_potentially_hazardous_asteroid":false,"close_approach_data":[{"close_approach_date":"2085-11-11","relative_velocity":{"kilometers_per_second":"34.2832198401"},"miss_distance":{"kilometers":"57754184"}}]},{"name":"31210 (1998 BX7)","estimated_diameter":{"meters":{"estimated_diameter_min":1394.9382293439,"estimated_diameter_max":3119.1767052261}},"is_potentially_hazardous_asteroid":false,"close_approach_data":[{"close_approach_date":"2085-11-11","relative_velocity":{"kilometers_per_second":"1.803797567"},"miss_distance":{"kilometers":"56387740"}}]},{"name":"(2014 WE120)","estimated_diameter":{"meters":{"estimated_diameter_min":40.2304579834,"estimated_diameter_max":89.9580388169}},"is_potentially_hazardous_asteroid":false,"close_approach_data":[{"close_approach_date":"2085-11-11","relative_velocity":{"kilometers_per_second":"14.9232251915"},"miss_distance":{"kilometers":"41657024"}}]}]