[{"name":"251732 (1998 HG49)","estimated_diameter":{"meters":{"estimated_diameter_min":121.4940407996,"estimated_diameter_max":271.6689340891}},"is_potentially_hazardous_asteroid":false,"close_approach_data":[{"close_approach_date":"2085-11-22","relative_velocity":{"kilometers_per_second":"2.3207799069"},"miss_distance":{"kilometers":"23738802"}}]},{"name":"(2009 VW)","estimated_diameter":{"meters":{"estimated_diameter_min":127.2198785394,"estimated_diameter_max":284.4722965033}},"is_potentially_hazardous_asteroid":true,"close_approach_data":[{"close_approach_date":"2085-11-22","relative_velocity":{"kilometers_per_second":"28.6856586756"},"miss_distance":{"kilometers":"54715836"}}]},{"name":"(2017 WO16)","estimated_diameter":{"meters":{"estimated_diameter_min":26.1791159475,"estimated_diameter_max":58.5382828494}},"is_potentially_hazardous_asteroid":false,"close_approach_data":[{"close_approach_date":"2085-11-22","relative_velocity":{"kilometers_per_second":"12.8620751489"},"miss_distance":{"kilometers":"32973630"}}]}]