[{"name":"(2016 XD1)","estimated_diameter":{"meters":{"estimated_diameter_min":384.1978910643,"estimated_diameter_max":859.0926012318}},"is_potentially_hazardous_asteroid":false,"close_approach_data":[{"close_approach_date":"2085-12-30","relative_velocity":{"kilometers_per_second":"7.5047377743"},"miss_distance":{"kilometers":"66089336"}}]},{"name":"(2017 BX)","estimated_diameter":{"meters":{"estimated_diameter_min":6.676594135,"estimated_diameter_max":14.9293183439}},"is_potentially_hazardous_asteroid":false,"close_approach_data":[{"close_approach_date":"2085-12-30","relative_velocity":{"kilometers_per_second":"15.983676721"},"miss_distance":{"kilometers":"43610268"}}]}]