[{"name":"108906 (2001 PL9)","estimated_diameter":{"meters":{"estimated_diameter_min":732.0739893473,"estimated_diameter_max":1636.96720474}},"is_potentially_hazardous_asteroid":false,"close_approach_data":[{"close_approach_date":"2085-10-20","relative_velocity":{"kilometers_per_second":"11.873024151"},"miss_distance":{"kilometers":"74332144"}}]},{"name":"416186 (2002 TD60)","estimated_diameter":{"meters":{"estimated_diameter_min":366.9061375314,"estimated_diameter_max":820.4270648822}},"is_potentially_hazardous_asteroid":false,"close_approach_data":[{"close_approach_date":"2085-10-20","relative_velocity":{"kilometers_per_second":"3.6414589026"},"miss_distance":{"kilometers":"24493430"}}]},{"name":"(1990 UP)","estimated_diameter":{"meters":{"estimated_diameter_min":221.0828103591,"estimated_diameter_max":494.3561926196}},"is_potentially_hazardous_asteroid":false,"close_approach_data":[{"close_approach_date":"2085-10-20","relative_velocity":{"kilometers_per_second":"19.618282376"},"miss_distance":{"kilometers":"66141804"}}]},{"name":"(2005 QX151)","estimated_diameter":{"meters":{"estimated_diameter_min":211.1324447897,"estimated_diameter_max":472.1064988055}},"is_potentially_hazardous_asteroid":false,"close_approach_data":[{"close_approach_date":"2085-10-20","relative_velocity":{"kilometers_per_second":"4.6432354442"},"miss_distance":{"kilometers":"36120184"}}]},{"name":"(2010 SD13)","estimated_diameter":{"meters":{"estimated_diameter_min":461.9074602816,"estimated_diameter_max":1032.8564805039}},"is_potentially_hazardous_asteroid":false,"close_approach_data":[{"close_approach_date":"2085-10-20","relative_velocity":{"kilometers_per_second":"7.8567546533"},"miss_distance":{"kilometers":"21337156"}}]},{"name":"(2016 UY35)","estimated_diameter":{"meters":{"estimated_diameter_min":30.5179232594,"estimated_diameter_max":68.2401509401}},"is_potentially_hazardous_asteroid":false,"close_approach_data":[{"close_approach_date":"2085-10-20","relative_velocity":{"kilometers_per_second":"19.9522884087"},"miss_distance":{"kilometers":"67603768"}}]},{"name":"(2016 UY25)","estimated_diameter":{"meters":{"estimated_diameter_min":139.4938229344,"estimated_diameter_max":311.9176705226}},"is_potentially_hazardous_asteroid":false,"close_approach_data":[{"close_approach_date":"2085-10-20","relative_velocity":{"kilometers_per_second":"9.3869049242"},"miss_distance":{"kilometers":"69275208"}}]}]