[{"name":"86450 (2000 CK33)","estimated_diameter":{"meters":{"estimated_diameter_min":608.9126221057,"estimated_diameter_max":1361.5700153859}},"is_potentially_hazardous_asteroid":false,"close_approach_data":[{"close_approach_date":"2085-06-10","relative_velocity":{"kilometers_per_second":"14.0591999922"},"miss_distance":{"kilometers":"48847124"}}]},{"name":"464885 (2005 LS3)","estimated_diameter":{"meters":{"estimated_diameter_min":334.6223744549,"estimated_diameter_max":748.2383760735}},"is_potentially_hazardous_asteroid":false,"close_approach_data":[{"close_approach_date":"2085-06-10","relative_velocity":{"kilometers_per_second":"17.4594371165"},"miss_distance":{"kilometers":"41592052"}}]},{"name":"(2002 XP37)","estimated_diameter":{"meters":{"estimated_diameter_min":221.0828103591,"estimated_diameter_max":494.3561926196}},"is_potentially_hazardous_asteroid":false,"close_approach_data":[{"close_approach_date":"2085-06-10","relative_velocity":{"kilometers_per_second":"18.186870234"},"miss_distance":{"kilometers":"55607100"}}]},{"name":"(2004 VA1)","estimated_diameter":{"meters":{"estimated_diameter_min":211.1324447897,"estimated_diameter_max":472.1064988055}},"is_potentially_hazardous_asteroid":false,"close_approach_data":[{"close_approach_date":"2085-06-10","relative_velocity":{"kilometers_per_second":"23.5167188916"},"miss_distance":{"kilometers":"74586248"}}]},{"name":"(2015 FD)","estimated_diameter":{"meters":{"estimated_diameter_min":12.7219878539,"estimated_diameter_max":28.4472296503}},"is_potentially_hazardous_asteroid":false,"close_approach_data":[{"close_approach_date":"2085-06-10","relative_velocity":{"kilometers_per_second":"18.7458748544"},"miss_distance":{"kilometers":"59002284"}}]},{"name":"(2015 VH65)","estimated_diameter":{"meters":{"estimated_diameter_min":7.6657557353,"estimated_diameter_max":17.1411509231}},"is_potentially_hazardous_asteroid":false,"close_approach_data":[{"close_approach_date":"2085-06-10","relative_velocity":{"kilometers_per_second":"10.7923110888"},"miss_distance":{"kilometers":"45901396"}}]},{"name":"480922 (2002 XP37)","estimated_diameter":{"meters":{"estimated_diameter_min":211.1324447897,"estimated_diameter_max":472.1064988055}},"is_potentially_hazardous_asteroid":false,"close_approach_data":[{"close_approach_date":"2085-06-10","relative_velocity":{"kilometers_per_second":"18.1868754013"},"miss_distance":{"kilometers":"55607128"}}]},{"name":"481025 (2004 VA1)","estimated_diameter":{"meters":{"estimated_diameter_min":201.6299194428,"estimated_diameter_max":450.8582061718}},"is_potentially_hazardous_asteroid":false,"close_approach_data":[{"close_approach_date":"2085-06-10","relative_velocity":{"kilometers_per_second":"23.5167139487"},"miss_distance":{"kilometers":"74586240"}}]}]