[{"name":"55408 (2001 TC2)","estimated_diameter":{"meters":{"estimated_diameter_min":506.4714588346,"estimated_diameter_max":1132.5046106177}},"is_potentially_hazardous_asteroid":false,"close_approach_data":[{"close_approach_date":"2085-09-13","relative_velocity":{"kilometers_per_second":"15.4880254503"},"miss_distance":{"kilometers":"68172344"}}]},{"name":"(2013 BS45)","estimated_diameter":{"meters":{"estimated_diameter_min":17.561231848,"estimated_diameter_max":39.2681081809}},"is_potentially_hazardous_asteroid":false,"close_approach_data":[{"close_approach_date":"2085-09-13","relative_velocity":{"kilometers_per_second":"11.2636102894"},"miss_distance":{"kilometers":"42428092"}}]},{"name":"(2017 YU3)","estimated_diameter":{"meters":{"estimated_diameter_min":45.9150410157,"estimated_diameter_max":102.6691529008}},"is_potentially_hazardous_asteroid":false,"close_approach_data":[{"close_approach_date":"2085-09-13","relative_velocity":{"kilometers_per_second":"10.3861076048"},"miss_distance":{"kilometers":"25424050"}}]}]