[{"name":"434096 (2002 GO5)","estimated_diameter":{"meters":{"estimated_diameter_min":667.6594134952,"estimated_diameter_max":1492.931834393}},"is_potentially_hazardous_asteroid":true,"close_approach_data":[{"close_approach_date":"2085-09-08","relative_velocity":{"kilometers_per_second":"24.7321836044"},"miss_distance":{"kilometers":"21635854"}}]},{"name":"(2002 UZ30)","estimated_diameter":{"meters":{"estimated_diameter_min":334.6223744549,"estimated_diameter_max":748.2383760735}},"is_potentially_hazardous_asteroid":false,"close_approach_data":[{"close_approach_date":"2085-09-08","relative_velocity":{"kilometers_per_second":"17.4261645714"},"miss_distance":{"kilometers":"52653764"}}]},{"name":"(2010 RX30)","estimated_diameter":{"meters":{"estimated_diameter_min":10.1054341542,"estimated_diameter_max":22.5964377109}},"is_potentially_hazardous_asteroid":false,"close_approach_data":[{"close_approach_date":"2085-09-08","relative_velocity":{"kilometers_per_second":"11.2346852994"},"miss_distance":{"kilometers":"6944802"}}]},{"name":"(2017 SX17)","estimated_diameter":{"meters":{"estimated_diameter_min":6.2799325126,"estimated_diameter_max":14.0423559922}},"is_potentially_hazardous_asteroid":false,"close_approach_data":[{"close_approach_date":"2085-09-08","relative_velocity":{"kilometers_per_second":"18.3306348828"},"miss_distance":{"kilometers":"59436216"}}]},{"name":"(2014 QW432)","estimated_diameter":{"meters":{"estimated_diameter_min":146.0679642714,"estimated_diameter_max":326.6178974458}},"is_potentially_hazardous_asteroid":false,"close_approach_data":[{"close_approach_date":"2085-09-08","relative_velocity":{"kilometers_per_second":"13.1276150443"},"miss_distance":{"kilometers":"42600088"}}]}]