[{"name":"(2006 JF)","estimated_diameter":{"meters":{"estimated_diameter_min":334.6223744549,"estimated_diameter_max":748.2383760735}},"is_potentially_hazardous_asteroid":false,"close_approach_data":[{"close_approach_date":"2085-04-16","relative_velocity":{"kilometers_per_second":"21.5297314609"},"miss_distance":{"kilometers":"66584256"}}]},{"name":"(2015 TK)","estimated_diameter":{"meters":{"estimated_diameter_min":116.0259082094,"estimated_diameter_max":259.4418179074}},"is_potentially_hazardous_asteroid":false,"close_approach_data":[{"close_approach_date":"2085-04-16","relative_velocity":{"kilometers_per_second":"6.1768096076"},"miss_distance":{"kilometers":"65561128"}}]}]