[{"name":"(2012 UA34)","estimated_diameter":{"meters":{"estimated_diameter_min":334.6223744549,"estimated_diameter_max":748.2383760735}},"is_potentially_hazardous_asteroid":false,"close_approach_data":[{"close_approach_date":"2085-10-25","relative_velocity":{"kilometers_per_second":"24.7293428695"},"miss_distance":{"kilometers":"16113912"}}]},{"name":"(2015 XR55)","estimated_diameter":{"meters":{"estimated_diameter_min":242.4124811008,"estimated_diameter_max":542.0507863358}},"is_potentially_hazardous_asteroid":false,"close_approach_data":[{"close_approach_date":"2085-10-25","relative_velocity":{"kilometers_per_second":"16.4176800503"},"miss_distance":{"kilometers":"52695904"}}]},{"name":"482533 (2012 UA34)","estimated_diameter":{"meters":{"estimated_diameter_min":305.1792325939,"estimated_diameter_max":682.4015094011}},"is_potentially_hazardous_asteroid":false,"close_approach_data":[{"close_approach_date":"2085-10-25","relative_velocity":{"kilometers_per_second":"24.7295129647"},"miss_distance":{"kilometers":"16113399"}}]}]