[{"name":"(2013 RE6)","estimated_diameter":{"meters":{"estimated_diameter_min":139.4938229344,"estimated_diameter_max":311.9176705226}},"is_potentially_hazardous_asteroid":false,"close_approach_data":[{"close_approach_date":"2085-05-08","relative_velocity":{"kilometers_per_second":"7.5785401006"},"miss_distance":{"kilometers":"22039918"}}]},{"name":"(2015 KT120)","estimated_diameter":{"meters":{"estimated_diameter_min":25.3837029364,"estimated_diameter_max":56.7596852866}},"is_potentially_hazardous_asteroid":false,"close_approach_data":[{"close_approach_date":"2085-05-08","relative_velocity":{"kilometers_per_second":"14.6283557855"},"miss_distance":{"kilometers":"45739156"}}]}]