[{"name":"401885 (2001 RV17)","estimated_diameter":{"meters":{"estimated_diameter_min":211.1324447897,"estimated_diameter_max":472.1064988055}},"is_potentially_hazardous_asteroid":false,"close_approach_data":[{"close_approach_date":"2085-04-29","relative_velocity":{"kilometers_per_second":"9.9048837432"},"miss_distance":{"kilometers":"49740916"}}]},{"name":"(2004 RY109)","estimated_diameter":{"meters":{"estimated_diameter_min":421.2646105562,"estimated_diameter_max":941.9763057186}},"is_potentially_hazardous_asteroid":true,"close_approach_data":[{"close_approach_date":"2085-04-29","relative_velocity":{"kilometers_per_second":"13.5563787716"},"miss_distance":{"kilometers":"65797468"}}]}]