[{"name":"(2010 DP)","estimated_diameter":{"meters":{"estimated_diameter_min":506.4714588346,"estimated_diameter_max":1132.5046106177}},"is_potentially_hazardous_asteroid":false,"close_approach_data":[{"close_approach_date":"2085-03-05","relative_velocity":{"kilometers_per_second":"18.3290846901"},"miss_distance":{"kilometers":"57128692"}}]},{"name":"(2017 BB94)","estimated_diameter":{"meters":{"estimated_diameter_min":231.5021222103,"estimated_diameter_max":517.6544821978}},"is_potentially_hazardous_asteroid":false,"close_approach_data":[{"close_approach_date":"2085-03-05","relative_velocity":{"kilometers_per_second":"19.5721852726"},"miss_distance":{"kilometers":"74245152"}}]},{"name":"490636 (2010 DP)","estimated_diameter":{"meters":{"estimated_diameter_min":506.4714588346,"estimated_diameter_max":1132.5046106177}},"is_potentially_hazardous_asteroid":false,"close_approach_data":[{"close_approach_date":"2085-03-05","relative_velocity":{"kilometers_per_second":"18.3290846926"},"miss_distance":{"kilometers":"57128692"}}]},{"name":"(2012 EO5)","estimated_diameter":{"meters":{"estimated_diameter_min":55.5334911581,"estimated_diameter_max":124.1766612574}},"is_potentially_hazardous_asteroid":false,"close_approach_data":[{"close_approach_date":"2085-03-05","relative_velocity":{"kilometers_per_second":"12.9597028604"},"miss_distance":{"kilometers":"3859654.25"}}]}]