[{"name":"348306 (2005 AY28)","estimated_diameter":{"meters":{"estimated_diameter_min":139.4938229344,"estimated_diameter_max":311.9176705226}},"is_potentially_hazardous_asteroid":true,"close_approach_data":[{"close_approach_date":"2085-01-21","relative_velocity":{"kilometers_per_second":"32.8319435777"},"miss_distance":{"kilometers":"69691304"}}]},{"name":"(2013 GT66)","estimated_diameter":{"meters":{"estimated_diameter_min":24.2412481101,"estimated_diameter_max":54.2050786336}},"is_potentially_hazardous_asteroid":false,"close_approach_data":[{"close_approach_date":"2085-01-21","relative_velocity":{"kilometers_per_second":"16.8796671065"},"miss_distance":{"kilometers":"52399204"}}]},{"name":"(2016 SL3)","estimated_diameter":{"meters":{"estimated_diameter_min":26.58,"estimated_diameter_max":59.4346868419}},"is_potentially_hazardous_asteroid":false,"close_approach_data":[{"close_approach_date":"2085-01-21","relative_velocity":{"kilometers_per_second":"21.0083157807"},"miss_distance":{"kilometers":"73976360"}}]}]