[{"name":"413989 (2007 EL88)","estimated_diameter":{"meters":{"estimated_diameter_min":421.2646105562,"estimated_diameter_max":941.9763057186}},"is_potentially_hazardous_asteroid":true,"close_approach_data":[{"close_approach_date":"2085-09-10","relative_velocity":{"kilometers_per_second":"23.5082739348"},"miss_distance":{"kilometers":"72990280"}}]},{"name":"(2013 RZ73)","estimated_diameter":{"meters":{"estimated_diameter_min":175.6123184804,"estimated_diameter_max":392.6810818086}},"is_potentially_hazardous_asteroid":true,"close_approach_data":[{"close_approach_date":"2085-09-10","relative_velocity":{"kilometers_per_second":"17.8433440835"},"miss_distance":{"kilometers":"20138032"}}]},{"name":"(2004 TB10)","estimated_diameter":{"meters":{"estimated_diameter_min":146.0679642714,"estimated_diameter_max":326.6178974458}},"is_potentially_hazardous_asteroid":true,"close_approach_data":[{"close_approach_date":"2085-09-10","relative_velocity":{"kilometers_per_second":"11.902135567"},"miss_distance":{"kilometers":"56781260"}}]}]