[{"name":"(2002 LT24)","estimated_diameter":{"meters":{"estimated_diameter_min":101.054341542,"estimated_diameter_max":225.9643771094}},"is_potentially_hazardous_asteroid":true,"close_approach_data":[{"close_approach_date":"2085-06-06","relative_velocity":{"kilometers_per_second":"25.4863396041"},"miss_distance":{"kilometers":"67452072"}}]},{"name":"(2003 KQ18)","estimated_diameter":{"meters":{"estimated_diameter_min":175.6123184804,"estimated_diameter_max":392.6810818086}},"is_potentially_hazardous_asteroid":false,"close_approach_data":[{"close_approach_date":"2085-06-06","relative_velocity":{"kilometers_per_second":"12.7145635517"},"miss_distance":{"kilometers":"70256424"}}]},{"name":"(2009 VN1)","estimated_diameter":{"meters":{"estimated_diameter_min":38.4197891064,"estimated_diameter_max":85.9092601232}},"is_potentially_hazardous_asteroid":false,"close_approach_data":[{"close_approach_date":"2085-06-06","relative_velocity":{"kilometers_per_second":"13.8631374943"},"miss_distance":{"kilometers":"41260188"}}]},{"name":"(2015 AB246)","estimated_diameter":{"meters":{"estimated_diameter_min":80.2703167283,"estimated_diameter_max":179.4898847799}},"is_potentially_hazardous_asteroid":false,"close_approach_data":[{"close_approach_date":"2085-06-06","relative_velocity":{"kilometers_per_second":"13.4879023316"},"miss_distance":{"kilometers":"43171100"}}]},{"name":"469445 (2002 LT24)","estimated_diameter":{"meters":{"estimated_diameter_min":101.054341542,"estimated_diameter_max":225.9643771094}},"is_potentially_hazardous_asteroid":true,"close_approach_data":[{"close_approach_date":"2085-06-06","relative_velocity":{"kilometers_per_second":"25.4863395108"},"miss_distance":{"kilometers":"67452072"}}]}]