[{"name":"332775 (2009 VO24)","estimated_diameter":{"meters":{"estimated_diameter_min":305.1792325939,"estimated_diameter_max":682.4015094011}},"is_potentially_hazardous_asteroid":false,"close_approach_data":[{"close_approach_date":"2085-05-02","relative_velocity":{"kilometers_per_second":"16.3183717897"},"miss_distance":{"kilometers":"28767008"}}]},{"name":"(2010 KB61)","estimated_diameter":{"meters":{"estimated_diameter_min":211.1324447897,"estimated_diameter_max":472.1064988055}},"is_potentially_hazardous_asteroid":false,"close_approach_data":[{"close_approach_date":"2085-05-02","relative_velocity":{"kilometers_per_second":"29.0405431079"},"miss_distance":{"kilometers":"64250620"}}]},{"name":"(2014 SM143)","estimated_diameter":{"meters":{"estimated_diameter_min":231.5021222103,"estimated_diameter_max":517.6544821978}},"is_potentially_hazardous_asteroid":true,"close_approach_data":[{"close_approach_date":"2085-05-02","relative_velocity":{"kilometers_per_second":"23.9894438347"},"miss_distance":{"kilometers":"41622208"}}]},{"name":"(2015 HZ116)","estimated_diameter":{"meters":{"estimated_diameter_min":35.0392641108,"estimated_diameter_max":78.3501764334}},"is_potentially_hazardous_asteroid":false,"close_approach_data":[{"close_approach_date":"2085-05-02","relative_velocity":{"kilometers_per_second":"24.3577190828"},"miss_distance":{"kilometers":"72043480"}}]}]