[{"name":"(2002 LW)","estimated_diameter":{"meters":{"estimated_diameter_min":88.0146520901,"estimated_diameter_max":196.8067450894}},"is_potentially_hazardous_asteroid":false,"close_approach_data":[{"close_approach_date":"2085-06-02","relative_velocity":{"kilometers_per_second":"5.9131326669"},"miss_distance":{"kilometers":"10814002"}}]},{"name":"(2006 HJ18)","estimated_diameter":{"meters":{"estimated_diameter_min":116.0259082094,"estimated_diameter_max":259.4418179074}},"is_potentially_hazardous_asteroid":false,"close_approach_data":[{"close_approach_date":"2085-06-02","relative_velocity":{"kilometers_per_second":"8.9620994029"},"miss_distance":{"kilometers":"52728644"}}]},{"name":"(2009 HB)","estimated_diameter":{"meters":{"estimated_diameter_min":667.6594134952,"estimated_diameter_max":1492.931834393}},"is_potentially_hazardous_asteroid":false,"close_approach_data":[{"close_approach_date":"2085-06-02","relative_velocity":{"kilometers_per_second":"21.5430570179"},"miss_distance":{"kilometers":"62281504"}}]},{"name":"(2013 GW68)","estimated_diameter":{"meters":{"estimated_diameter_min":116.0259082094,"estimated_diameter_max":259.4418179074}},"is_potentially_hazardous_asteroid":false,"close_approach_data":[{"close_approach_date":"2085-06-02","relative_velocity":{"kilometers_per_second":"9.2640229617"},"miss_distance":{"kilometers":"67885168"}}]},{"name":"(2017 AZ13)","estimated_diameter":{"meters":{"estimated_diameter_min":105.8168859331,"estimated_diameter_max":236.6137501138}},"is_potentially_hazardous_asteroid":false,"close_approach_data":[{"close_approach_date":"2085-06-02","relative_velocity":{"kilometers_per_second":"12.1152158959"},"miss_distance":{"kilometers":"46621240"}}]},{"name":"(2017 LA)","estimated_diameter":{"meters":{"estimated_diameter_min":247.9447840635,"estimated_diameter_max":554.4213918325}},"is_potentially_hazardous_asteroid":false,"close_approach_data":[{"close_approach_date":"2085-06-02","relative_velocity":{"kilometers_per_second":"20.2319232773"},"miss_distance":{"kilometers":"58009740"}}]}]