[{"name":"103067 (1999 XA143)","estimated_diameter":{"meters":{"estimated_diameter_min":1160.2590820944,"estimated_diameter_max":2594.4181790745}},"is_potentially_hazardous_asteroid":true,"close_approach_data":[{"close_approach_date":"2085-07-02","relative_velocity":{"kilometers_per_second":"20.597431326"},"miss_distance":{"kilometers":"49344804"}}]},{"name":"(2005 QP11)","estimated_diameter":{"meters":{"estimated_diameter_min":13.9493822934,"estimated_diameter_max":31.1917670523}},"is_potentially_hazardous_asteroid":false,"close_approach_data":[{"close_approach_date":"2085-07-02","relative_velocity":{"kilometers_per_second":"4.1953395287"},"miss_distance":{"kilometers":"21720258"}}]},{"name":"(2011 HR)","estimated_diameter":{"meters":{"estimated_diameter_min":305.1792325939,"estimated_diameter_max":682.4015094011}},"is_potentially_hazardous_asteroid":false,"close_approach_data":[{"close_approach_date":"2085-07-02","relative_velocity":{"kilometers_per_second":"8.6031415814"},"miss_distance":{"kilometers":"48626248"}}]},{"name":"482244 (2011 HR)","estimated_diameter":{"meters":{"estimated_diameter_min":291.4439045349,"estimated_diameter_max":651.6883821679}},"is_potentially_hazardous_asteroid":false,"close_approach_data":[{"close_approach_date":"2085-07-02","relative_velocity":{"kilometers_per_second":"8.6031371725"},"miss_distance":{"kilometers":"48626176"}}]}]