[{"name":"(2005 GM22)","estimated_diameter":{"meters":{"estimated_diameter_min":80.2703167283,"estimated_diameter_max":179.4898847799}},"is_potentially_hazardous_asteroid":false,"close_approach_data":[{"close_approach_date":"2085-03-20","relative_velocity":{"kilometers_per_second":"12.7240300619"},"miss_distance":{"kilometers":"35635076"}}]},{"name":"(2007 EZ)","estimated_diameter":{"meters":{"estimated_diameter_min":291.4439045349,"estimated_diameter_max":651.6883821679}},"is_potentially_hazardous_asteroid":false,"close_approach_data":[{"close_approach_date":"2085-03-20","relative_velocity":{"kilometers_per_second":"19.2949176396"},"miss_distance":{"kilometers":"25847612"}}]}]