[{"name":"137064 (1998 WP5)","estimated_diameter":{"meters":{"estimated_diameter_min":441.1181999969,"estimated_diameter_max":986.3702813054}},"is_potentially_hazardous_asteroid":false,"close_approach_data":[{"close_approach_date":"2085-12-03","relative_velocity":{"kilometers_per_second":"10.411336005"},"miss_distance":{"kilometers":"49289380"}}]},{"name":"(2006 VG13)","estimated_diameter":{"meters":{"estimated_diameter_min":133.2155666981,"estimated_diameter_max":297.8790627982}},"is_potentially_hazardous_asteroid":true,"close_approach_data":[{"close_approach_date":"2085-12-03","relative_velocity":{"kilometers_per_second":"9.4959160558"},"miss_distance":{"kilometers":"10656839"}}]},{"name":"(2008 ER7)","estimated_diameter":{"meters":{"estimated_diameter_min":265.8,"estimated_diameter_max":594.3468684194}},"is_potentially_hazardous_asteroid":true,"close_approach_data":[{"close_approach_date":"2085-12-03","relative_velocity":{"kilometers_per_second":"18.7316380774"},"miss_distance":{"kilometers":"60413540"}}]},{"name":"(2008 TC2)","estimated_diameter":{"meters":{"estimated_diameter_min":58.1507039646,"estimated_diameter_max":130.0289270043}},"is_potentially_hazardous_asteroid":false,"close_approach_data":[{"close_approach_date":"2085-12-03","relative_velocity":{"kilometers_per_second":"9.0893043726"},"miss_distance":{"kilometers":"60835860"}}]},{"name":"(2013 QN10)","estimated_diameter":{"meters":{"estimated_diameter_min":92.1626548503,"estimated_diameter_max":206.0819612321}},"is_potentially_hazardous_asteroid":false,"close_approach_data":[{"close_approach_date":"2085-12-03","relative_velocity":{"kilometers_per_second":"22.5486955885"},"miss_distance":{"kilometers":"36076288"}}]},{"name":"484506 (2008 ER7)","estimated_diameter":{"meters":{"estimated_diameter_min":242.4124811008,"estimated_diameter_max":542.0507863358}},"is_potentially_hazardous_asteroid":true,"close_approach_data":[{"close_approach_date":"2085-12-03","relative_velocity":{"kilometers_per_second":"18.7316545571"},"miss_distance":{"kilometers":"60413580"}}]}]