[{"name":"371660 (2007 CN26)","estimated_diameter":{"meters":{"estimated_diameter_min":160.1603379786,"estimated_diameter_max":358.1294030194}},"is_potentially_hazardous_asteroid":true,"close_approach_data":[{"close_approach_date":"2085-09-06","relative_velocity":{"kilometers_per_second":"8.1140638011"},"miss_distance":{"kilometers":"3772150"}}]},{"name":"465633 (2009 JR5)","estimated_diameter":{"meters":{"estimated_diameter_min":231.5021222103,"estimated_diameter_max":517.6544821978}},"is_potentially_hazardous_asteroid":true,"close_approach_data":[{"close_approach_date":"2085-09-06","relative_velocity":{"kilometers_per_second":"19.3706873545"},"miss_distance":{"kilometers":"51563232"}}]},{"name":"(2004 CE39)","estimated_diameter":{"meters":{"estimated_diameter_min":139.4938229344,"estimated_diameter_max":311.9176705226}},"is_potentially_hazardous_asteroid":false,"close_approach_data":[{"close_approach_date":"2085-09-06","relative_velocity":{"kilometers_per_second":"14.2804785096"},"miss_distance":{"kilometers":"41052524"}}]},{"name":"(2006 QE)","estimated_diameter":{"meters":{"estimated_diameter_min":319.5618867213,"estimated_diameter_max":714.5621017269}},"is_potentially_hazardous_asteroid":false,"close_approach_data":[{"close_approach_date":"2085-09-06","relative_velocity":{"kilometers_per_second":"19.2124133192"},"miss_distance":{"kilometers":"21163132"}}]}]