[{"name":"455407 (2003 ER)","estimated_diameter":{"meters":{"estimated_diameter_min":291.4439045349,"estimated_diameter_max":651.6883821679}},"is_potentially_hazardous_asteroid":false,"close_approach_data":[{"close_approach_date":"2085-08-14","relative_velocity":{"kilometers_per_second":"17.6835383665"},"miss_distance":{"kilometers":"73216440"}}]},{"name":"(2009 WQ6)","estimated_diameter":{"meters":{"estimated_diameter_min":3.8419789106,"estimated_diameter_max":8.5909260123}},"is_potentially_hazardous_asteroid":false,"close_approach_data":[{"close_approach_date":"2085-08-14","relative_velocity":{"kilometers_per_second":"16.692733859"},"miss_distance":{"kilometers":"70174608"}}]},{"name":"(2014 KM39)","estimated_diameter":{"meters":{"estimated_diameter_min":35.0392641108,"estimated_diameter_max":78.3501764334}},"is_potentially_hazardous_asteroid":false,"close_approach_data":[{"close_approach_date":"2085-08-14","relative_velocity":{"kilometers_per_second":"24.3521636381"},"miss_distance":{"kilometers":"74357856"}}]},{"name":"(2015 QM3)","estimated_diameter":{"meters":{"estimated_diameter_min":221.0828103591,"estimated_diameter_max":494.3561926196}},"is_potentially_hazardous_asteroid":false,"close_approach_data":[{"close_approach_date":"2085-08-14","relative_velocity":{"kilometers_per_second":"11.5079525118"},"miss_distance":{"kilometers":"21086410"}}]}]