[{"name":"390522 (1996 GD1)","estimated_diameter":{"meters":{"estimated_diameter_min":201.6299194428,"estimated_diameter_max":450.8582061718}},"is_potentially_hazardous_asteroid":false,"close_approach_data":[{"close_approach_date":"2085-10-13","relative_velocity":{"kilometers_per_second":"11.6146847969"},"miss_distance":{"kilometers":"33753328"}}]},{"name":"(2014 UR)","estimated_diameter":{"meters":{"estimated_diameter_min":12.7219878539,"estimated_diameter_max":28.4472296503}},"is_potentially_hazardous_asteroid":false,"close_approach_data":[{"close_approach_date":"2085-10-13","relative_velocity":{"kilometers_per_second":"11.5308523651"},"miss_distance":{"kilometers":"50466372"}}]},{"name":"(2017 FQ127)","estimated_diameter":{"meters":{"estimated_diameter_min":14.708045903,"estimated_diameter_max":32.8881904552}},"is_potentially_hazardous_asteroid":false,"close_approach_data":[{"close_approach_date":"2085-10-13","relative_velocity":{"kilometers_per_second":"17.5852974338"},"miss_distance":{"kilometers":"20356648"}}]}]