[{"name":"4486 Mithra (1987 SB)","estimated_diameter":{"meters":{"estimated_diameter_min":2016.2991944276,"estimated_diameter_max":4508.5820617181}},"is_potentially_hazardous_asteroid":true,"close_approach_data":[{"close_approach_date":"2085-08-24","relative_velocity":{"kilometers_per_second":"21.1396083758"},"miss_distance":{"kilometers":"20084086"}}]},{"name":"162567 (2000 RW37)","estimated_diameter":{"meters":{"estimated_diameter_min":278.3267680719,"estimated_diameter_max":622.3575733667}},"is_potentially_hazardous_asteroid":true,"close_approach_data":[{"close_approach_date":"2085-08-24","relative_velocity":{"kilometers_per_second":"9.5072841732"},"miss_distance":{"kilometers":"68628840"}}]},{"name":"387717 (2003 DN4)","estimated_diameter":{"meters":{"estimated_diameter_min":366.9061375314,"estimated_diameter_max":820.4270648822}},"is_potentially_hazardous_asteroid":false,"close_approach_data":[{"close_approach_date":"2085-08-24","relative_velocity":{"kilometers_per_second":"26.6970811571"},"miss_distance":{"kilometers":"57254004"}}]},{"name":"(2002 RT)","estimated_diameter":{"meters":{"estimated_diameter_min":175.6123184804,"estimated_diameter_max":392.6810818086}},"is_potentially_hazardous_asteroid":false,"close_approach_data":[{"close_approach_date":"2085-08-24","relative_velocity":{"kilometers_per_second":"40.7788287242"},"miss_distance":{"kilometers":"71920960"}}]},{"name":"(2009 MW)","estimated_diameter":{"meters":{"estimated_diameter_min":183.8886720703,"estimated_diameter_max":411.1875710413}},"is_potentially_hazardous_asteroid":false,"close_approach_data":[{"close_approach_date":"2085-08-24","relative_velocity":{"kilometers_per_second":"12.1477268101"},"miss_distance":{"kilometers":"57409612"}}]}]