[{"name":"90367 (2003 LC5)","estimated_diameter":{"meters":{"estimated_diameter_min":732.0739893473,"estimated_diameter_max":1636.96720474}},"is_potentially_hazardous_asteroid":false,"close_approach_data":[{"close_approach_date":"2085-07-15","relative_velocity":{"kilometers_per_second":"12.1095986704"},"miss_distance":{"kilometers":"29432418"}}]},{"name":"152828 (1999 VT25)","estimated_diameter":{"meters":{"estimated_diameter_min":152.9519353442,"estimated_diameter_max":342.0109247198}},"is_potentially_hazardous_asteroid":true,"close_approach_data":[{"close_approach_date":"2085-07-15","relative_velocity":{"kilometers_per_second":"8.6023866708"},"miss_distance":{"kilometers":"56021940"}}]},{"name":"(1995 LG)","estimated_diameter":{"meters":{"estimated_diameter_min":483.6764882185,"estimated_diameter_max":1081.533506775}},"is_potentially_hazardous_asteroid":false,"close_approach_data":[{"close_approach_date":"2085-07-15","relative_velocity":{"kilometers_per_second":"25.0441182799"},"miss_distance":{"kilometers":"49610104"}}]},{"name":"(2013 NP11)","estimated_diameter":{"meters":{"estimated_diameter_min":139.4938229344,"estimated_diameter_max":311.9176705226}},"is_potentially_hazardous_asteroid":false,"close_approach_data":[{"close_approach_date":"2085-07-15","relative_velocity":{"kilometers_per_second":"9.5577307984"},"miss_distance":{"kilometers":"29127786"}}]},{"name":"495829 (1995 LG)","estimated_diameter":{"meters":{"estimated_diameter_min":483.6764882185,"estimated_diameter_max":1081.533506775}},"is_potentially_hazardous_asteroid":false,"close_approach_data":[{"close_approach_date":"2085-07-15","relative_velocity":{"kilometers_per_second":"25.0441168592"},"miss_distance":{"kilometers":"49610112"}}]}]