[{"name":"(1999 AJ39)","estimated_diameter":{"meters":{"estimated_diameter_min":139.4938229344,"estimated_diameter_max":311.9176705226}},"is_potentially_hazardous_asteroid":false,"close_approach_data":[{"close_approach_date":"2085-10-22","relative_velocity":{"kilometers_per_second":"16.3962074684"},"miss_distance":{"kilometers":"48056856"}}]},{"name":"(2013 OF)","estimated_diameter":{"meters":{"estimated_diameter_min":50.6471458835,"estimated_diameter_max":113.2504610618}},"is_potentially_hazardous_asteroid":false,"close_approach_data":[{"close_approach_date":"2085-10-22","relative_velocity":{"kilometers_per_second":"11.4706433951"},"miss_distance":{"kilometers":"17373754"}}]}]