[{"name":"(1996 BG1)","estimated_diameter":{"meters":{"estimated_diameter_min":46.1907460282,"estimated_diameter_max":103.2856480504}},"is_potentially_hazardous_asteroid":false,"close_approach_data":[{"close_approach_date":"2085-07-29","relative_velocity":{"kilometers_per_second":"12.4584553137"},"miss_distance":{"kilometers":"54518184"}}]},{"name":"(2011 EB12)","estimated_diameter":{"meters":{"estimated_diameter_min":146.0679642714,"estimated_diameter_max":326.6178974458}},"is_potentially_hazardous_asteroid":false,"close_approach_data":[{"close_approach_date":"2085-07-29","relative_velocity":{"kilometers_per_second":"19.5780562067"},"miss_distance":{"kilometers":"61308940"}}]},{"name":"(2016 EZ27)","estimated_diameter":{"meters":{"estimated_diameter_min":334.6223744549,"estimated_diameter_max":748.2383760735}},"is_potentially_hazardous_asteroid":false,"close_approach_data":[{"close_approach_date":"2085-07-29","relative_velocity":{"kilometers_per_second":"21.1513373602"},"miss_distance":{"kilometers":"51287540"}}]}]