[{"name":"137924 (2000 BD19)","estimated_diameter":{"meters":{"estimated_diameter_min":965.0614695789,"estimated_diameter_max":2157.9430484443}},"is_potentially_hazardous_asteroid":false,"close_approach_data":[{"close_approach_date":"2085-12-24","relative_velocity":{"kilometers_per_second":"25.7073971505"},"miss_distance":{"kilometers":"64460444"}}]},{"name":"194386 (2001 VG5)","estimated_diameter":{"meters":{"estimated_diameter_min":1058.1688593312,"estimated_diameter_max":2366.137501138}},"is_potentially_hazardous_asteroid":false,"close_approach_data":[{"close_approach_date":"2085-12-24","relative_velocity":{"kilometers_per_second":"25.7042523567"},"miss_distance":{"kilometers":"68424600"}}]},{"name":"351508 (2005 RN33)","estimated_diameter":{"meters":{"estimated_diameter_min":319.5618867213,"estimated_diameter_max":714.5621017269}},"is_potentially_hazardous_asteroid":false,"close_approach_data":[{"close_approach_date":"2085-12-24","relative_velocity":{"kilometers_per_second":"5.0816695342"},"miss_distance":{"kilometers":"70961848"}}]},{"name":"(2004 AD)","estimated_diameter":{"meters":{"estimated_diameter_min":35.0392641108,"estimated_diameter_max":78.3501764334}},"is_potentially_hazardous_asteroid":false,"close_approach_data":[{"close_approach_date":"2085-12-24","relative_velocity":{"kilometers_per_second":"5.6868689183"},"miss_distance":{"kilometers":"9524778"}}]},{"name":"(2007 RT12)","estimated_diameter":{"meters":{"estimated_diameter_min":44.1118199997,"estimated_diameter_max":98.6370281305}},"is_potentially_hazardous_asteroid":false,"close_approach_data":[{"close_approach_date":"2085-12-24","relative_velocity":{"kilometers_per_second":"3.3049196584"},"miss_distance":{"kilometers":"22108744"}}]},{"name":"(2014 WE365)","estimated_diameter":{"meters":{"estimated_diameter_min":167.7084621628,"estimated_diameter_max":375.0075217981}},"is_potentially_hazardous_asteroid":true,"close_approach_data":[{"close_approach_date":"2085-12-24","relative_velocity":{"kilometers_per_second":"8.4147596416"},"miss_distance":{"kilometers":"64820136"}}]},{"name":"(2015 AJ44)","estimated_diameter":{"meters":{"estimated_diameter_min":92.1626548503,"estimated_diameter_max":206.0819612321}},"is_potentially_hazardous_asteroid":false,"close_approach_data":[{"close_approach_date":"2085-12-24","relative_velocity":{"kilometers_per_second":"10.7870814347"},"miss_distance":{"kilometers":"31678040"}}]},{"name":"(2016 XE18)","estimated_diameter":{"meters":{"estimated_diameter_min":23.150212221,"estimated_diameter_max":51.7654482198}},"is_potentially_hazardous_asteroid":false,"close_approach_data":[{"close_approach_date":"2085-12-24","relative_velocity":{"kilometers_per_second":"15.0344845681"},"miss_distance":{"kilometers":"52050660"}}]},{"name":"(2012 AW)","estimated_diameter":{"meters":{"estimated_diameter_min":105.8168859331,"estimated_diameter_max":236.6137501138}},"is_potentially_hazardous_asteroid":false,"close_approach_data":[{"close_approach_date":"2085-12-24","relative_velocity":{"kilometers_per_second":"10.0487737921"},"miss_distance":{"kilometers":"58636888"}}]}]