[{"name":"439877 (1999 XM141)","estimated_diameter":{"meters":{"estimated_diameter_min":334.6223744549,"estimated_diameter_max":748.2383760735}},"is_potentially_hazardous_asteroid":true,"close_approach_data":[{"close_approach_date":"2085-06-21","relative_velocity":{"kilometers_per_second":"20.9322660948"},"miss_distance":{"kilometers":"37977076"}}]},{"name":"(2002 UK11)","estimated_diameter":{"meters":{"estimated_diameter_min":121.4940407996,"estimated_diameter_max":271.6689340891}},"is_potentially_hazardous_asteroid":true,"close_approach_data":[{"close_approach_date":"2085-06-21","relative_velocity":{"kilometers_per_second":"26.3310150802"},"miss_distance":{"kilometers":"43249984"}}]}]