[{"name":"(1999 AJ39)","estimated_diameter":{"meters":{"estimated_diameter_min":139.4938229344,"estimated_diameter_max":311.9176705226}},"is_potentially_hazardous_asteroid":false,"close_approach_data":[{"close_approach_date":"2085-01-30","relative_velocity":{"kilometers_per_second":"10.2953677831"},"miss_distance":{"kilometers":"73160528"}}]},{"name":"(2002 AR4)","estimated_diameter":{"meters":{"estimated_diameter_min":265.8,"estimated_diameter_max":594.3468684194}},"is_potentially_hazardous_asteroid":false,"close_approach_data":[{"close_approach_date":"2085-01-30","relative_velocity":{"kilometers_per_second":"11.7726205373"},"miss_distance":{"kilometers":"47168704"}}]},{"name":"(2013 YM70)","estimated_diameter":{"meters":{"estimated_diameter_min":211.1324447897,"estimated_diameter_max":472.1064988055}},"is_potentially_hazardous_asteroid":false,"close_approach_data":[{"close_approach_date":"2085-01-30","relative_velocity":{"kilometers_per_second":"17.2249928244"},"miss_distance":{"kilometers":"56888112"}}]}]