[{"name":"(2005 JO3)","estimated_diameter":{"meters":{"estimated_diameter_min":278.3267680719,"estimated_diameter_max":622.3575733667}},"is_potentially_hazardous_asteroid":false,"close_approach_data":[{"close_approach_date":"2085-10-19","relative_velocity":{"kilometers_per_second":"22.9883844315"},"miss_distance":{"kilometers":"45640688"}}]},{"name":"(2005 TR50)","estimated_diameter":{"meters":{"estimated_diameter_min":242.4124811008,"estimated_diameter_max":542.0507863358}},"is_potentially_hazardous_asteroid":true,"close_approach_data":[{"close_approach_date":"2085-10-19","relative_velocity":{"kilometers_per_second":"21.9603465479"},"miss_distance":{"kilometers":"10219072"}}]},{"name":"(2012 QE50)","estimated_diameter":{"meters":{"estimated_diameter_min":441.1181999969,"estimated_diameter_max":986.3702813054}},"is_potentially_hazardous_asteroid":true,"close_approach_data":[{"close_approach_date":"2085-10-19","relative_velocity":{"kilometers_per_second":"9.24078495"},"miss_distance":{"kilometers":"8768792"}}]}]