[{"name":"86666 (2000 FL10)","estimated_diameter":{"meters":{"estimated_diameter_min":1108.0388212642,"estimated_diameter_max":2477.6501260554}},"is_potentially_hazardous_asteroid":false,"close_approach_data":[{"close_approach_date":"2085-03-13","relative_velocity":{"kilometers_per_second":"15.2563374941"},"miss_distance":{"kilometers":"48249968"}}]},{"name":"(2008 CE119)","estimated_diameter":{"meters":{"estimated_diameter_min":19.2555078188,"estimated_diameter_max":43.0566244241}},"is_potentially_hazardous_asteroid":false,"close_approach_data":[{"close_approach_date":"2085-03-13","relative_velocity":{"kilometers_per_second":"4.221048999"},"miss_distance":{"kilometers":"18728470"}}]},{"name":"(2008 XF)","estimated_diameter":{"meters":{"estimated_diameter_min":55.5334911581,"estimated_diameter_max":124.1766612574}},"is_potentially_hazardous_asteroid":false,"close_approach_data":[{"close_approach_date":"2085-03-13","relative_velocity":{"kilometers_per_second":"4.2503390111"},"miss_distance":{"kilometers":"46217224"}}]},{"name":"(2009 CR5)","estimated_diameter":{"meters":{"estimated_diameter_min":101.054341542,"estimated_diameter_max":225.9643771094}},"is_potentially_hazardous_asteroid":false,"close_approach_data":[{"close_approach_date":"2085-03-13","relative_velocity":{"kilometers_per_second":"18.6074163124"},"miss_distance":{"kilometers":"51844932"}}]},{"name":"(2014 UD176)","estimated_diameter":{"meters":{"estimated_diameter_min":29.1443904535,"estimated_diameter_max":65.1688382168}},"is_potentially_hazardous_asteroid":false,"close_approach_data":[{"close_approach_date":"2085-03-13","relative_velocity":{"kilometers_per_second":"9.4243557116"},"miss_distance":{"kilometers":"71576712"}}]},{"name":"(2015 BA92)","estimated_diameter":{"meters":{"estimated_diameter_min":265.8,"estimated_diameter_max":594.3468684194}},"is_potentially_hazardous_asteroid":false,"close_approach_data":[{"close_approach_date":"2085-03-13","relative_velocity":{"kilometers_per_second":"25.8353982872"},"miss_distance":{"kilometers":"54478232"}}]},{"name":"(2015 EO7)","estimated_diameter":{"meters":{"estimated_diameter_min":20.1629919443,"estimated_diameter_max":45.0858206172}},"is_potentially_hazardous_asteroid":false,"close_approach_data":[{"close_approach_date":"2085-03-13","relative_velocity":{"kilometers_per_second":"2.827317385"},"miss_distance":{"kilometers":"11021518"}}]},{"name":"(2017 DV37)","estimated_diameter":{"meters":{"estimated_diameter_min":242.4124811008,"estimated_diameter_max":542.0507863358}},"is_potentially_hazardous_asteroid":false,"close_approach_data":[{"close_approach_date":"2085-03-13","relative_velocity":{"kilometers_per_second":"6.4405110138"},"miss_distance":{"kilometers":"46505400"}}]},{"name":"487580 (2015 BA92)","estimated_diameter":{"meters":{"estimated_diameter_min":265.8,"estimated_diameter_max":594.3468684194}},"is_potentially_hazardous_asteroid":false,"close_approach_data":[{"close_approach_date":"2085-03-13","relative_velocity":{"kilometers_per_second":"25.8353960815"},"miss_distance":{"kilometers":"54478220"}}]}]