[{"name":"455184 (2000 ED14)","estimated_diameter":{"meters":{"estimated_diameter_min":183.8886720703,"estimated_diameter_max":411.1875710413}},"is_potentially_hazardous_asteroid":true,"close_approach_data":[{"close_approach_date":"2085-12-23","relative_velocity":{"kilometers_per_second":"18.9316185217"},"miss_distance":{"kilometers":"35997596"}}]},{"name":"(2003 AA3)","estimated_diameter":{"meters":{"estimated_diameter_min":242.4124811008,"estimated_diameter_max":542.0507863358}},"is_potentially_hazardous_asteroid":true,"close_approach_data":[{"close_approach_date":"2085-12-23","relative_velocity":{"kilometers_per_second":"8.9136258747"},"miss_distance":{"kilometers":"21238366"}}]},{"name":"(2012 QO10)","estimated_diameter":{"meters":{"estimated_diameter_min":441.1181999969,"estimated_diameter_max":986.3702813054}},"is_potentially_hazardous_asteroid":false,"close_approach_data":[{"close_approach_date":"2085-12-23","relative_velocity":{"kilometers_per_second":"9.4615010741"},"miss_distance":{"kilometers":"18551080"}}]},{"name":"(2013 VQ4)","estimated_diameter":{"meters":{"estimated_diameter_min":116.0259082094,"estimated_diameter_max":259.4418179074}},"is_potentially_hazardous_asteroid":false,"close_approach_data":[{"close_approach_date":"2085-12-23","relative_velocity":{"kilometers_per_second":"17.8000895495"},"miss_distance":{"kilometers":"56866608"}}]}]