[{"name":"(2004 RY109)","estimated_diameter":{"meters":{"estimated_diameter_min":421.2646105562,"estimated_diameter_max":941.9763057186}},"is_potentially_hazardous_asteroid":true,"close_approach_data":[{"close_approach_date":"2085-08-22","relative_velocity":{"kilometers_per_second":"14.3836085268"},"miss_distance":{"kilometers":"50085140"}}]},{"name":"(2013 BE19)","estimated_diameter":{"meters":{"estimated_diameter_min":291.4439045349,"estimated_diameter_max":651.6883821679}},"is_potentially_hazardous_asteroid":true,"close_approach_data":[{"close_approach_date":"2085-08-22","relative_velocity":{"kilometers_per_second":"21.0461317507"},"miss_distance":{"kilometers":"46316904"}}]}]