[{"name":"139622 (2001 QQ142)","estimated_diameter":{"meters":{"estimated_diameter_min":555.334911581,"estimated_diameter_max":1241.766612574}},"is_potentially_hazardous_asteroid":true,"close_approach_data":[{"close_approach_date":"2085-01-03","relative_velocity":{"kilometers_per_second":"11.7698593835"},"miss_distance":{"kilometers":"30016624"}}]},{"name":"187040 (2005 JS108)","estimated_diameter":{"meters":{"estimated_diameter_min":384.1978910643,"estimated_diameter_max":859.0926012318}},"is_potentially_hazardous_asteroid":true,"close_approach_data":[{"close_approach_date":"2085-01-03","relative_velocity":{"kilometers_per_second":"7.8302784562"},"miss_distance":{"kilometers":"73384792"}}]},{"name":"376848 (2001 RY47)","estimated_diameter":{"meters":{"estimated_diameter_min":350.3926411083,"estimated_diameter_max":783.5017643338}},"is_potentially_hazardous_asteroid":false,"close_approach_data":[{"close_approach_date":"2085-01-03","relative_velocity":{"kilometers_per_second":"16.8030438375"},"miss_distance":{"kilometers":"49054420"}}]},{"name":"(2001 YE4)","estimated_diameter":{"meters":{"estimated_diameter_min":192.5550781879,"estimated_diameter_max":430.566244241}},"is_potentially_hazardous_asteroid":true,"close_approach_data":[{"close_approach_date":"2085-01-03","relative_velocity":{"kilometers_per_second":"21.0940504182"},"miss_distance":{"kilometers":"38508676"}}]},{"name":"(2008 YZ32)","estimated_diameter":{"meters":{"estimated_diameter_min":253.8370293645,"estimated_diameter_max":567.5968528656}},"is_potentially_hazardous_asteroid":false,"close_approach_data":[{"close_approach_date":"2085-01-03","relative_velocity":{"kilometers_per_second":"27.0727675871"},"miss_distance":{"kilometers":"29533434"}}]},{"name":"(2013 XS3)","estimated_diameter":{"meters":{"estimated_diameter_min":253.8370293645,"estimated_diameter_max":567.5968528656}},"is_potentially_hazardous_asteroid":false,"close_approach_data":[{"close_approach_date":"2085-01-03","relative_velocity":{"kilometers_per_second":"14.9179410726"},"miss_distance":{"kilometers":"71695080"}}]},{"name":"480883 (2001 YE4)","estimated_diameter":{"meters":{"estimated_diameter_min":192.5550781879,"estimated_diameter_max":430.566244241}},"is_potentially_hazardous_asteroid":true,"close_approach_data":[{"close_approach_date":"2085-01-03","relative_velocity":{"kilometers_per_second":"21.0947264556"},"miss_distance":{"kilometers":"38511484"}}]}]