[{"name":"(2000 OK8)","estimated_diameter":{"meters":{"estimated_diameter_min":242.4124811008,"estimated_diameter_max":542.0507863358}},"is_potentially_hazardous_asteroid":false,"close_approach_data":[{"close_approach_date":"2085-08-25","relative_velocity":{"kilometers_per_second":"6.6262268109"},"miss_distance":{"kilometers":"21761626"}}]},{"name":"(2008 EE68)","estimated_diameter":{"meters":{"estimated_diameter_min":201.6299194428,"estimated_diameter_max":450.8582061718}},"is_potentially_hazardous_asteroid":false,"close_approach_data":[{"close_approach_date":"2085-08-25","relative_velocity":{"kilometers_per_second":"15.5545160011"},"miss_distance":{"kilometers":"73066024"}}]},{"name":"(2017 HN49)","estimated_diameter":{"meters":{"estimated_diameter_min":128.3379141778,"estimated_diameter_max":286.9723001921}},"is_potentially_hazardous_asteroid":false,"close_approach_data":[{"close_approach_date":"2085-08-25","relative_velocity":{"kilometers_per_second":"15.8964774773"},"miss_distance":{"kilometers":"60949520"}}]}]