[{"name":"(2016 EL27)","estimated_diameter":{"meters":{"estimated_diameter_min":16.0160337979,"estimated_diameter_max":35.8129403019}},"is_potentially_hazardous_asteroid":false,"close_approach_data":[{"close_approach_date":"2085-02-09","relative_velocity":{"kilometers_per_second":"8.7187604336"},"miss_distance":{"kilometers":"31203498"}}]},{"name":"(2015 DS53)","estimated_diameter":{"meters":{"estimated_diameter_min":38.4197891064,"estimated_diameter_max":85.9092601232}},"is_potentially_hazardous_asteroid":false,"close_approach_data":[{"close_approach_date":"2085-02-09","relative_velocity":{"kilometers_per_second":"29.0051537261"},"miss_distance":{"kilometers":"71770832"}}]},{"name":"(2014 DV110)","estimated_diameter":{"meters":{"estimated_diameter_min":27.8326768072,"estimated_diameter_max":62.2357573367}},"is_potentially_hazardous_asteroid":false,"close_approach_data":[{"close_approach_date":"2085-02-09","relative_velocity":{"kilometers_per_second":"9.6828431411"},"miss_distance":{"kilometers":"11828993"}}]}]