[{"name":"337084 (1998 SE36)","estimated_diameter":{"meters":{"estimated_diameter_min":319.5618867213,"estimated_diameter_max":714.5621017269}},"is_potentially_hazardous_asteroid":false,"close_approach_data":[{"close_approach_date":"2085-09-26","relative_velocity":{"kilometers_per_second":"7.847287105"},"miss_distance":{"kilometers":"65416224"}}]},{"name":"381989 (2010 HR80)","estimated_diameter":{"meters":{"estimated_diameter_min":278.3267680719,"estimated_diameter_max":622.3575733667}},"is_potentially_hazardous_asteroid":false,"close_approach_data":[{"close_approach_date":"2085-09-26","relative_velocity":{"kilometers_per_second":"18.06718303"},"miss_distance":{"kilometers":"28577984"}}]}]