[{"name":"380636 (2004 XN14)","estimated_diameter":{"meters":{"estimated_diameter_min":305.1792325939,"estimated_diameter_max":682.4015094011}},"is_potentially_hazardous_asteroid":true,"close_approach_data":[{"close_approach_date":"2085-01-17","relative_velocity":{"kilometers_per_second":"7.4350637277"},"miss_distance":{"kilometers":"16465101"}}]},{"name":"(2002 AK14)","estimated_diameter":{"meters":{"estimated_diameter_min":133.2155666981,"estimated_diameter_max":297.8790627982}},"is_potentially_hazardous_asteroid":false,"close_approach_data":[{"close_approach_date":"2085-01-17","relative_velocity":{"kilometers_per_second":"9.5018907705"},"miss_distance":{"kilometers":"17200558"}}]},{"name":"(2014 YE35)","estimated_diameter":{"meters":{"estimated_diameter_min":231.5021222103,"estimated_diameter_max":517.6544821978}},"is_potentially_hazardous_asteroid":false,"close_approach_data":[{"close_approach_date":"2085-01-17","relative_velocity":{"kilometers_per_second":"25.3953092164"},"miss_distance":{"kilometers":"73611016"}}]}]