[{"name":"40267 (1999 GJ4)","estimated_diameter":{"meters":{"estimated_diameter_min":2111.3244478971,"estimated_diameter_max":4721.0649880552}},"is_potentially_hazardous_asteroid":false,"close_approach_data":[{"close_approach_date":"2085-02-22","relative_velocity":{"kilometers_per_second":"43.7202032225"},"miss_distance":{"kilometers":"65948624"}}]},{"name":"425755 (2011 CP4)","estimated_diameter":{"meters":{"estimated_diameter_min":152.9519353442,"estimated_diameter_max":342.0109247198}},"is_potentially_hazardous_asteroid":true,"close_approach_data":[{"close_approach_date":"2085-02-22","relative_velocity":{"kilometers_per_second":"21.632348952"},"miss_distance":{"kilometers":"70209096"}}]},{"name":"(2010 RJ43)","estimated_diameter":{"meters":{"estimated_diameter_min":48.3676488219,"estimated_diameter_max":108.1533506775}},"is_potentially_hazardous_asteroid":false,"close_approach_data":[{"close_approach_date":"2085-02-22","relative_velocity":{"kilometers_per_second":"19.7816126908"},"miss_distance":{"kilometers":"74300432"}}]},{"name":"(2017 CF32)","estimated_diameter":{"meters":{"estimated_diameter_min":16.0160337979,"estimated_diameter_max":35.8129403019}},"is_potentially_hazardous_asteroid":false,"close_approach_data":[{"close_approach_date":"2085-02-22","relative_velocity":{"kilometers_per_second":"6.6785346351"},"miss_distance":{"kilometers":"14179720"}}]}]