[{"name":"36236 (1999 VV)","estimated_diameter":{"meters":{"estimated_diameter_min":1756.1231848042,"estimated_diameter_max":3926.8108180856}},"is_potentially_hazardous_asteroid":false,"close_approach_data":[{"close_approach_date":"2085-06-07","relative_velocity":{"kilometers_per_second":"34.9139938161"},"miss_distance":{"kilometers":"52581964"}}]},{"name":"355046 (2006 SO19)","estimated_diameter":{"meters":{"estimated_diameter_min":334.6223744549,"estimated_diameter_max":748.2383760735}},"is_potentially_hazardous_asteroid":false,"close_approach_data":[{"close_approach_date":"2085-06-07","relative_velocity":{"kilometers_per_second":"10.023648397"},"miss_distance":{"kilometers":"21634202"}}]},{"name":"410627 (2008 RG1)","estimated_diameter":{"meters":{"estimated_diameter_min":192.5550781879,"estimated_diameter_max":430.566244241}},"is_potentially_hazardous_asteroid":true,"close_approach_data":[{"close_approach_date":"2085-06-07","relative_velocity":{"kilometers_per_second":"12.2607883512"},"miss_distance":{"kilometers":"50957268"}}]},{"name":"(2003 LG)","estimated_diameter":{"meters":{"estimated_diameter_min":530.3407233187,"estimated_diameter_max":1185.8779085771}},"is_potentially_hazardous_asteroid":false,"close_approach_data":[{"close_approach_date":"2085-06-07","relative_velocity":{"kilometers_per_second":"30.1347971747"},"miss_distance":{"kilometers":"45837844"}}]},{"name":"(2005 HN3)","estimated_diameter":{"meters":{"estimated_diameter_min":152.9519353442,"estimated_diameter_max":342.0109247198}},"is_potentially_hazardous_asteroid":false,"close_approach_data":[{"close_approach_date":"2085-06-07","relative_velocity":{"kilometers_per_second":"7.5165148204"},"miss_distance":{"kilometers":"19034866"}}]},{"name":"(2011 FC29)","estimated_diameter":{"meters":{"estimated_diameter_min":183.8886720703,"estimated_diameter_max":411.1875710413}},"is_potentially_hazardous_asteroid":false,"close_approach_data":[{"close_approach_date":"2085-06-07","relative_velocity":{"kilometers_per_second":"26.5628236531"},"miss_distance":{"kilometers":"67348240"}}]},{"name":"(2012 WH1)","estimated_diameter":{"meters":{"estimated_diameter_min":44.1118199997,"estimated_diameter_max":98.6370281305}},"is_potentially_hazardous_asteroid":false,"close_approach_data":[{"close_approach_date":"2085-06-07","relative_velocity":{"kilometers_per_second":"14.1844596222"},"miss_distance":{"kilometers":"63932052"}}]},{"name":"(2013 JX2)","estimated_diameter":{"meters":{"estimated_diameter_min":192.5550781879,"estimated_diameter_max":430.566244241}},"is_potentially_hazardous_asteroid":false,"close_approach_data":[{"close_approach_date":"2085-06-07","relative_velocity":{"kilometers_per_second":"9.2336855958"},"miss_distance":{"kilometers":"24334352"}}]},{"name":"(2014 LK21)","estimated_diameter":{"meters":{"estimated_diameter_min":17.561231848,"estimated_diameter_max":39.2681081809}},"is_potentially_hazardous_asteroid":false,"close_approach_data":[{"close_approach_date":"2085-06-07","relative_velocity":{"kilometers_per_second":"8.8304915154"},"miss_distance":{"kilometers":"29040364"}}]},{"name":"(2015 RK82)","estimated_diameter":{"meters":{"estimated_diameter_min":201.6299194428,"estimated_diameter_max":450.8582061718}},"is_potentially_hazardous_asteroid":false,"close_approach_data":[{"close_approach_date":"2085-06-07","relative_velocity":{"kilometers_per_second":"12.5807083"},"miss_distance":{"kilometers":"27957882"}}]},{"name":"(2017 BS31)","estimated_diameter":{"meters":{"estimated_diameter_min":110.8038821264,"estimated_diameter_max":247.7650126055}},"is_potentially_hazardous_asteroid":true,"close_approach_data":[{"close_approach_date":"2085-06-07","relative_velocity":{"kilometers_per_second":"13.684652225"},"miss_distance":{"kilometers":"64343344"}}]}]