[{"name":"174050 (2002 CC19)","estimated_diameter":{"meters":{"estimated_diameter_min":840.5334020728,"estimated_diameter_max":1879.4898243938}},"is_potentially_hazardous_asteroid":false,"close_approach_data":[{"close_approach_date":"2085-02-11","relative_velocity":{"kilometers_per_second":"26.6340295202"},"miss_distance":{"kilometers":"66650296"}}]},{"name":"(2005 TQ45)","estimated_diameter":{"meters":{"estimated_diameter_min":20.1629919443,"estimated_diameter_max":45.0858206172}},"is_potentially_hazardous_asteroid":false,"close_approach_data":[{"close_approach_date":"2085-02-11","relative_velocity":{"kilometers_per_second":"16.0022635835"},"miss_distance":{"kilometers":"62008300"}}]},{"name":"(2015 HK)","estimated_diameter":{"meters":{"estimated_diameter_min":21.113244479,"estimated_diameter_max":47.2106498806}},"is_potentially_hazardous_asteroid":false,"close_approach_data":[{"close_approach_date":"2085-02-11","relative_velocity":{"kilometers_per_second":"15.0999872684"},"miss_distance":{"kilometers":"52144772"}}]}]