[{"name":"408751 (1987 SF3)","estimated_diameter":{"meters":{"estimated_diameter_min":421.2646105562,"estimated_diameter_max":941.9763057186}},"is_potentially_hazardous_asteroid":false,"close_approach_data":[{"close_approach_date":"2085-06-24","relative_velocity":{"kilometers_per_second":"17.1847214148"},"miss_distance":{"kilometers":"52378220"}}]},{"name":"(2008 LW16)","estimated_diameter":{"meters":{"estimated_diameter_min":278.3267680719,"estimated_diameter_max":622.3575733667}},"is_potentially_hazardous_asteroid":true,"close_approach_data":[{"close_approach_date":"2085-06-24","relative_velocity":{"kilometers_per_second":"15.2926854606"},"miss_distance":{"kilometers":"42997484"}}]},{"name":"(2010 JU39)","estimated_diameter":{"meters":{"estimated_diameter_min":319.5618867213,"estimated_diameter_max":714.5621017269}},"is_potentially_hazardous_asteroid":true,"close_approach_data":[{"close_approach_date":"2085-06-24","relative_velocity":{"kilometers_per_second":"17.8077992504"},"miss_distance":{"kilometers":"64062620"}}]},{"name":"(2015 HA10)","estimated_diameter":{"meters":{"estimated_diameter_min":201.6299194428,"estimated_diameter_max":450.8582061718}},"is_potentially_hazardous_asteroid":false,"close_approach_data":[{"close_approach_date":"2085-06-24","relative_velocity":{"kilometers_per_second":"17.0702610584"},"miss_distance":{"kilometers":"60039228"}}]},{"name":"(2011 UR255)","estimated_diameter":{"meters":{"estimated_diameter_min":291.4439045349,"estimated_diameter_max":651.6883821679}},"is_potentially_hazardous_asteroid":false,"close_approach_data":[{"close_approach_date":"2085-06-24","relative_velocity":{"kilometers_per_second":"8.2343890469"},"miss_distance":{"kilometers":"73193848"}}]},{"name":"494999 (2010 JU39)","estimated_diameter":{"meters":{"estimated_diameter_min":319.5618867213,"estimated_diameter_max":714.5621017269}},"is_potentially_hazardous_asteroid":true,"close_approach_data":[{"close_approach_date":"2085-06-24","relative_velocity":{"kilometers_per_second":"17.8077992726"},"miss_distance":{"kilometers":"64062620"}}]}]