[{"name":"(2015 PP291)","estimated_diameter":{"meters":{"estimated_diameter_min":637.6097898754,"estimated_diameter_max":1425.7388332807}},"is_potentially_hazardous_asteroid":false,"close_approach_data":[{"close_approach_date":"2085-07-12","relative_velocity":{"kilometers_per_second":"36.4984199099"},"miss_distance":{"kilometers":"65701616"}}]},{"name":"(2016 UZ56)","estimated_diameter":{"meters":{"estimated_diameter_min":42.1264610556,"estimated_diameter_max":94.1976305719}},"is_potentially_hazardous_asteroid":false,"close_approach_data":[{"close_approach_date":"2085-07-12","relative_velocity":{"kilometers_per_second":"6.4194400701"},"miss_distance":{"kilometers":"65280248"}}]}]