[{"name":"140158 (2001 SX169)","estimated_diameter":{"meters":{"estimated_diameter_min":581.5070396458,"estimated_diameter_max":1300.2892700427}},"is_potentially_hazardous_asteroid":true,"close_approach_data":[{"close_approach_date":"2085-06-30","relative_velocity":{"kilometers_per_second":"27.1214163971"},"miss_distance":{"kilometers":"71601480"}}]},{"name":"413216 (2003 MA)","estimated_diameter":{"meters":{"estimated_diameter_min":441.1181999969,"estimated_diameter_max":986.3702813054}},"is_potentially_hazardous_asteroid":false,"close_approach_data":[{"close_approach_date":"2085-06-30","relative_velocity":{"kilometers_per_second":"15.6534949111"},"miss_distance":{"kilometers":"55657836"}}]},{"name":"452807 (2006 KV89)","estimated_diameter":{"meters":{"estimated_diameter_min":139.4938229344,"estimated_diameter_max":311.9176705226}},"is_potentially_hazardous_asteroid":true,"close_approach_data":[{"close_approach_date":"2085-06-30","relative_velocity":{"kilometers_per_second":"5.6439640657"},"miss_distance":{"kilometers":"45481448"}}]},{"name":"(2005 MF5)","estimated_diameter":{"meters":{"estimated_diameter_min":121.4940407996,"estimated_diameter_max":271.6689340891}},"is_potentially_hazardous_asteroid":false,"close_approach_data":[{"close_approach_date":"2085-06-30","relative_velocity":{"kilometers_per_second":"14.8266019789"},"miss_distance":{"kilometers":"13213096"}}]},{"name":"(2016 NB1)","estimated_diameter":{"meters":{"estimated_diameter_min":44.1118199997,"estimated_diameter_max":98.6370281305}},"is_potentially_hazardous_asteroid":false,"close_approach_data":[{"close_approach_date":"2085-06-30","relative_velocity":{"kilometers_per_second":"25.2661469559"},"miss_distance":{"kilometers":"72048344"}}]}]