[{"name":"(2014 GJ35)","estimated_diameter":{"meters":{"estimated_diameter_min":231.5021222103,"estimated_diameter_max":517.6544821978}},"is_potentially_hazardous_asteroid":false,"close_approach_data":[{"close_approach_date":"2085-04-13","relative_velocity":{"kilometers_per_second":"24.6055764442"},"miss_distance":{"kilometers":"20458198"}}]},{"name":"(2016 YW7)","estimated_diameter":{"meters":{"estimated_diameter_min":211.1324447897,"estimated_diameter_max":472.1064988055}},"is_potentially_hazardous_asteroid":true,"close_approach_data":[{"close_approach_date":"2085-04-13","relative_velocity":{"kilometers_per_second":"16.7238494707"},"miss_distance":{"kilometers":"16923430"}}]}]