[{"name":"(2007 RT12)","estimated_diameter":{"meters":{"estimated_diameter_min":44.1118199997,"estimated_diameter_max":98.6370281305}},"is_potentially_hazardous_asteroid":false,"close_approach_data":[{"close_approach_date":"2085-01-28","relative_velocity":{"kilometers_per_second":"5.6195904291"},"miss_distance":{"kilometers":"7397746"}}]},{"name":"(2012 RG15)","estimated_diameter":{"meters":{"estimated_diameter_min":291.4439045349,"estimated_diameter_max":651.6883821679}},"is_potentially_hazardous_asteroid":true,"close_approach_data":[{"close_approach_date":"2085-01-28","relative_velocity":{"kilometers_per_second":"37.1223660235"},"miss_distance":{"kilometers":"63066072"}}]}]