[{"name":"(2004 KH15)","estimated_diameter":{"meters":{"estimated_diameter_min":305.1792325939,"estimated_diameter_max":682.4015094011}},"is_potentially_hazardous_asteroid":false,"close_approach_data":[{"close_approach_date":"2085-11-23","relative_velocity":{"kilometers_per_second":"21.19653055"},"miss_distance":{"kilometers":"41767020"}}]},{"name":"(2006 XP4)","estimated_diameter":{"meters":{"estimated_diameter_min":44.1118199997,"estimated_diameter_max":98.6370281305}},"is_potentially_hazardous_asteroid":false,"close_approach_data":[{"close_approach_date":"2085-11-23","relative_velocity":{"kilometers_per_second":"16.2887911363"},"miss_distance":{"kilometers":"49174844"}}]},{"name":"(2009 WR25)","estimated_diameter":{"meters":{"estimated_diameter_min":127.2198785394,"estimated_diameter_max":284.4722965033}},"is_potentially_hazardous_asteroid":false,"close_approach_data":[{"close_approach_date":"2085-11-23","relative_velocity":{"kilometers_per_second":"16.8843910902"},"miss_distance":{"kilometers":"45277824"}}]},{"name":"(2017 WF16)","estimated_diameter":{"meters":{"estimated_diameter_min":4.5452207075,"estimated_diameter_max":10.1634224747}},"is_potentially_hazardous_asteroid":false,"close_approach_data":[{"close_approach_date":"2085-11-23","relative_velocity":{"kilometers_per_second":"4.5681643892"},"miss_distance":{"kilometers":"3833268.5"}}]}]