[{"name":"(2008 UW91)","estimated_diameter":{"meters":{"estimated_diameter_min":127.2198785394,"estimated_diameter_max":284.4722965033}},"is_potentially_hazardous_asteroid":true,"close_approach_data":[{"close_approach_date":"2085-05-10","relative_velocity":{"kilometers_per_second":"15.2704685312"},"miss_distance":{"kilometers":"61443392"}}]},{"name":"(2015 KF19)","estimated_diameter":{"meters":{"estimated_diameter_min":92.1626548503,"estimated_diameter_max":206.0819612321}},"is_potentially_hazardous_asteroid":false,"close_approach_data":[{"close_approach_date":"2085-05-10","relative_velocity":{"kilometers_per_second":"5.8982693527"},"miss_distance":{"kilometers":"45861440"}}]}]