[{"name":"(2003 TX9)","estimated_diameter":{"meters":{"estimated_diameter_min":192.5550781879,"estimated_diameter_max":430.566244241}},"is_potentially_hazardous_asteroid":false,"close_approach_data":[{"close_approach_date":"2085-12-14","relative_velocity":{"kilometers_per_second":"6.3622282236"},"miss_distance":{"kilometers":"52980772"}}]},{"name":"(2008 XB1)","estimated_diameter":{"meters":{"estimated_diameter_min":175.6123184804,"estimated_diameter_max":392.6810818086}},"is_potentially_hazardous_asteroid":true,"close_approach_data":[{"close_approach_date":"2085-12-14","relative_velocity":{"kilometers_per_second":"7.8311789359"},"miss_distance":{"kilometers":"54770468"}}]},{"name":"(2010 CJ18)","estimated_diameter":{"meters":{"estimated_diameter_min":11.6025908209,"estimated_diameter_max":25.9441817907}},"is_potentially_hazardous_asteroid":false,"close_approach_data":[{"close_approach_date":"2085-12-14","relative_velocity":{"kilometers_per_second":"7.5487320984"},"miss_distance":{"kilometers":"66378084"}}]},{"name":"(2012 PK24)","estimated_diameter":{"meters":{"estimated_diameter_min":46.1907460282,"estimated_diameter_max":103.2856480504}},"is_potentially_hazardous_asteroid":false,"close_approach_data":[{"close_approach_date":"2085-12-14","relative_velocity":{"kilometers_per_second":"9.6463617205"},"miss_distance":{"kilometers":"32348376"}}]},{"name":"(2014 QX432)","estimated_diameter":{"meters":{"estimated_diameter_min":305.1792325939,"estimated_diameter_max":682.4015094011}},"is_potentially_hazardous_asteroid":true,"close_approach_data":[{"close_approach_date":"2085-12-14","relative_velocity":{"kilometers_per_second":"18.6128460097"},"miss_distance":{"kilometers":"8045619"}}]}]