[{"name":"(2009 CD)","estimated_diameter":{"meters":{"estimated_diameter_min":76.6575573531,"estimated_diameter_max":171.4115092306}},"is_potentially_hazardous_asteroid":false,"close_approach_data":[{"close_approach_date":"2085-08-12","relative_velocity":{"kilometers_per_second":"16.9240041797"},"miss_distance":{"kilometers":"48580856"}}]},{"name":"(2012 RS16)","estimated_diameter":{"meters":{"estimated_diameter_min":152.9519353442,"estimated_diameter_max":342.0109247198}},"is_potentially_hazardous_asteroid":false,"close_approach_data":[{"close_approach_date":"2085-08-12","relative_velocity":{"kilometers_per_second":"5.2234155526"},"miss_distance":{"kilometers":"40925148"}}]},{"name":"(2015 XN261)","estimated_diameter":{"meters":{"estimated_diameter_min":15.2951935344,"estimated_diameter_max":34.201092472}},"is_potentially_hazardous_asteroid":false,"close_approach_data":[{"close_approach_date":"2085-08-12","relative_velocity":{"kilometers_per_second":"15.6244471455"},"miss_distance":{"kilometers":"53996552"}}]}]