[{"name":"154347 (2002 XK4)","estimated_diameter":{"meters":{"estimated_diameter_min":1601.6033797856,"estimated_diameter_max":3581.2940301941}},"is_potentially_hazardous_asteroid":false,"close_approach_data":[{"close_approach_date":"2085-11-30","relative_velocity":{"kilometers_per_second":"14.6654688519"},"miss_distance":{"kilometers":"53750980"}}]},{"name":"(2012 WH1)","estimated_diameter":{"meters":{"estimated_diameter_min":44.1118199997,"estimated_diameter_max":98.6370281305}},"is_potentially_hazardous_asteroid":false,"close_approach_data":[{"close_approach_date":"2085-11-30","relative_velocity":{"kilometers_per_second":"14.8646945134"},"miss_distance":{"kilometers":"30059646"}}]},{"name":"(2014 WQ201)","estimated_diameter":{"meters":{"estimated_diameter_min":84.0533402073,"estimated_diameter_max":187.9489824394}},"is_potentially_hazardous_asteroid":false,"close_approach_data":[{"close_approach_date":"2085-11-30","relative_velocity":{"kilometers_per_second":"6.3841576688"},"miss_distance":{"kilometers":"17126094"}}]}]