[{"name":"154656 (2004 FE3)","estimated_diameter":{"meters":{"estimated_diameter_min":1460.6796427136,"estimated_diameter_max":3266.1789744576}},"is_potentially_hazardous_asteroid":false,"close_approach_data":[{"close_approach_date":"2085-06-26","relative_velocity":{"kilometers_per_second":"18.601664186"},"miss_distance":{"kilometers":"56291928"}}]},{"name":"(2016 FS13)","estimated_diameter":{"meters":{"estimated_diameter_min":14.6067964271,"estimated_diameter_max":32.6617897446}},"is_potentially_hazardous_asteroid":false,"close_approach_data":[{"close_approach_date":"2085-06-26","relative_velocity":{"kilometers_per_second":"17.9125463427"},"miss_distance":{"kilometers":"69675120"}}]},{"name":"(2008 VR4)","estimated_diameter":{"meters":{"estimated_diameter_min":66.7659413495,"estimated_diameter_max":149.2931834393}},"is_potentially_hazardous_asteroid":false,"close_approach_data":[{"close_approach_date":"2085-06-26","relative_velocity":{"kilometers_per_second":"17.4685762543"},"miss_distance":{"kilometers":"68047352"}}]},{"name":"(2009 BL71)","estimated_diameter":{"meters":{"estimated_diameter_min":105.8168859331,"estimated_diameter_max":236.6137501138}},"is_potentially_hazardous_asteroid":true,"close_approach_data":[{"close_approach_date":"2085-06-26","relative_velocity":{"kilometers_per_second":"9.6439669548"},"miss_distance":{"kilometers":"46945736"}}]}]