[{"name":"(2004 BB)","estimated_diameter":{"meters":{"estimated_diameter_min":334.6223744549,"estimated_diameter_max":748.2383760735}},"is_potentially_hazardous_asteroid":false,"close_approach_data":[{"close_approach_date":"2085-01-19","relative_velocity":{"kilometers_per_second":"26.5720810065"},"miss_distance":{"kilometers":"67775672"}}]},{"name":"(2010 JK1)","estimated_diameter":{"meters":{"estimated_diameter_min":35.0392641108,"estimated_diameter_max":78.3501764334}},"is_potentially_hazardous_asteroid":false,"close_approach_data":[{"close_approach_date":"2085-01-19","relative_velocity":{"kilometers_per_second":"4.2669047112"},"miss_distance":{"kilometers":"24979254"}}]},{"name":"(2014 OL339)","estimated_diameter":{"meters":{"estimated_diameter_min":69.9125232246,"estimated_diameter_max":156.3291544087}},"is_potentially_hazardous_asteroid":false,"close_approach_data":[{"close_approach_date":"2085-01-19","relative_velocity":{"kilometers_per_second":"11.069873186"},"miss_distance":{"kilometers":"54226564"}}]},{"name":"(2016 AU192)","estimated_diameter":{"meters":{"estimated_diameter_min":110.8038821264,"estimated_diameter_max":247.7650126055}},"is_potentially_hazardous_asteroid":false,"close_approach_data":[{"close_approach_date":"2085-01-19","relative_velocity":{"kilometers_per_second":"14.1445072856"},"miss_distance":{"kilometers":"65422880"}}]}]