[{"name":"(2000 UW13)","estimated_diameter":{"meters":{"estimated_diameter_min":211.1324447897,"estimated_diameter_max":472.1064988055}},"is_potentially_hazardous_asteroid":false,"close_approach_data":[{"close_approach_date":"2085-10-27","relative_velocity":{"kilometers_per_second":"16.6032934113"},"miss_distance":{"kilometers":"48690204"}}]},{"name":"(2007 TD66)","estimated_diameter":{"meters":{"estimated_diameter_min":116.0259082094,"estimated_diameter_max":259.4418179074}},"is_potentially_hazardous_asteroid":false,"close_approach_data":[{"close_approach_date":"2085-10-27","relative_velocity":{"kilometers_per_second":"10.3108768761"},"miss_distance":{"kilometers":"40838640"}}]},{"name":"(2008 UX)","estimated_diameter":{"meters":{"estimated_diameter_min":192.5550781879,"estimated_diameter_max":430.566244241}},"is_potentially_hazardous_asteroid":false,"close_approach_data":[{"close_approach_date":"2085-10-27","relative_velocity":{"kilometers_per_second":"35.151889578"},"miss_distance":{"kilometers":"65247684"}}]},{"name":"488509 (2000 UW13)","estimated_diameter":{"meters":{"estimated_diameter_min":211.1324447897,"estimated_diameter_max":472.1064988055}},"is_potentially_hazardous_asteroid":false,"close_approach_data":[{"close_approach_date":"2085-10-27","relative_velocity":{"kilometers_per_second":"16.60331613"},"miss_distance":{"kilometers":"48690280"}}]}]