[{"name":"(2001 XX4)","estimated_diameter":{"meters":{"estimated_diameter_min":101.054341542,"estimated_diameter_max":225.9643771094}},"is_potentially_hazardous_asteroid":true,"close_approach_data":[{"close_approach_date":"2085-10-04","relative_velocity":{"kilometers_per_second":"16.6018165073"},"miss_distance":{"kilometers":"69062480"}}]},{"name":"(2014 LW14)","estimated_diameter":{"meters":{"estimated_diameter_min":133.2155666981,"estimated_diameter_max":297.8790627982}},"is_potentially_hazardous_asteroid":false,"close_approach_data":[{"close_approach_date":"2085-10-04","relative_velocity":{"kilometers_per_second":"10.2418004537"},"miss_distance":{"kilometers":"43722812"}}]},{"name":"(2017 GS6)","estimated_diameter":{"meters":{"estimated_diameter_min":29.8644813333,"estimated_diameter_max":66.779010374}},"is_potentially_hazardous_asteroid":false,"close_approach_data":[{"close_approach_date":"2085-10-04","relative_velocity":{"kilometers_per_second":"8.627116788"},"miss_distance":{"kilometers":"15508187"}}]}]