[{"name":"415987 (2002 AE9)","estimated_diameter":{"meters":{"estimated_diameter_min":421.2646105562,"estimated_diameter_max":941.9763057186}},"is_potentially_hazardous_asteroid":false,"close_approach_data":[{"close_approach_date":"2085-08-21","relative_velocity":{"kilometers_per_second":"27.1496789582"},"miss_distance":{"kilometers":"46004056"}}]},{"name":"(2013 ET9)","estimated_diameter":{"meters":{"estimated_diameter_min":160.1603379786,"estimated_diameter_max":358.1294030194}},"is_potentially_hazardous_asteroid":false,"close_approach_data":[{"close_approach_date":"2085-08-21","relative_velocity":{"kilometers_per_second":"11.3246850061"},"miss_distance":{"kilometers":"43585784"}}]},{"name":"482718 (2013 ET9)","estimated_diameter":{"meters":{"estimated_diameter_min":160.1603379786,"estimated_diameter_max":358.1294030194}},"is_potentially_hazardous_asteroid":false,"close_approach_data":[{"close_approach_date":"2085-08-21","relative_velocity":{"kilometers_per_second":"11.3247073005"},"miss_distance":{"kilometers":"43585868"}}]}]