[{"name":"(2016 EZ157)","estimated_diameter":{"meters":{"estimated_diameter_min":506.4714588346,"estimated_diameter_max":1132.5046106177}},"is_potentially_hazardous_asteroid":true,"close_approach_data":[{"close_approach_date":"2085-05-12","relative_velocity":{"kilometers_per_second":"15.6481852424"},"miss_distance":{"kilometers":"30367300"}}]},{"name":"(2017 BK92)","estimated_diameter":{"meters":{"estimated_diameter_min":192.5550781879,"estimated_diameter_max":430.566244241}},"is_potentially_hazardous_asteroid":true,"close_approach_data":[{"close_approach_date":"2085-05-12","relative_velocity":{"kilometers_per_second":"20.2941323996"},"miss_distance":{"kilometers":"71788616"}}]}]