[{"name":"154453 (2003 CJ11)","estimated_diameter":{"meters":{"estimated_diameter_min":2424.124811008,"estimated_diameter_max":5420.5078633577}},"is_potentially_hazardous_asteroid":false,"close_approach_data":[{"close_approach_date":"2085-07-22","relative_velocity":{"kilometers_per_second":"35.7350679748"},"miss_distance":{"kilometers":"67896712"}}]},{"name":"(2003 RW10)","estimated_diameter":{"meters":{"estimated_diameter_min":366.9061375314,"estimated_diameter_max":820.4270648822}},"is_potentially_hazardous_asteroid":false,"close_approach_data":[{"close_approach_date":"2085-07-22","relative_velocity":{"kilometers_per_second":"6.1735052878"},"miss_distance":{"kilometers":"49634556"}}]},{"name":"(2004 YG1)","estimated_diameter":{"meters":{"estimated_diameter_min":139.4938229344,"estimated_diameter_max":311.9176705226}},"is_potentially_hazardous_asteroid":false,"close_approach_data":[{"close_approach_date":"2085-07-22","relative_velocity":{"kilometers_per_second":"16.721566734"},"miss_distance":{"kilometers":"46343648"}}]}]