[{"name":"(2007 EC)","estimated_diameter":{"meters":{"estimated_diameter_min":96.5061469579,"estimated_diameter_max":215.7943048444}},"is_potentially_hazardous_asteroid":true,"close_approach_data":[{"close_approach_date":"2085-05-03","relative_velocity":{"kilometers_per_second":"14.2744242375"},"miss_distance":{"kilometers":"44611704"}}]},{"name":"(2010 JD87)","estimated_diameter":{"meters":{"estimated_diameter_min":350.3926411083,"estimated_diameter_max":783.5017643338}},"is_potentially_hazardous_asteroid":false,"close_approach_data":[{"close_approach_date":"2085-05-03","relative_velocity":{"kilometers_per_second":"24.7198058889"},"miss_distance":{"kilometers":"58721800"}}]},{"name":"(2013 YD)","estimated_diameter":{"meters":{"estimated_diameter_min":50.6471458835,"estimated_diameter_max":113.2504610618}},"is_potentially_hazardous_asteroid":false,"close_approach_data":[{"close_approach_date":"2085-05-03","relative_velocity":{"kilometers_per_second":"23.1081774927"},"miss_distance":{"kilometers":"47996464"}}]},{"name":"477588 (2010 JD87)","estimated_diameter":{"meters":{"estimated_diameter_min":350.3926411083,"estimated_diameter_max":783.5017643338}},"is_potentially_hazardous_asteroid":false,"close_approach_data":[{"close_approach_date":"2085-05-03","relative_velocity":{"kilometers_per_second":"24.7201032213"},"miss_distance":{"kilometers":"58722476"}}]}]