[{"name":"(2009 SP171)","estimated_diameter":{"meters":{"estimated_diameter_min":384.1978910643,"estimated_diameter_max":859.0926012318}},"is_potentially_hazardous_asteroid":false,"close_approach_data":[{"close_approach_date":"2085-11-15","relative_velocity":{"kilometers_per_second":"24.6111984353"},"miss_distance":{"kilometers":"72186848"}}]},{"name":"(2010 KB61)","estimated_diameter":{"meters":{"estimated_diameter_min":211.1324447897,"estimated_diameter_max":472.1064988055}},"is_potentially_hazardous_asteroid":false,"close_approach_data":[{"close_approach_date":"2085-11-15","relative_velocity":{"kilometers_per_second":"21.2362969857"},"miss_distance":{"kilometers":"70072768"}}]},{"name":"(2010 RJ43)","estimated_diameter":{"meters":{"estimated_diameter_min":48.3676488219,"estimated_diameter_max":108.1533506775}},"is_potentially_hazardous_asteroid":false,"close_approach_data":[{"close_approach_date":"2085-11-15","relative_velocity":{"kilometers_per_second":"26.9086507689"},"miss_distance":{"kilometers":"59796752"}}]},{"name":"(2010 VK139)","estimated_diameter":{"meters":{"estimated_diameter_min":48.3676488219,"estimated_diameter_max":108.1533506775}},"is_potentially_hazardous_asteroid":false,"close_approach_data":[{"close_approach_date":"2085-11-15","relative_velocity":{"kilometers_per_second":"17.5135767158"},"miss_distance":{"kilometers":"37067464"}}]},{"name":"504711 (2009 SP171)","estimated_diameter":{"meters":{"estimated_diameter_min":384.1978910643,"estimated_diameter_max":859.0926012318}},"is_potentially_hazardous_asteroid":false,"close_approach_data":[{"close_approach_date":"2085-11-15","relative_velocity":{"kilometers_per_second":"24.6112215592"},"miss_distance":{"kilometers":"72186968"}}]}]