[{"name":"136818 Selqet (1997 MW1)","estimated_diameter":{"meters":{"estimated_diameter_min":441.1181999969,"estimated_diameter_max":986.3702813054}},"is_potentially_hazardous_asteroid":false,"close_approach_data":[{"close_approach_date":"2085-05-19","relative_velocity":{"kilometers_per_second":"9.8151745266"},"miss_distance":{"kilometers":"18335826"}}]},{"name":"303933 (2005 VQ)","estimated_diameter":{"meters":{"estimated_diameter_min":421.2646105562,"estimated_diameter_max":941.9763057186}},"is_potentially_hazardous_asteroid":false,"close_approach_data":[{"close_approach_date":"2085-05-19","relative_velocity":{"kilometers_per_second":"22.2688241494"},"miss_distance":{"kilometers":"65301164"}}]},{"name":"332408 (2007 MM13)","estimated_diameter":{"meters":{"estimated_diameter_min":732.0739893473,"estimated_diameter_max":1636.96720474}},"is_potentially_hazardous_asteroid":false,"close_approach_data":[{"close_approach_date":"2085-05-19","relative_velocity":{"kilometers_per_second":"24.8343615136"},"miss_distance":{"kilometers":"40007112"}}]},{"name":"(2002 VU114)","estimated_diameter":{"meters":{"estimated_diameter_min":73.2073989347,"estimated_diameter_max":163.696720474}},"is_potentially_hazardous_asteroid":false,"close_approach_data":[{"close_approach_date":"2085-05-19","relative_velocity":{"kilometers_per_second":"17.8907431494"},"miss_distance":{"kilometers":"52799516"}}]},{"name":"(2015 UH51)","estimated_diameter":{"meters":{"estimated_diameter_min":384.1978910643,"estimated_diameter_max":859.0926012318}},"is_potentially_hazardous_asteroid":false,"close_approach_data":[{"close_approach_date":"2085-05-19","relative_velocity":{"kilometers_per_second":"29.1796516088"},"miss_distance":{"kilometers":"39840712"}}]}]