[{"name":"(2012 TY52)","estimated_diameter":{"meters":{"estimated_diameter_min":139.4938229344,"estimated_diameter_max":311.9176705226}},"is_potentially_hazardous_asteroid":true,"close_approach_data":[{"close_approach_date":"2085-11-07","relative_velocity":{"kilometers_per_second":"14.3397245224"},"miss_distance":{"kilometers":"5260193"}}]},{"name":"(2016 JH12)","estimated_diameter":{"meters":{"estimated_diameter_min":92.1626548503,"estimated_diameter_max":206.0819612321}},"is_potentially_hazardous_asteroid":false,"close_approach_data":[{"close_approach_date":"2085-11-07","relative_velocity":{"kilometers_per_second":"17.1737221253"},"miss_distance":{"kilometers":"53149688"}}]}]