[{"name":"310560 (2001 QL142)","estimated_diameter":{"meters":{"estimated_diameter_min":732.0739893473,"estimated_diameter_max":1636.96720474}},"is_potentially_hazardous_asteroid":true,"close_approach_data":[{"close_approach_date":"2085-03-02","relative_velocity":{"kilometers_per_second":"19.0985064365"},"miss_distance":{"kilometers":"44245772"}}]},{"name":"(2007 EF)","estimated_diameter":{"meters":{"estimated_diameter_min":139.4938229344,"estimated_diameter_max":311.9176705226}},"is_potentially_hazardous_asteroid":true,"close_approach_data":[{"close_approach_date":"2085-03-02","relative_velocity":{"kilometers_per_second":"16.0654602294"},"miss_distance":{"kilometers":"7912973"}}]},{"name":"(2013 EP89)","estimated_diameter":{"meters":{"estimated_diameter_min":80.2703167283,"estimated_diameter_max":179.4898847799}},"is_potentially_hazardous_asteroid":false,"close_approach_data":[{"close_approach_date":"2085-03-02","relative_velocity":{"kilometers_per_second":"21.0904496007"},"miss_distance":{"kilometers":"56391608"}}]}]