[{"name":"456537 (2007 BG)","estimated_diameter":{"meters":{"estimated_diameter_min":334.6223744549,"estimated_diameter_max":748.2383760735}},"is_potentially_hazardous_asteroid":false,"close_approach_data":[{"close_approach_date":"2085-08-09","relative_velocity":{"kilometers_per_second":"18.8216620171"},"miss_distance":{"kilometers":"73248472"}}]},{"name":"(2007 PS9)","estimated_diameter":{"meters":{"estimated_diameter_min":50.6471458835,"estimated_diameter_max":113.2504610618}},"is_potentially_hazardous_asteroid":false,"close_approach_data":[{"close_approach_date":"2085-08-09","relative_velocity":{"kilometers_per_second":"4.5275090046"},"miss_distance":{"kilometers":"7943629.5"}}]},{"name":"(2018 BJ3)","estimated_diameter":{"meters":{"estimated_diameter_min":63.1473277024,"estimated_diameter_max":141.2017173399}},"is_potentially_hazardous_asteroid":false,"close_approach_data":[{"close_approach_date":"2085-08-09","relative_velocity":{"kilometers_per_second":"11.0586548162"},"miss_distance":{"kilometers":"9337543"}}]},{"name":"(2012 YO3)","estimated_diameter":{"meters":{"estimated_diameter_min":152.9519353442,"estimated_diameter_max":342.0109247198}},"is_potentially_hazardous_asteroid":true,"close_approach_data":[{"close_approach_date":"2085-08-09","relative_velocity":{"kilometers_per_second":"18.2243531855"},"miss_distance":{"kilometers":"15949365"}}]}]