[{"name":"329915 (2005 MB)","estimated_diameter":{"meters":{"estimated_diameter_min":1010.5434154201,"estimated_diameter_max":2259.643771094}},"is_potentially_hazardous_asteroid":false,"close_approach_data":[{"close_approach_date":"2085-07-08","relative_velocity":{"kilometers_per_second":"40.4701116311"},"miss_distance":{"kilometers":"49929660"}}]},{"name":"403775 (2011 HS4)","estimated_diameter":{"meters":{"estimated_diameter_min":167.7084621628,"estimated_diameter_max":375.0075217981}},"is_potentially_hazardous_asteroid":true,"close_approach_data":[{"close_approach_date":"2085-07-08","relative_velocity":{"kilometers_per_second":"28.2425461823"},"miss_distance":{"kilometers":"35225184"}}]},{"name":"(2014 LW14)","estimated_diameter":{"meters":{"estimated_diameter_min":133.2155666981,"estimated_diameter_max":297.8790627982}},"is_potentially_hazardous_asteroid":false,"close_approach_data":[{"close_approach_date":"2085-07-08","relative_velocity":{"kilometers_per_second":"9.071064414"},"miss_distance":{"kilometers":"46647916"}}]},{"name":"(2017 AF3)","estimated_diameter":{"meters":{"estimated_diameter_min":23.150212221,"estimated_diameter_max":51.7654482198}},"is_potentially_hazardous_asteroid":false,"close_approach_data":[{"close_approach_date":"2085-07-08","relative_velocity":{"kilometers_per_second":"8.5667096223"},"miss_distance":{"kilometers":"14822099"}}]}]