[{"name":"329520 (2002 SV)","estimated_diameter":{"meters":{"estimated_diameter_min":291.4439045349,"estimated_diameter_max":651.6883821679}},"is_potentially_hazardous_asteroid":false,"close_approach_data":[{"close_approach_date":"2085-09-18","relative_velocity":{"kilometers_per_second":"14.6404887028"},"miss_distance":{"kilometers":"48400972"}}]},{"name":"359592 (2010 VA1)","estimated_diameter":{"meters":{"estimated_diameter_min":291.4439045349,"estimated_diameter_max":651.6883821679}},"is_potentially_hazardous_asteroid":false,"close_approach_data":[{"close_approach_date":"2085-09-18","relative_velocity":{"kilometers_per_second":"6.9793262185"},"miss_distance":{"kilometers":"54818428"}}]},{"name":"(2002 CD14)","estimated_diameter":{"meters":{"estimated_diameter_min":201.6299194428,"estimated_diameter_max":450.8582061718}},"is_potentially_hazardous_asteroid":true,"close_approach_data":[{"close_approach_date":"2085-09-18","relative_velocity":{"kilometers_per_second":"22.3066794138"},"miss_distance":{"kilometers":"32348548"}}]},{"name":"(2009 BC)","estimated_diameter":{"meters":{"estimated_diameter_min":73.2073989347,"estimated_diameter_max":163.696720474}},"is_potentially_hazardous_asteroid":false,"close_approach_data":[{"close_approach_date":"2085-09-18","relative_velocity":{"kilometers_per_second":"10.0469957904"},"miss_distance":{"kilometers":"44162320"}}]},{"name":"(2015 DJ215)","estimated_diameter":{"meters":{"estimated_diameter_min":42.1264610556,"estimated_diameter_max":94.1976305719}},"is_potentially_hazardous_asteroid":false,"close_approach_data":[{"close_approach_date":"2085-09-18","relative_velocity":{"kilometers_per_second":"4.3910191407"},"miss_distance":{"kilometers":"33249426"}}]},{"name":"(2015 FB)","estimated_diameter":{"meters":{"estimated_diameter_min":15.2951935344,"estimated_diameter_max":34.201092472}},"is_potentially_hazardous_asteroid":false,"close_approach_data":[{"close_approach_date":"2085-09-18","relative_velocity":{"kilometers_per_second":"14.6171416217"},"miss_distance":{"kilometers":"54624976"}}]},{"name":"(2015 HA1)","estimated_diameter":{"meters":{"estimated_diameter_min":152.9519353442,"estimated_diameter_max":342.0109247198}},"is_potentially_hazardous_asteroid":false,"close_approach_data":[{"close_approach_date":"2085-09-18","relative_velocity":{"kilometers_per_second":"10.1857807704"},"miss_distance":{"kilometers":"53393148"}}]}]