[{"name":"162422 (2000 EV70)","estimated_diameter":{"meters":{"estimated_diameter_min":201.6299194428,"estimated_diameter_max":450.8582061718}},"is_potentially_hazardous_asteroid":true,"close_approach_data":[{"close_approach_date":"2085-01-31","relative_velocity":{"kilometers_per_second":"10.2850637519"},"miss_distance":{"kilometers":"43140636"}}]},{"name":"(2014 WA)","estimated_diameter":{"meters":{"estimated_diameter_min":6.0891262211,"estimated_diameter_max":13.6157001539}},"is_potentially_hazardous_asteroid":false,"close_approach_data":[{"close_approach_date":"2085-01-31","relative_velocity":{"kilometers_per_second":"12.3594401993"},"miss_distance":{"kilometers":"18584604"}}]}]