[{"name":"194268 (2001 UY4)","estimated_diameter":{"meters":{"estimated_diameter_min":608.9126221057,"estimated_diameter_max":1361.5700153859}},"is_potentially_hazardous_asteroid":true,"close_approach_data":[{"close_approach_date":"2085-10-17","relative_velocity":{"kilometers_per_second":"21.030539197"},"miss_distance":{"kilometers":"36251496"}}]},{"name":"(2009 SB15)","estimated_diameter":{"meters":{"estimated_diameter_min":201.6299194428,"estimated_diameter_max":450.8582061718}},"is_potentially_hazardous_asteroid":false,"close_approach_data":[{"close_approach_date":"2085-10-17","relative_velocity":{"kilometers_per_second":"28.6469460574"},"miss_distance":{"kilometers":"49487308"}}]}]