[{"name":"302169 (2001 TD45)","estimated_diameter":{"meters":{"estimated_diameter_min":278.3267680719,"estimated_diameter_max":622.3575733667}},"is_potentially_hazardous_asteroid":true,"close_approach_data":[{"close_approach_date":"2085-11-16","relative_velocity":{"kilometers_per_second":"19.7292641073"},"miss_distance":{"kilometers":"74543056"}}]},{"name":"(2006 VD2)","estimated_diameter":{"meters":{"estimated_diameter_min":366.9061375314,"estimated_diameter_max":820.4270648822}},"is_potentially_hazardous_asteroid":false,"close_approach_data":[{"close_approach_date":"2085-11-16","relative_velocity":{"kilometers_per_second":"20.0708371806"},"miss_distance":{"kilometers":"67068660"}}]}]