[{"name":"199003 (2005 WJ56)","estimated_diameter":{"meters":{"estimated_diameter_min":637.6097898754,"estimated_diameter_max":1425.7388332807}},"is_potentially_hazardous_asteroid":true,"close_approach_data":[{"close_approach_date":"2085-01-09","relative_velocity":{"kilometers_per_second":"12.2049895212"},"miss_distance":{"kilometers":"4782336"}}]},{"name":"(2004 BT58)","estimated_diameter":{"meters":{"estimated_diameter_min":101.054341542,"estimated_diameter_max":225.9643771094}},"is_potentially_hazardous_asteroid":false,"close_approach_data":[{"close_approach_date":"2085-01-09","relative_velocity":{"kilometers_per_second":"13.2525522075"},"miss_distance":{"kilometers":"13534131"}}]},{"name":"(2010 TK19)","estimated_diameter":{"meters":{"estimated_diameter_min":27.8326768072,"estimated_diameter_max":62.2357573367}},"is_potentially_hazardous_asteroid":false,"close_approach_data":[{"close_approach_date":"2085-01-09","relative_velocity":{"kilometers_per_second":"12.8513558421"},"miss_distance":{"kilometers":"52765560"}}]},{"name":"(2015 CQ12)","estimated_diameter":{"meters":{"estimated_diameter_min":80.2703167283,"estimated_diameter_max":179.4898847799}},"is_potentially_hazardous_asteroid":false,"close_approach_data":[{"close_approach_date":"2085-01-09","relative_velocity":{"kilometers_per_second":"16.0466613626"},"miss_distance":{"kilometers":"21283342"}}]},{"name":"(2016 XH1)","estimated_diameter":{"meters":{"estimated_diameter_min":221.0828103591,"estimated_diameter_max":494.3561926196}},"is_potentially_hazardous_asteroid":false,"close_approach_data":[{"close_approach_date":"2085-01-09","relative_velocity":{"kilometers_per_second":"17.4666875062"},"miss_distance":{"kilometers":"52153880"}}]}]