[{"name":"401885 (2001 RV17)","estimated_diameter":{"meters":{"estimated_diameter_min":211.1324447897,"estimated_diameter_max":472.1064988055}},"is_potentially_hazardous_asteroid":false,"close_approach_data":[{"close_approach_date":"2085-08-23","relative_velocity":{"kilometers_per_second":"8.3454155136"},"miss_distance":{"kilometers":"32205226"}}]},{"name":"(2011 BT15)","estimated_diameter":{"meters":{"estimated_diameter_min":116.0259082094,"estimated_diameter_max":259.4418179074}},"is_potentially_hazardous_asteroid":true,"close_approach_data":[{"close_approach_date":"2085-08-23","relative_velocity":{"kilometers_per_second":"18.9206505218"},"miss_distance":{"kilometers":"60900932"}}]},{"name":"(2012 DF61)","estimated_diameter":{"meters":{"estimated_diameter_min":201.6299194428,"estimated_diameter_max":450.8582061718}},"is_potentially_hazardous_asteroid":false,"close_approach_data":[{"close_approach_date":"2085-08-23","relative_velocity":{"kilometers_per_second":"9.8889461635"},"miss_distance":{"kilometers":"42813340"}}]},{"name":"(2013 TR5)","estimated_diameter":{"meters":{"estimated_diameter_min":402.3045798343,"estimated_diameter_max":899.5803881691}},"is_potentially_hazardous_asteroid":false,"close_approach_data":[{"close_approach_date":"2085-08-23","relative_velocity":{"kilometers_per_second":"24.9109184108"},"miss_distance":{"kilometers":"52146356"}}]},{"name":"(2014 XT3)","estimated_diameter":{"meters":{"estimated_diameter_min":732.0739893473,"estimated_diameter_max":1636.96720474}},"is_potentially_hazardous_asteroid":false,"close_approach_data":[{"close_approach_date":"2085-08-23","relative_velocity":{"kilometers_per_second":"6.7479170698"},"miss_distance":{"kilometers":"30863848"}}]},{"name":"(2016 NF23)","estimated_diameter":{"meters":{"estimated_diameter_min":69.9125232246,"estimated_diameter_max":156.3291544087}},"is_potentially_hazardous_asteroid":false,"close_approach_data":[{"close_approach_date":"2085-08-23","relative_velocity":{"kilometers_per_second":"25.28010383"},"miss_distance":{"kilometers":"70280888"}}]},{"name":"471240 (2011 BT15)","estimated_diameter":{"meters":{"estimated_diameter_min":121.4940407996,"estimated_diameter_max":271.6689340891}},"is_potentially_hazardous_asteroid":true,"close_approach_data":[{"close_approach_date":"2085-08-23","relative_velocity":{"kilometers_per_second":"18.9230113573"},"miss_distance":{"kilometers":"60912924"}}]},{"name":"485823 (2012 DF61)","estimated_diameter":{"meters":{"estimated_diameter_min":201.6299194428,"estimated_diameter_max":450.8582061718}},"is_potentially_hazardous_asteroid":false,"close_approach_data":[{"close_approach_date":"2085-08-23","relative_velocity":{"kilometers_per_second":"9.8889357874"},"miss_distance":{"kilometers":"42813308"}}]},{"name":"501934 (2014 XT3)","estimated_diameter":{"meters":{"estimated_diameter_min":732.0739893473,"estimated_diameter_max":1636.96720474}},"is_potentially_hazardous_asteroid":false,"close_approach_data":[{"close_approach_date":"2085-08-23","relative_velocity":{"kilometers_per_second":"6.747915969"},"miss_distance":{"kilometers":"30862860"}}]}]