[{"name":"438661 (2008 EP6)","estimated_diameter":{"meters":{"estimated_diameter_min":350.3926411083,"estimated_diameter_max":783.5017643338}},"is_potentially_hazardous_asteroid":true,"close_approach_data":[{"close_approach_date":"2085-02-27","relative_velocity":{"kilometers_per_second":"22.9108447352"},"miss_distance":{"kilometers":"69436792"}}]},{"name":"(2013 CN129)","estimated_diameter":{"meters":{"estimated_diameter_min":167.7084621628,"estimated_diameter_max":375.0075217981}},"is_potentially_hazardous_asteroid":false,"close_approach_data":[{"close_approach_date":"2085-02-27","relative_velocity":{"kilometers_per_second":"17.6887120324"},"miss_distance":{"kilometers":"60737992"}}]}]