[{"name":"(2008 SS)","estimated_diameter":{"meters":{"estimated_diameter_min":96.5061469579,"estimated_diameter_max":215.7943048444}},"is_potentially_hazardous_asteroid":false,"close_approach_data":[{"close_approach_date":"2085-09-30","relative_velocity":{"kilometers_per_second":"20.9568973209"},"miss_distance":{"kilometers":"24835462"}}]},{"name":"(2009 QB35)","estimated_diameter":{"meters":{"estimated_diameter_min":278.3267680719,"estimated_diameter_max":622.3575733667}},"is_potentially_hazardous_asteroid":false,"close_approach_data":[{"close_approach_date":"2085-09-30","relative_velocity":{"kilometers_per_second":"11.0281126888"},"miss_distance":{"kilometers":"58671792"}}]},{"name":"(2015 GA1)","estimated_diameter":{"meters":{"estimated_diameter_min":12.7219878539,"estimated_diameter_max":28.4472296503}},"is_potentially_hazardous_asteroid":false,"close_approach_data":[{"close_approach_date":"2085-09-30","relative_velocity":{"kilometers_per_second":"29.9442727469"},"miss_distance":{"kilometers":"70980232"}}]},{"name":"481989 (2009 QB35)","estimated_diameter":{"meters":{"estimated_diameter_min":278.3267680719,"estimated_diameter_max":622.3575733667}},"is_potentially_hazardous_asteroid":false,"close_approach_data":[{"close_approach_date":"2085-09-30","relative_velocity":{"kilometers_per_second":"11.0288409973"},"miss_distance":{"kilometers":"58675232"}}]},{"name":"(2017 RY15)","estimated_diameter":{"meters":{"estimated_diameter_min":73.8167595898,"estimated_diameter_max":165.0592923216}},"is_potentially_hazardous_asteroid":false,"close_approach_data":[{"close_approach_date":"2085-09-30","relative_velocity":{"kilometers_per_second":"9.1520911252"},"miss_distance":{"kilometers":"19558344"}}]}]