[{"name":"(1996 FS1)","estimated_diameter":{"meters":{"estimated_diameter_min":242.4124811008,"estimated_diameter_max":542.0507863358}},"is_potentially_hazardous_asteroid":false,"close_approach_data":[{"close_approach_date":"2085-02-25","relative_velocity":{"kilometers_per_second":"26.3839731788"},"miss_distance":{"kilometers":"32051408"}}]},{"name":"(2011 DW)","estimated_diameter":{"meters":{"estimated_diameter_min":66.7659413495,"estimated_diameter_max":149.2931834393}},"is_potentially_hazardous_asteroid":false,"close_approach_data":[{"close_approach_date":"2085-02-25","relative_velocity":{"kilometers_per_second":"22.162964573"},"miss_distance":{"kilometers":"57350684"}}]},{"name":"488461 (1996 FS1)","estimated_diameter":{"meters":{"estimated_diameter_min":242.4124811008,"estimated_diameter_max":542.0507863358}},"is_potentially_hazardous_asteroid":false,"close_approach_data":[{"close_approach_date":"2085-02-25","relative_velocity":{"kilometers_per_second":"26.3839732895"},"miss_distance":{"kilometers":"32051408"}}]}]