[{"name":"85990 (1999 JV6)","estimated_diameter":{"meters":{"estimated_diameter_min":242.4124811008,"estimated_diameter_max":542.0507863358}},"is_potentially_hazardous_asteroid":true,"close_approach_data":[{"close_approach_date":"2085-04-24","relative_velocity":{"kilometers_per_second":"7.2728187515"},"miss_distance":{"kilometers":"42900500"}}]},{"name":"(2005 OU1)","estimated_diameter":{"meters":{"estimated_diameter_min":253.8370293645,"estimated_diameter_max":567.5968528656}},"is_potentially_hazardous_asteroid":false,"close_approach_data":[{"close_approach_date":"2085-04-24","relative_velocity":{"kilometers_per_second":"8.293451904"},"miss_distance":{"kilometers":"47807260"}}]},{"name":"(2011 JY1)","estimated_diameter":{"meters":{"estimated_diameter_min":31.9561886721,"estimated_diameter_max":71.4562101727}},"is_potentially_hazardous_asteroid":false,"close_approach_data":[{"close_approach_date":"2085-04-24","relative_velocity":{"kilometers_per_second":"9.9592179599"},"miss_distance":{"kilometers":"8369687"}}]},{"name":"(2014 YR15)","estimated_diameter":{"meters":{"estimated_diameter_min":133.2155666981,"estimated_diameter_max":297.8790627982}},"is_potentially_hazardous_asteroid":true,"close_approach_data":[{"close_approach_date":"2085-04-24","relative_velocity":{"kilometers_per_second":"16.2281590408"},"miss_distance":{"kilometers":"74444800"}}]}]