[{"name":"(2006 QS23)","estimated_diameter":{"meters":{"estimated_diameter_min":253.8370293645,"estimated_diameter_max":567.5968528656}},"is_potentially_hazardous_asteroid":false,"close_approach_data":[{"close_approach_date":"2085-01-11","relative_velocity":{"kilometers_per_second":"19.0456317265"},"miss_distance":{"kilometers":"64047712"}}]},{"name":"(2007 ML24)","estimated_diameter":{"meters":{"estimated_diameter_min":366.9061375314,"estimated_diameter_max":820.4270648822}},"is_potentially_hazardous_asteroid":true,"close_approach_data":[{"close_approach_date":"2085-01-11","relative_velocity":{"kilometers_per_second":"29.1126417272"},"miss_distance":{"kilometers":"74560760"}}]}]