[{"name":"399325 (1999 GY5)","estimated_diameter":{"meters":{"estimated_diameter_min":265.8,"estimated_diameter_max":594.3468684194}},"is_potentially_hazardous_asteroid":false,"close_approach_data":[{"close_approach_date":"2085-04-02","relative_velocity":{"kilometers_per_second":"16.6816990637"},"miss_distance":{"kilometers":"39412676"}}]},{"name":"(2012 KF47)","estimated_diameter":{"meters":{"estimated_diameter_min":167.7084621628,"estimated_diameter_max":375.0075217981}},"is_potentially_hazardous_asteroid":false,"close_approach_data":[{"close_approach_date":"2085-04-02","relative_velocity":{"kilometers_per_second":"10.490558716"},"miss_distance":{"kilometers":"73988672"}}]},{"name":"(2016 CN246)","estimated_diameter":{"meters":{"estimated_diameter_min":167.7084621628,"estimated_diameter_max":375.0075217981}},"is_potentially_hazardous_asteroid":false,"close_approach_data":[{"close_approach_date":"2085-04-02","relative_velocity":{"kilometers_per_second":"12.82646404"},"miss_distance":{"kilometers":"67982464"}}]}]