[{"name":"6239 Minos (1989 QF)","estimated_diameter":{"meters":{"estimated_diameter_min":530.3407233187,"estimated_diameter_max":1185.8779085771}},"is_potentially_hazardous_asteroid":true,"close_approach_data":[{"close_approach_date":"2085-05-17","relative_velocity":{"kilometers_per_second":"13.389814172"},"miss_distance":{"kilometers":"50281144"}}]},{"name":"184990 (2006 KE89)","estimated_diameter":{"meters":{"estimated_diameter_min":1394.9382293439,"estimated_diameter_max":3119.1767052261}},"is_potentially_hazardous_asteroid":false,"close_approach_data":[{"close_approach_date":"2085-05-17","relative_velocity":{"kilometers_per_second":"46.2103313383"},"miss_distance":{"kilometers":"69491712"}}]},{"name":"374267 (2005 LW)","estimated_diameter":{"meters":{"estimated_diameter_min":441.1181999969,"estimated_diameter_max":986.3702813054}},"is_potentially_hazardous_asteroid":false,"close_approach_data":[{"close_approach_date":"2085-05-17","relative_velocity":{"kilometers_per_second":"20.0061291762"},"miss_distance":{"kilometers":"8338350"}}]}]