[{"name":"376788 (2000 RV37)","estimated_diameter":{"meters":{"estimated_diameter_min":350.3926411083,"estimated_diameter_max":783.5017643338}},"is_potentially_hazardous_asteroid":false,"close_approach_data":[{"close_approach_date":"2085-03-26","relative_velocity":{"kilometers_per_second":"22.3992342538"},"miss_distance":{"kilometers":"72981840"}}]},{"name":"(2016 FG14)","estimated_diameter":{"meters":{"estimated_diameter_min":15.2951935344,"estimated_diameter_max":34.201092472}},"is_potentially_hazardous_asteroid":false,"close_approach_data":[{"close_approach_date":"2085-03-26","relative_velocity":{"kilometers_per_second":"13.0555994384"},"miss_distance":{"kilometers":"5612787.5"}}]}]