[{"name":"(2009 WZ104)","estimated_diameter":{"meters":{"estimated_diameter_min":221.0828103591,"estimated_diameter_max":494.3561926196}},"is_potentially_hazardous_asteroid":true,"close_approach_data":[{"close_approach_date":"2085-07-31","relative_velocity":{"kilometers_per_second":"9.8852358347"},"miss_distance":{"kilometers":"48102988"}}]},{"name":"(2014 MK27)","estimated_diameter":{"meters":{"estimated_diameter_min":133.2155666981,"estimated_diameter_max":297.8790627982}},"is_potentially_hazardous_asteroid":false,"close_approach_data":[{"close_approach_date":"2085-07-31","relative_velocity":{"kilometers_per_second":"11.7960041314"},"miss_distance":{"kilometers":"21834814"}}]},{"name":"490581 (2009 WZ104)","estimated_diameter":{"meters":{"estimated_diameter_min":221.0828103591,"estimated_diameter_max":494.3561926196}},"is_potentially_hazardous_asteroid":true,"close_approach_data":[{"close_approach_date":"2085-07-31","relative_velocity":{"kilometers_per_second":"9.8852684946"},"miss_distance":{"kilometers":"48103032"}}]}]