[{"name":"162269 (1999 VO6)","estimated_diameter":{"meters":{"estimated_diameter_min":1058.1688593312,"estimated_diameter_max":2366.137501138}},"is_potentially_hazardous_asteroid":false,"close_approach_data":[{"close_approach_date":"2085-10-14","relative_velocity":{"kilometers_per_second":"31.5293235431"},"miss_distance":{"kilometers":"13089525"}}]},{"name":"(2002 SQ)","estimated_diameter":{"meters":{"estimated_diameter_min":334.6223744549,"estimated_diameter_max":748.2383760735}},"is_potentially_hazardous_asteroid":false,"close_approach_data":[{"close_approach_date":"2085-10-14","relative_velocity":{"kilometers_per_second":"9.8310503527"},"miss_distance":{"kilometers":"26107212"}}]},{"name":"(2015 MN66)","estimated_diameter":{"meters":{"estimated_diameter_min":253.8370293645,"estimated_diameter_max":567.5968528656}},"is_potentially_hazardous_asteroid":false,"close_approach_data":[{"close_approach_date":"2085-10-14","relative_velocity":{"kilometers_per_second":"17.0087784422"},"miss_distance":{"kilometers":"53810456"}}]},{"name":"(2008 ET7)","estimated_diameter":{"meters":{"estimated_diameter_min":167.7084621628,"estimated_diameter_max":375.0075217981}},"is_potentially_hazardous_asteroid":false,"close_approach_data":[{"close_approach_date":"2085-10-14","relative_velocity":{"kilometers_per_second":"9.1257510787"},"miss_distance":{"kilometers":"50966720"}}]},{"name":"(2016 VO1)","estimated_diameter":{"meters":{"estimated_diameter_min":66.7659413495,"estimated_diameter_max":149.2931834393}},"is_potentially_hazardous_asteroid":false,"close_approach_data":[{"close_approach_date":"2085-10-14","relative_velocity":{"kilometers_per_second":"15.6831708145"},"miss_distance":{"kilometers":"11185832"}}]}]