[{"name":"303450 (2005 BY2)","estimated_diameter":{"meters":{"estimated_diameter_min":211.1324447897,"estimated_diameter_max":472.1064988055}},"is_potentially_hazardous_asteroid":true,"close_approach_data":[{"close_approach_date":"2085-05-20","relative_velocity":{"kilometers_per_second":"7.7779486895"},"miss_distance":{"kilometers":"20562212"}}]},{"name":"380929 (2006 HU30)","estimated_diameter":{"meters":{"estimated_diameter_min":319.5618867213,"estimated_diameter_max":714.5621017269}},"is_potentially_hazardous_asteroid":false,"close_approach_data":[{"close_approach_date":"2085-05-20","relative_velocity":{"kilometers_per_second":"12.600660331"},"miss_distance":{"kilometers":"50232736"}}]},{"name":"(2014 UZ191)","estimated_diameter":{"meters":{"estimated_diameter_min":139.4938229344,"estimated_diameter_max":311.9176705226}},"is_potentially_hazardous_asteroid":false,"close_approach_data":[{"close_approach_date":"2085-05-20","relative_velocity":{"kilometers_per_second":"18.0852178193"},"miss_distance":{"kilometers":"41442124"}}]},{"name":"(2015 KB19)","estimated_diameter":{"meters":{"estimated_diameter_min":116.0259082094,"estimated_diameter_max":259.4418179074}},"is_potentially_hazardous_asteroid":true,"close_approach_data":[{"close_approach_date":"2085-05-20","relative_velocity":{"kilometers_per_second":"15.2954849439"},"miss_distance":{"kilometers":"33939328"}}]}]