[{"name":"458375 (2010 WY8)","estimated_diameter":{"meters":{"estimated_diameter_min":146.0679642714,"estimated_diameter_max":326.6178974458}},"is_potentially_hazardous_asteroid":false,"close_approach_data":[{"close_approach_date":"2085-12-16","relative_velocity":{"kilometers_per_second":"5.5851026682"},"miss_distance":{"kilometers":"58514956"}}]},{"name":"(2012 XK134)","estimated_diameter":{"meters":{"estimated_diameter_min":13.9493822934,"estimated_diameter_max":31.1917670523}},"is_potentially_hazardous_asteroid":false,"close_approach_data":[{"close_approach_date":"2085-12-16","relative_velocity":{"kilometers_per_second":"11.1222586584"},"miss_distance":{"kilometers":"30269454"}}]},{"name":"(2016 LV8)","estimated_diameter":{"meters":{"estimated_diameter_min":278.3267680719,"estimated_diameter_max":622.3575733667}},"is_potentially_hazardous_asteroid":false,"close_approach_data":[{"close_approach_date":"2085-12-16","relative_velocity":{"kilometers_per_second":"20.5510805288"},"miss_distance":{"kilometers":"35339032"}}]}]