[{"name":"(2011 QS2)","estimated_diameter":{"meters":{"estimated_diameter_min":192.5550781879,"estimated_diameter_max":430.566244241}},"is_potentially_hazardous_asteroid":false,"close_approach_data":[{"close_approach_date":"2085-08-10","relative_velocity":{"kilometers_per_second":"24.5238873649"},"miss_distance":{"kilometers":"55954344"}}]},{"name":"(2013 CN129)","estimated_diameter":{"meters":{"estimated_diameter_min":167.7084621628,"estimated_diameter_max":375.0075217981}},"is_potentially_hazardous_asteroid":false,"close_approach_data":[{"close_approach_date":"2085-08-10","relative_velocity":{"kilometers_per_second":"26.9914210473"},"miss_distance":{"kilometers":"63824324"}}]}]