[{"name":"(2009 WP25)","estimated_diameter":{"meters":{"estimated_diameter_min":319.5618867213,"estimated_diameter_max":714.5621017269}},"is_potentially_hazardous_asteroid":false,"close_approach_data":[{"close_approach_date":"2085-11-10","relative_velocity":{"kilometers_per_second":"32.2637707002"},"miss_distance":{"kilometers":"34355168"}}]},{"name":"(2017 QW17)","estimated_diameter":{"meters":{"estimated_diameter_min":127.6306487011,"estimated_diameter_max":285.3908065081}},"is_potentially_hazardous_asteroid":true,"close_approach_data":[{"close_approach_date":"2085-11-10","relative_velocity":{"kilometers_per_second":"15.3987161035"},"miss_distance":{"kilometers":"38769576"}}]}]