[{"name":"462238 (2008 CN1)","estimated_diameter":{"meters":{"estimated_diameter_min":201.6299194428,"estimated_diameter_max":450.8582061718}},"is_potentially_hazardous_asteroid":true,"close_approach_data":[{"close_approach_date":"2085-07-28","relative_velocity":{"kilometers_per_second":"17.7623843639"},"miss_distance":{"kilometers":"73140264"}}]},{"name":"(2017 BS6)","estimated_diameter":{"meters":{"estimated_diameter_min":63.7609789875,"estimated_diameter_max":142.5738833281}},"is_potentially_hazardous_asteroid":false,"close_approach_data":[{"close_approach_date":"2085-07-28","relative_velocity":{"kilometers_per_second":"16.3281605459"},"miss_distance":{"kilometers":"54692540"}}]}]