[{"name":"(2011 WV4)","estimated_diameter":{"meters":{"estimated_diameter_min":76.6575573531,"estimated_diameter_max":171.4115092306}},"is_potentially_hazardous_asteroid":false,"close_approach_data":[{"close_approach_date":"2085-05-22","relative_velocity":{"kilometers_per_second":"6.8060716456"},"miss_distance":{"kilometers":"32766336"}}]},{"name":"(2013 AP60)","estimated_diameter":{"meters":{"estimated_diameter_min":1214.9404079963,"estimated_diameter_max":2716.6893408911}},"is_potentially_hazardous_asteroid":false,"close_approach_data":[{"close_approach_date":"2085-05-22","relative_velocity":{"kilometers_per_second":"21.0683161026"},"miss_distance":{"kilometers":"22448862"}}]},{"name":"500749 (2013 AP60)","estimated_diameter":{"meters":{"estimated_diameter_min":1214.9404079963,"estimated_diameter_max":2716.6893408911}},"is_potentially_hazardous_asteroid":false,"close_approach_data":[{"close_approach_date":"2085-05-22","relative_velocity":{"kilometers_per_second":"21.0682449835"},"miss_distance":{"kilometers":"22449216"}}]}]