[{"name":"164184 (2004 BF68)","estimated_diameter":{"meters":{"estimated_diameter_min":366.9061375314,"estimated_diameter_max":820.4270648822}},"is_potentially_hazardous_asteroid":false,"close_approach_data":[{"close_approach_date":"2085-02-03","relative_velocity":{"kilometers_per_second":"20.2992528075"},"miss_distance":{"kilometers":"51363476"}}]},{"name":"315508 (2008 AB31)","estimated_diameter":{"meters":{"estimated_diameter_min":242.4124811008,"estimated_diameter_max":542.0507863358}},"is_potentially_hazardous_asteroid":false,"close_approach_data":[{"close_approach_date":"2085-02-03","relative_velocity":{"kilometers_per_second":"15.5543252874"},"miss_distance":{"kilometers":"49917508"}}]},{"name":"(2011 FR29)","estimated_diameter":{"meters":{"estimated_diameter_min":105.8168859331,"estimated_diameter_max":236.6137501138}},"is_potentially_hazardous_asteroid":false,"close_approach_data":[{"close_approach_date":"2085-02-03","relative_velocity":{"kilometers_per_second":"13.6048325983"},"miss_distance":{"kilometers":"18131256"}}]},{"name":"(2016 CL32)","estimated_diameter":{"meters":{"estimated_diameter_min":366.9061375314,"estimated_diameter_max":820.4270648822}},"is_potentially_hazardous_asteroid":true,"close_approach_data":[{"close_approach_date":"2085-02-03","relative_velocity":{"kilometers_per_second":"20.5919391784"},"miss_distance":{"kilometers":"41802280"}}]}]