[{"name":"67381 (2000 OL8)","estimated_diameter":{"meters":{"estimated_diameter_min":291.4439045349,"estimated_diameter_max":651.6883821679}},"is_potentially_hazardous_asteroid":true,"close_approach_data":[{"close_approach_date":"2085-05-06","relative_velocity":{"kilometers_per_second":"16.7915517299"},"miss_distance":{"kilometers":"61191892"}}]},{"name":"383610 (2007 JJ35)","estimated_diameter":{"meters":{"estimated_diameter_min":581.5070396458,"estimated_diameter_max":1300.2892700427}},"is_potentially_hazardous_asteroid":false,"close_approach_data":[{"close_approach_date":"2085-05-06","relative_velocity":{"kilometers_per_second":"27.5195716914"},"miss_distance":{"kilometers":"53144984"}}]},{"name":"(2007 UQ13)","estimated_diameter":{"meters":{"estimated_diameter_min":278.3267680719,"estimated_diameter_max":622.3575733667}},"is_potentially_hazardous_asteroid":false,"close_approach_data":[{"close_approach_date":"2085-05-06","relative_velocity":{"kilometers_per_second":"21.8524974965"},"miss_distance":{"kilometers":"49642348"}}]},{"name":"(2015 HA1)","estimated_diameter":{"meters":{"estimated_diameter_min":152.9519353442,"estimated_diameter_max":342.0109247198}},"is_potentially_hazardous_asteroid":false,"close_approach_data":[{"close_approach_date":"2085-05-06","relative_velocity":{"kilometers_per_second":"10.2057194943"},"miss_distance":{"kilometers":"36658452"}}]},{"name":"(2016 HE19)","estimated_diameter":{"meters":{"estimated_diameter_min":14.6067964271,"estimated_diameter_max":32.6617897446}},"is_potentially_hazardous_asteroid":false,"close_approach_data":[{"close_approach_date":"2085-05-06","relative_velocity":{"kilometers_per_second":"3.987437123"},"miss_distance":{"kilometers":"10008170"}}]},{"name":"476187 (2007 UQ13)","estimated_diameter":{"meters":{"estimated_diameter_min":265.8,"estimated_diameter_max":594.3468684194}},"is_potentially_hazardous_asteroid":false,"close_approach_data":[{"close_approach_date":"2085-05-06","relative_velocity":{"kilometers_per_second":"21.8524975127"},"miss_distance":{"kilometers":"49642344"}}]},{"name":"(2011 WD39)","estimated_diameter":{"meters":{"estimated_diameter_min":366.9061375314,"estimated_diameter_max":820.4270648822}},"is_potentially_hazardous_asteroid":false,"close_approach_data":[{"close_approach_date":"2085-05-06","relative_velocity":{"kilometers_per_second":"41.3562223238"},"miss_distance":{"kilometers":"67447576"}}]}]