[{"name":"(2003 QH5)","estimated_diameter":{"meters":{"estimated_diameter_min":253.8370293645,"estimated_diameter_max":567.5968528656}},"is_potentially_hazardous_asteroid":true,"close_approach_data":[{"close_approach_date":"2085-03-01","relative_velocity":{"kilometers_per_second":"9.0153332386"},"miss_distance":{"kilometers":"51466696"}}]},{"name":"(2007 DB61)","estimated_diameter":{"meters":{"estimated_diameter_min":50.6471458835,"estimated_diameter_max":113.2504610618}},"is_potentially_hazardous_asteroid":false,"close_approach_data":[{"close_approach_date":"2085-03-01","relative_velocity":{"kilometers_per_second":"22.3587581132"},"miss_distance":{"kilometers":"60876320"}}]},{"name":"480936 (2003 QH5)","estimated_diameter":{"meters":{"estimated_diameter_min":242.4124811008,"estimated_diameter_max":542.0507863358}},"is_potentially_hazardous_asteroid":true,"close_approach_data":[{"close_approach_date":"2085-03-01","relative_velocity":{"kilometers_per_second":"9.0152837284"},"miss_distance":{"kilometers":"51466528"}}]}]