[{"name":"425713 (2011 BK24)","estimated_diameter":{"meters":{"estimated_diameter_min":319.5618867213,"estimated_diameter_max":714.5621017269}},"is_potentially_hazardous_asteroid":false,"close_approach_data":[{"close_approach_date":"2085-03-12","relative_velocity":{"kilometers_per_second":"4.6998262757"},"miss_distance":{"kilometers":"54700372"}}]},{"name":"(2000 YA)","estimated_diameter":{"meters":{"estimated_diameter_min":48.3676488219,"estimated_diameter_max":108.1533506775}},"is_potentially_hazardous_asteroid":false,"close_approach_data":[{"close_approach_date":"2085-03-12","relative_velocity":{"kilometers_per_second":"11.8104923661"},"miss_distance":{"kilometers":"22861274"}}]},{"name":"(2016 GM135)","estimated_diameter":{"meters":{"estimated_diameter_min":101.054341542,"estimated_diameter_max":225.9643771094}},"is_potentially_hazardous_asteroid":false,"close_approach_data":[{"close_approach_date":"2085-03-12","relative_velocity":{"kilometers_per_second":"10.8764134147"},"miss_distance":{"kilometers":"33753336"}}]},{"name":"(2017 BF29)","estimated_diameter":{"meters":{"estimated_diameter_min":20.1629919443,"estimated_diameter_max":45.0858206172}},"is_potentially_hazardous_asteroid":false,"close_approach_data":[{"close_approach_date":"2085-03-12","relative_velocity":{"kilometers_per_second":"6.9467533211"},"miss_distance":{"kilometers":"32204424"}}]}]