[{"name":"453563 (2010 BB)","estimated_diameter":{"meters":{"estimated_diameter_min":242.4124811008,"estimated_diameter_max":542.0507863358}},"is_potentially_hazardous_asteroid":true,"close_approach_data":[{"close_approach_date":"2085-08-19","relative_velocity":{"kilometers_per_second":"14.4954908223"},"miss_distance":{"kilometers":"63279200"}}]},{"name":"(2008 TR10)","estimated_diameter":{"meters":{"estimated_diameter_min":221.0828103591,"estimated_diameter_max":494.3561926196}},"is_potentially_hazardous_asteroid":false,"close_approach_data":[{"close_approach_date":"2085-08-19","relative_velocity":{"kilometers_per_second":"16.1717092401"},"miss_distance":{"kilometers":"72759024"}}]},{"name":"(2014 SP142)","estimated_diameter":{"meters":{"estimated_diameter_min":121.4940407996,"estimated_diameter_max":271.6689340891}},"is_potentially_hazardous_asteroid":true,"close_approach_data":[{"close_approach_date":"2085-08-19","relative_velocity":{"kilometers_per_second":"27.4538507245"},"miss_distance":{"kilometers":"72324400"}}]}]