[{"name":"(2001 QC34)","estimated_diameter":{"meters":{"estimated_diameter_min":253.8370293645,"estimated_diameter_max":567.5968528656}},"is_potentially_hazardous_asteroid":true,"close_approach_data":[{"close_approach_date":"2085-08-01","relative_velocity":{"kilometers_per_second":"6.5814053551"},"miss_distance":{"kilometers":"50832556"}}]},{"name":"(2014 PW59)","estimated_diameter":{"meters":{"estimated_diameter_min":175.6123184804,"estimated_diameter_max":392.6810818086}},"is_potentially_hazardous_asteroid":true,"close_approach_data":[{"close_approach_date":"2085-08-01","relative_velocity":{"kilometers_per_second":"21.1158500702"},"miss_distance":{"kilometers":"16134245"}}]}]