[{"name":"(2003 HM)","estimated_diameter":{"meters":{"estimated_diameter_min":96.5061469579,"estimated_diameter_max":215.7943048444}},"is_potentially_hazardous_asteroid":true,"close_approach_data":[{"close_approach_date":"2085-12-18","relative_velocity":{"kilometers_per_second":"17.2363444448"},"miss_distance":{"kilometers":"70314376"}}]},{"name":"(2008 UL90)","estimated_diameter":{"meters":{"estimated_diameter_min":506.4714588346,"estimated_diameter_max":1132.5046106177}},"is_potentially_hazardous_asteroid":true,"close_approach_data":[{"close_approach_date":"2085-12-18","relative_velocity":{"kilometers_per_second":"16.181174849"},"miss_distance":{"kilometers":"37014872"}}]},{"name":"481817 (2008 UL90)","estimated_diameter":{"meters":{"estimated_diameter_min":483.6764882185,"estimated_diameter_max":1081.533506775}},"is_potentially_hazardous_asteroid":true,"close_approach_data":[{"close_approach_date":"2085-12-18","relative_velocity":{"kilometers_per_second":"16.1811326947"},"miss_distance":{"kilometers":"37014628"}}]},{"name":"(2016 YC8)","estimated_diameter":{"meters":{"estimated_diameter_min":31.9561886721,"estimated_diameter_max":71.4562101727}},"is_potentially_hazardous_asteroid":false,"close_approach_data":[{"close_approach_date":"2085-12-18","relative_velocity":{"kilometers_per_second":"4.7358689998"},"miss_distance":{"kilometers":"32833048"}}]},{"name":"(2017 WG2)","estimated_diameter":{"meters":{"estimated_diameter_min":234.2906604421,"estimated_diameter_max":523.8898432418}},"is_potentially_hazardous_asteroid":true,"close_approach_data":[{"close_approach_date":"2085-12-18","relative_velocity":{"kilometers_per_second":"23.8264343785"},"miss_distance":{"kilometers":"21198790"}}]}]