[{"name":"155341 (2006 SA218)","estimated_diameter":{"meters":{"estimated_diameter_min":581.5070396458,"estimated_diameter_max":1300.2892700427}},"is_potentially_hazardous_asteroid":false,"close_approach_data":[{"close_approach_date":"2085-10-01","relative_velocity":{"kilometers_per_second":"9.4463994378"},"miss_distance":{"kilometers":"52016564"}}]},{"name":"429094 (2009 SG2)","estimated_diameter":{"meters":{"estimated_diameter_min":253.8370293645,"estimated_diameter_max":567.5968528656}},"is_potentially_hazardous_asteroid":true,"close_approach_data":[{"close_approach_date":"2085-10-01","relative_velocity":{"kilometers_per_second":"13.0413225518"},"miss_distance":{"kilometers":"35856064"}}]},{"name":"433939 (1995 DW1)","estimated_diameter":{"meters":{"estimated_diameter_min":152.9519353442,"estimated_diameter_max":342.0109247198}},"is_potentially_hazardous_asteroid":false,"close_approach_data":[{"close_approach_date":"2085-10-01","relative_velocity":{"kilometers_per_second":"15.5582150376"},"miss_distance":{"kilometers":"51809000"}}]},{"name":"(2007 RD1)","estimated_diameter":{"meters":{"estimated_diameter_min":127.2198785394,"estimated_diameter_max":284.4722965033}},"is_potentially_hazardous_asteroid":false,"close_approach_data":[{"close_approach_date":"2085-10-01","relative_velocity":{"kilometers_per_second":"11.4080049639"},"miss_distance":{"kilometers":"67139064"}}]},{"name":"(2013 XX8)","estimated_diameter":{"meters":{"estimated_diameter_min":35.0392641108,"estimated_diameter_max":78.3501764334}},"is_potentially_hazardous_asteroid":false,"close_approach_data":[{"close_approach_date":"2085-10-01","relative_velocity":{"kilometers_per_second":"4.8047981574"},"miss_distance":{"kilometers":"60042676"}}]},{"name":"(2017 EH1)","estimated_diameter":{"meters":{"estimated_diameter_min":58.1507039646,"estimated_diameter_max":130.0289270043}},"is_potentially_hazardous_asteroid":false,"close_approach_data":[{"close_approach_date":"2085-10-01","relative_velocity":{"kilometers_per_second":"19.6356928844"},"miss_distance":{"kilometers":"73474752"}}]},{"name":"(2017 GT5)","estimated_diameter":{"meters":{"estimated_diameter_min":145.5308200677,"estimated_diameter_max":325.4168064928}},"is_potentially_hazardous_asteroid":false,"close_approach_data":[{"close_approach_date":"2085-10-01","relative_velocity":{"kilometers_per_second":"14.6730871715"},"miss_distance":{"kilometers":"36009064"}}]}]