[{"name":"(2011 YJ28)","estimated_diameter":{"meters":{"estimated_diameter_min":146.0679642714,"estimated_diameter_max":326.6178974458}},"is_potentially_hazardous_asteroid":true,"close_approach_data":[{"close_approach_date":"2085-01-07","relative_velocity":{"kilometers_per_second":"14.0399885505"},"miss_distance":{"kilometers":"36460868"}}]},{"name":"(2014 AE29)","estimated_diameter":{"meters":{"estimated_diameter_min":8.801465209,"estimated_diameter_max":19.6806745089}},"is_potentially_hazardous_asteroid":false,"close_approach_data":[{"close_approach_date":"2085-01-07","relative_velocity":{"kilometers_per_second":"13.1465464164"},"miss_distance":{"kilometers":"41296996"}}]},{"name":"(2014 QY33)","estimated_diameter":{"meters":{"estimated_diameter_min":15.2951935344,"estimated_diameter_max":34.201092472}},"is_potentially_hazardous_asteroid":false,"close_approach_data":[{"close_approach_date":"2085-01-07","relative_velocity":{"kilometers_per_second":"15.421705819"},"miss_distance":{"kilometers":"7564245.5"}}]}]