[{"name":"443104 (2013 XK22)","estimated_diameter":{"meters":{"estimated_diameter_min":36.6906137531,"estimated_diameter_max":82.0427064882}},"is_potentially_hazardous_asteroid":false,"close_approach_data":[{"close_approach_date":"2085-10-05","relative_velocity":{"kilometers_per_second":"5.9580195106"},"miss_distance":{"kilometers":"43030160"}}]},{"name":"(1998 SB15)","estimated_diameter":{"meters":{"estimated_diameter_min":175.6123184804,"estimated_diameter_max":392.6810818086}},"is_potentially_hazardous_asteroid":false,"close_approach_data":[{"close_approach_date":"2085-10-05","relative_velocity":{"kilometers_per_second":"18.056352499"},"miss_distance":{"kilometers":"74708584"}}]},{"name":"(1998 SL36)","estimated_diameter":{"meters":{"estimated_diameter_min":231.5021222103,"estimated_diameter_max":517.6544821978}},"is_potentially_hazardous_asteroid":true,"close_approach_data":[{"close_approach_date":"2085-10-05","relative_velocity":{"kilometers_per_second":"23.5224587024"},"miss_distance":{"kilometers":"64845692"}}]},{"name":"(2011 UG20)","estimated_diameter":{"meters":{"estimated_diameter_min":139.4938229344,"estimated_diameter_max":311.9176705226}},"is_potentially_hazardous_asteroid":true,"close_approach_data":[{"close_approach_date":"2085-10-05","relative_velocity":{"kilometers_per_second":"32.8672707992"},"miss_distance":{"kilometers":"46043976"}}]},{"name":"496837 (1998 SB15)","estimated_diameter":{"meters":{"estimated_diameter_min":175.6123184804,"estimated_diameter_max":392.6810818086}},"is_potentially_hazardous_asteroid":false,"close_approach_data":[{"close_approach_date":"2085-10-05","relative_velocity":{"kilometers_per_second":"18.0563519317"},"miss_distance":{"kilometers":"74708568"}}]}]