[{"name":"242643 (2005 NZ6)","estimated_diameter":{"meters":{"estimated_diameter_min":880.1465209007,"estimated_diameter_max":1968.067450894}},"is_potentially_hazardous_asteroid":true,"close_approach_data":[{"close_approach_date":"2085-04-30","relative_velocity":{"kilometers_per_second":"33.0388960206"},"miss_distance":{"kilometers":"11111164"}}]},{"name":"285263 (1998 QE2)","estimated_diameter":{"meters":{"estimated_diameter_min":921.6265485028,"estimated_diameter_max":2060.8196123208}},"is_potentially_hazardous_asteroid":true,"close_approach_data":[{"close_approach_date":"2085-04-30","relative_velocity":{"kilometers_per_second":"12.180749379"},"miss_distance":{"kilometers":"32009428"}}]},{"name":"380476 (2003 YO1)","estimated_diameter":{"meters":{"estimated_diameter_min":350.3926411083,"estimated_diameter_max":783.5017643338}},"is_potentially_hazardous_asteroid":false,"close_approach_data":[{"close_approach_date":"2085-04-30","relative_velocity":{"kilometers_per_second":"15.0379845516"},"miss_distance":{"kilometers":"48235776"}}]},{"name":"(2007 TD66)","estimated_diameter":{"meters":{"estimated_diameter_min":116.0259082094,"estimated_diameter_max":259.4418179074}},"is_potentially_hazardous_asteroid":false,"close_approach_data":[{"close_approach_date":"2085-04-30","relative_velocity":{"kilometers_per_second":"14.9507857093"},"miss_distance":{"kilometers":"50964908"}}]},{"name":"(2013 YR2)","estimated_diameter":{"meters":{"estimated_diameter_min":38.4197891064,"estimated_diameter_max":85.9092601232}},"is_potentially_hazardous_asteroid":false,"close_approach_data":[{"close_approach_date":"2085-04-30","relative_velocity":{"kilometers_per_second":"6.6435147436"},"miss_distance":{"kilometers":"13319406"}}]},{"name":"(2017 BD29)","estimated_diameter":{"meters":{"estimated_diameter_min":121.4940407996,"estimated_diameter_max":271.6689340891}},"is_potentially_hazardous_asteroid":true,"close_approach_data":[{"close_approach_date":"2085-04-30","relative_velocity":{"kilometers_per_second":"18.3217129407"},"miss_distance":{"kilometers":"44076308"}}]},{"name":"(2017 GT5)","estimated_diameter":{"meters":{"estimated_diameter_min":145.5308200677,"estimated_diameter_max":325.4168064928}},"is_potentially_hazardous_asteroid":false,"close_approach_data":[{"close_approach_date":"2085-04-30","relative_velocity":{"kilometers_per_second":"11.4575274174"},"miss_distance":{"kilometers":"38189300"}}]}]