[{"name":"407338 (2010 RQ30)","estimated_diameter":{"meters":{"estimated_diameter_min":608.9126221057,"estimated_diameter_max":1361.5700153859}},"is_potentially_hazardous_asteroid":false,"close_approach_data":[{"close_approach_date":"2085-05-05","relative_velocity":{"kilometers_per_second":"18.4707858267"},"miss_distance":{"kilometers":"38029956"}}]},{"name":"453707 (2010 XY72)","estimated_diameter":{"meters":{"estimated_diameter_min":506.4714588346,"estimated_diameter_max":1132.5046106177}},"is_potentially_hazardous_asteroid":true,"close_approach_data":[{"close_approach_date":"2085-05-05","relative_velocity":{"kilometers_per_second":"18.521915641"},"miss_distance":{"kilometers":"41330264"}}]},{"name":"(2009 WA)","estimated_diameter":{"meters":{"estimated_diameter_min":152.9519353442,"estimated_diameter_max":342.0109247198}},"is_potentially_hazardous_asteroid":false,"close_approach_data":[{"close_approach_date":"2085-05-05","relative_velocity":{"kilometers_per_second":"20.150307668"},"miss_distance":{"kilometers":"61899840"}}]},{"name":"(2017 BR6)","estimated_diameter":{"meters":{"estimated_diameter_min":6.9912523225,"estimated_diameter_max":15.6329154409}},"is_potentially_hazardous_asteroid":false,"close_approach_data":[{"close_approach_date":"2085-05-05","relative_velocity":{"kilometers_per_second":"9.9827477807"},"miss_distance":{"kilometers":"17584732"}}]}]