[{"name":"(2001 RA18)","estimated_diameter":{"meters":{"estimated_diameter_min":384.1978910643,"estimated_diameter_max":859.0926012318}},"is_potentially_hazardous_asteroid":false,"close_approach_data":[{"close_approach_date":"2085-09-14","relative_velocity":{"kilometers_per_second":"13.7933530297"},"miss_distance":{"kilometers":"33021616"}}]},{"name":"(2002 QQ40)","estimated_diameter":{"meters":{"estimated_diameter_min":139.4938229344,"estimated_diameter_max":311.9176705226}},"is_potentially_hazardous_asteroid":true,"close_approach_data":[{"close_approach_date":"2085-09-14","relative_velocity":{"kilometers_per_second":"18.1759935653"},"miss_distance":{"kilometers":"6190427.5"}}]},{"name":"(2005 RC34)","estimated_diameter":{"meters":{"estimated_diameter_min":305.1792325939,"estimated_diameter_max":682.4015094011}},"is_potentially_hazardous_asteroid":true,"close_approach_data":[{"close_approach_date":"2085-09-14","relative_velocity":{"kilometers_per_second":"10.4873629705"},"miss_distance":{"kilometers":"30235146"}}]},{"name":"(2015 BE92)","estimated_diameter":{"meters":{"estimated_diameter_min":6.3760978988,"estimated_diameter_max":14.2573883328}},"is_potentially_hazardous_asteroid":false,"close_approach_data":[{"close_approach_date":"2085-09-14","relative_velocity":{"kilometers_per_second":"12.8595678571"},"miss_distance":{"kilometers":"33272270"}}]},{"name":"(2018 AD4)","estimated_diameter":{"meters":{"estimated_diameter_min":81.1624179069,"estimated_diameter_max":181.4846836581}},"is_potentially_hazardous_asteroid":false,"close_approach_data":[{"close_approach_date":"2085-09-14","relative_velocity":{"kilometers_per_second":"9.3245535058"},"miss_distance":{"kilometers":"45735680"}}]}]