[{"name":"3360 Syrinx (1981 VA)","estimated_diameter":{"meters":{"estimated_diameter_min":1756.1231848042,"estimated_diameter_max":3926.8108180856}},"is_potentially_hazardous_asteroid":false,"close_approach_data":[{"close_approach_date":"2085-11-02","relative_velocity":{"kilometers_per_second":"26.0542803103"},"miss_distance":{"kilometers":"24409438"}}]},{"name":"65733 (1993 PC)","estimated_diameter":{"meters":{"estimated_diameter_min":555.334911581,"estimated_diameter_max":1241.766612574}},"is_potentially_hazardous_asteroid":false,"close_approach_data":[{"close_approach_date":"2085-11-02","relative_velocity":{"kilometers_per_second":"16.8318829094"},"miss_distance":{"kilometers":"16008935"}}]},{"name":"164121 (2003 YT1)","estimated_diameter":{"meters":{"estimated_diameter_min":1529.5193534422,"estimated_diameter_max":3420.1092471982}},"is_potentially_hazardous_asteroid":true,"close_approach_data":[{"close_approach_date":"2085-11-02","relative_velocity":{"kilometers_per_second":"23.4620568165"},"miss_distance":{"kilometers":"5998863"}}]},{"name":"(2002 VX91)","estimated_diameter":{"meters":{"estimated_diameter_min":36.6906137531,"estimated_diameter_max":82.0427064882}},"is_potentially_hazardous_asteroid":false,"close_approach_data":[{"close_approach_date":"2085-11-02","relative_velocity":{"kilometers_per_second":"7.4033620194"},"miss_distance":{"kilometers":"3997168.5"}}]}]