[{"name":"317255 (2002 DJ5)","estimated_diameter":{"meters":{"estimated_diameter_min":291.4439045349,"estimated_diameter_max":651.6883821679}},"is_potentially_hazardous_asteroid":true,"close_approach_data":[{"close_approach_date":"2085-03-28","relative_velocity":{"kilometers_per_second":"18.9907177579"},"miss_distance":{"kilometers":"7788753"}}]},{"name":"405762 (2005 YO180)","estimated_diameter":{"meters":{"estimated_diameter_min":231.5021222103,"estimated_diameter_max":517.6544821978}},"is_potentially_hazardous_asteroid":true,"close_approach_data":[{"close_approach_date":"2085-03-28","relative_velocity":{"kilometers_per_second":"24.2394891997"},"miss_distance":{"kilometers":"65518504"}}]},{"name":"(1998 FF14)","estimated_diameter":{"meters":{"estimated_diameter_min":192.5550781879,"estimated_diameter_max":430.566244241}},"is_potentially_hazardous_asteroid":true,"close_approach_data":[{"close_approach_date":"2085-03-28","relative_velocity":{"kilometers_per_second":"19.039985982"},"miss_distance":{"kilometers":"56005112"}}]},{"name":"(2008 BX2)","estimated_diameter":{"meters":{"estimated_diameter_min":50.6471458835,"estimated_diameter_max":113.2504610618}},"is_potentially_hazardous_asteroid":false,"close_approach_data":[{"close_approach_date":"2085-03-28","relative_velocity":{"kilometers_per_second":"8.0594374756"},"miss_distance":{"kilometers":"9805375"}}]},{"name":"(2008 CD22)","estimated_diameter":{"meters":{"estimated_diameter_min":96.5061469579,"estimated_diameter_max":215.7943048444}},"is_potentially_hazardous_asteroid":false,"close_approach_data":[{"close_approach_date":"2085-03-28","relative_velocity":{"kilometers_per_second":"15.4890853089"},"miss_distance":{"kilometers":"72249608"}}]},{"name":"(2011 GM44)","estimated_diameter":{"meters":{"estimated_diameter_min":334.6223744549,"estimated_diameter_max":748.2383760735}},"is_potentially_hazardous_asteroid":true,"close_approach_data":[{"close_approach_date":"2085-03-28","relative_velocity":{"kilometers_per_second":"22.8604687382"},"miss_distance":{"kilometers":"40283612"}}]},{"name":"(2015 CZ)","estimated_diameter":{"meters":{"estimated_diameter_min":92.1626548503,"estimated_diameter_max":206.0819612321}},"is_potentially_hazardous_asteroid":false,"close_approach_data":[{"close_approach_date":"2085-03-28","relative_velocity":{"kilometers_per_second":"12.6554978587"},"miss_distance":{"kilometers":"21152852"}}]},{"name":"(2004 RE84)","estimated_diameter":{"meters":{"estimated_diameter_min":96.5061469579,"estimated_diameter_max":215.7943048444}},"is_potentially_hazardous_asteroid":false,"close_approach_data":[{"close_approach_date":"2085-03-28","relative_velocity":{"kilometers_per_second":"22.1946374632"},"miss_distance":{"kilometers":"26347030"}}]}]