[{"name":"4034 Vishnu (1986 PA)","estimated_diameter":{"meters":{"estimated_diameter_min":555.334911581,"estimated_diameter_max":1241.766612574}},"is_potentially_hazardous_asteroid":true,"close_approach_data":[{"close_approach_date":"2085-03-06","relative_velocity":{"kilometers_per_second":"11.0773347841"},"miss_distance":{"kilometers":"40015080"}}]},{"name":"387668 (2002 SZ)","estimated_diameter":{"meters":{"estimated_diameter_min":221.0828103591,"estimated_diameter_max":494.3561926196}},"is_potentially_hazardous_asteroid":true,"close_approach_data":[{"close_approach_date":"2085-03-06","relative_velocity":{"kilometers_per_second":"23.7403598622"},"miss_distance":{"kilometers":"39714132"}}]},{"name":"(2008 UB95)","estimated_diameter":{"meters":{"estimated_diameter_min":30.5179232594,"estimated_diameter_max":68.2401509401}},"is_potentially_hazardous_asteroid":false,"close_approach_data":[{"close_approach_date":"2085-03-06","relative_velocity":{"kilometers_per_second":"12.3782736704"},"miss_distance":{"kilometers":"18894310"}}]},{"name":"(2010 EF21)","estimated_diameter":{"meters":{"estimated_diameter_min":555.334911581,"estimated_diameter_max":1241.766612574}},"is_potentially_hazardous_asteroid":false,"close_approach_data":[{"close_approach_date":"2085-03-06","relative_velocity":{"kilometers_per_second":"23.2296559819"},"miss_distance":{"kilometers":"27604154"}}]},{"name":"(2014 FW32)","estimated_diameter":{"meters":{"estimated_diameter_min":10.5816885933,"estimated_diameter_max":23.6613750114}},"is_potentially_hazardous_asteroid":false,"close_approach_data":[{"close_approach_date":"2085-03-06","relative_velocity":{"kilometers_per_second":"14.7648751167"},"miss_distance":{"kilometers":"51818816"}}]}]