[{"name":"357622 (2005 EY95)","estimated_diameter":{"meters":{"estimated_diameter_min":231.5021222103,"estimated_diameter_max":517.6544821978}},"is_potentially_hazardous_asteroid":true,"close_approach_data":[{"close_approach_date":"2085-03-27","relative_velocity":{"kilometers_per_second":"28.5411826596"},"miss_distance":{"kilometers":"58698380"}}]},{"name":"389694 (2011 QD48)","estimated_diameter":{"meters":{"estimated_diameter_min":637.6097898754,"estimated_diameter_max":1425.7388332807}},"is_potentially_hazardous_asteroid":true,"close_approach_data":[{"close_approach_date":"2085-03-27","relative_velocity":{"kilometers_per_second":"20.5821029175"},"miss_distance":{"kilometers":"27256360"}}]},{"name":"(2010 VX139)","estimated_diameter":{"meters":{"estimated_diameter_min":211.1324447897,"estimated_diameter_max":472.1064988055}},"is_potentially_hazardous_asteroid":false,"close_approach_data":[{"close_approach_date":"2085-03-27","relative_velocity":{"kilometers_per_second":"17.4357614203"},"miss_distance":{"kilometers":"61206888"}}]},{"name":"(2017 FT101)","estimated_diameter":{"meters":{"estimated_diameter_min":19.4964246947,"estimated_diameter_max":43.5953309355}},"is_potentially_hazardous_asteroid":false,"close_approach_data":[{"close_approach_date":"2085-03-27","relative_velocity":{"kilometers_per_second":"15.0745906181"},"miss_distance":{"kilometers":"12608959"}}]},{"name":"(2004 TB10)","estimated_diameter":{"meters":{"estimated_diameter_min":146.0679642714,"estimated_diameter_max":326.6178974458}},"is_potentially_hazardous_asteroid":true,"close_approach_data":[{"close_approach_date":"2085-03-27","relative_velocity":{"kilometers_per_second":"12.625786355"},"miss_distance":{"kilometers":"26546292"}}]}]