[{"name":"136839 (1997 WT22)","estimated_diameter":{"meters":{"estimated_diameter_min":461.9074602816,"estimated_diameter_max":1032.8564805039}},"is_potentially_hazardous_asteroid":false,"close_approach_data":[{"close_approach_date":"2085-04-21","relative_velocity":{"kilometers_per_second":"3.8396851261"},"miss_distance":{"kilometers":"47726744"}}]},{"name":"(2000 WC1)","estimated_diameter":{"meters":{"estimated_diameter_min":96.5061469579,"estimated_diameter_max":215.7943048444}},"is_potentially_hazardous_asteroid":true,"close_approach_data":[{"close_approach_date":"2085-04-21","relative_velocity":{"kilometers_per_second":"12.714081056"},"miss_distance":{"kilometers":"41313208"}}]},{"name":"(2002 LT38)","estimated_diameter":{"meters":{"estimated_diameter_min":231.5021222103,"estimated_diameter_max":517.6544821978}},"is_potentially_hazardous_asteroid":true,"close_approach_data":[{"close_approach_date":"2085-04-21","relative_velocity":{"kilometers_per_second":"19.8183529127"},"miss_distance":{"kilometers":"60328228"}}]},{"name":"(2011 TB4)","estimated_diameter":{"meters":{"estimated_diameter_min":22.1082810359,"estimated_diameter_max":49.435619262}},"is_potentially_hazardous_asteroid":false,"close_approach_data":[{"close_approach_date":"2085-04-21","relative_velocity":{"kilometers_per_second":"26.2879770818"},"miss_distance":{"kilometers":"66327208"}}]},{"name":"(2014 GC35)","estimated_diameter":{"meters":{"estimated_diameter_min":88.0146520901,"estimated_diameter_max":196.8067450894}},"is_potentially_hazardous_asteroid":false,"close_approach_data":[{"close_approach_date":"2085-04-21","relative_velocity":{"kilometers_per_second":"19.2756039141"},"miss_distance":{"kilometers":"45950048"}}]},{"name":"467336 (2002 LT38)","estimated_diameter":{"meters":{"estimated_diameter_min":211.1324447897,"estimated_diameter_max":472.1064988055}},"is_potentially_hazardous_asteroid":true,"close_approach_data":[{"close_approach_date":"2085-04-21","relative_velocity":{"kilometers_per_second":"19.818587916"},"miss_distance":{"kilometers":"60329332"}}]}]