[{"name":"416584 (2004 JB12)","estimated_diameter":{"meters":{"estimated_diameter_min":441.1181999969,"estimated_diameter_max":986.3702813054}},"is_potentially_hazardous_asteroid":false,"close_approach_data":[{"close_approach_date":"2085-06-04","relative_velocity":{"kilometers_per_second":"19.9794078086"},"miss_distance":{"kilometers":"73746280"}}]},{"name":"(2015 XD169)","estimated_diameter":{"meters":{"estimated_diameter_min":11.0803882126,"estimated_diameter_max":24.7765012606}},"is_potentially_hazardous_asteroid":false,"close_approach_data":[{"close_approach_date":"2085-06-04","relative_velocity":{"kilometers_per_second":"3.6254638694"},"miss_distance":{"kilometers":"24366002"}}]}]