[{"name":"(1998 MW5)","estimated_diameter":{"meters":{"estimated_diameter_min":402.3045798343,"estimated_diameter_max":899.5803881691}},"is_potentially_hazardous_asteroid":false,"close_approach_data":[{"close_approach_date":"2085-07-17","relative_velocity":{"kilometers_per_second":"9.3577440032"},"miss_distance":{"kilometers":"56656748"}}]},{"name":"(2005 FE3)","estimated_diameter":{"meters":{"estimated_diameter_min":366.9061375314,"estimated_diameter_max":820.4270648822}},"is_potentially_hazardous_asteroid":true,"close_approach_data":[{"close_approach_date":"2085-07-17","relative_velocity":{"kilometers_per_second":"21.1039287288"},"miss_distance":{"kilometers":"58516376"}}]},{"name":"(2005 XW77)","estimated_diameter":{"meters":{"estimated_diameter_min":192.5550781879,"estimated_diameter_max":430.566244241}},"is_potentially_hazardous_asteroid":false,"close_approach_data":[{"close_approach_date":"2085-07-17","relative_velocity":{"kilometers_per_second":"8.368220967"},"miss_distance":{"kilometers":"62779368"}}]},{"name":"(2008 GV20)","estimated_diameter":{"meters":{"estimated_diameter_min":441.1181999969,"estimated_diameter_max":986.3702813054}},"is_potentially_hazardous_asteroid":false,"close_approach_data":[{"close_approach_date":"2085-07-17","relative_velocity":{"kilometers_per_second":"17.4503699872"},"miss_distance":{"kilometers":"37678464"}}]},{"name":"(2008 MG1)","estimated_diameter":{"meters":{"estimated_diameter_min":278.3267680719,"estimated_diameter_max":622.3575733667}},"is_potentially_hazardous_asteroid":false,"close_approach_data":[{"close_approach_date":"2085-07-17","relative_velocity":{"kilometers_per_second":"18.7333175701"},"miss_distance":{"kilometers":"56067788"}}]}]