[{"name":"276033 (2002 AJ129)","estimated_diameter":{"meters":{"estimated_diameter_min":483.6764882185,"estimated_diameter_max":1081.533506775}},"is_potentially_hazardous_asteroid":true,"close_approach_data":[{"close_approach_date":"2085-04-14","relative_velocity":{"kilometers_per_second":"31.9764759244"},"miss_distance":{"kilometers":"38513268"}}]},{"name":"439437 (2013 NK4)","estimated_diameter":{"meters":{"estimated_diameter_min":483.6764882185,"estimated_diameter_max":1081.533506775}},"is_potentially_hazardous_asteroid":true,"close_approach_data":[{"close_approach_date":"2085-04-14","relative_velocity":{"kilometers_per_second":"12.9546745473"},"miss_distance":{"kilometers":"21767252"}}]},{"name":"(1998 KH)","estimated_diameter":{"meters":{"estimated_diameter_min":384.1978910643,"estimated_diameter_max":859.0926012318}},"is_potentially_hazardous_asteroid":false,"close_approach_data":[{"close_approach_date":"2085-04-14","relative_velocity":{"kilometers_per_second":"16.8467808258"},"miss_distance":{"kilometers":"57203320"}}]},{"name":"(2013 UF3)","estimated_diameter":{"meters":{"estimated_diameter_min":96.5061469579,"estimated_diameter_max":215.7943048444}},"is_potentially_hazardous_asteroid":false,"close_approach_data":[{"close_approach_date":"2085-04-14","relative_velocity":{"kilometers_per_second":"15.9555878478"},"miss_distance":{"kilometers":"49263032"}}]},{"name":"(2013 PN43)","estimated_diameter":{"meters":{"estimated_diameter_min":192.5550781879,"estimated_diameter_max":430.566244241}},"is_potentially_hazardous_asteroid":false,"close_approach_data":[{"close_approach_date":"2085-04-14","relative_velocity":{"kilometers_per_second":"24.5630087715"},"miss_distance":{"kilometers":"46559312"}}]},{"name":"(2017 TH4)","estimated_diameter":{"meters":{"estimated_diameter_min":35.2496635907,"estimated_diameter_max":78.8206439728}},"is_potentially_hazardous_asteroid":false,"close_approach_data":[{"close_approach_date":"2085-04-14","relative_velocity":{"kilometers_per_second":"11.1847844847"},"miss_distance":{"kilometers":"38968180"}}]}]