[{"name":"445974 (2013 BJ18)","estimated_diameter":{"meters":{"estimated_diameter_min":231.5021222103,"estimated_diameter_max":517.6544821978}},"is_potentially_hazardous_asteroid":true,"close_approach_data":[{"close_approach_date":"2085-08-08","relative_velocity":{"kilometers_per_second":"15.0970016492"},"miss_distance":{"kilometers":"36757552"}}]},{"name":"(2012 PK24)","estimated_diameter":{"meters":{"estimated_diameter_min":46.1907460282,"estimated_diameter_max":103.2856480504}},"is_potentially_hazardous_asteroid":false,"close_approach_data":[{"close_approach_date":"2085-08-08","relative_velocity":{"kilometers_per_second":"7.6515043098"},"miss_distance":{"kilometers":"69576056"}}]}]