[{"name":"(2014 UT33)","estimated_diameter":{"meters":{"estimated_diameter_min":55.5334911581,"estimated_diameter_max":124.1766612574}},"is_potentially_hazardous_asteroid":false,"close_approach_data":[{"close_approach_date":"2085-10-23","relative_velocity":{"kilometers_per_second":"19.435432471"},"miss_distance":{"kilometers":"45003568"}}]},{"name":"105140 (2000 NL10)","estimated_diameter":{"meters":{"estimated_diameter_min":1838.8867207025,"estimated_diameter_max":4111.8757104125}},"is_potentially_hazardous_asteroid":false,"close_approach_data":[{"close_approach_date":"2085-10-23","relative_velocity":{"kilometers_per_second":"27.9749650864"},"miss_distance":{"kilometers":"55720984"}}]},{"name":"(2015 TB145)","estimated_diameter":{"meters":{"estimated_diameter_min":265.8,"estimated_diameter_max":594.3468684194}},"is_potentially_hazardous_asteroid":true,"close_approach_data":[{"close_approach_date":"2085-10-23","relative_velocity":{"kilometers_per_second":"39.2932503782"},"miss_distance":{"kilometers":"24162494"}}]}]