[{"name":"(2011 ER74)","estimated_diameter":{"meters":{"estimated_diameter_min":38.4197891064,"estimated_diameter_max":85.9092601232}},"is_potentially_hazardous_asteroid":false,"close_approach_data":[{"close_approach_date":"2085-03-17","relative_velocity":{"kilometers_per_second":"20.2016771924"},"miss_distance":{"kilometers":"64624192"}}]},{"name":"(2012 US9)","estimated_diameter":{"meters":{"estimated_diameter_min":127.2198785394,"estimated_diameter_max":284.4722965033}},"is_potentially_hazardous_asteroid":false,"close_approach_data":[{"close_approach_date":"2085-03-17","relative_velocity":{"kilometers_per_second":"7.9437635273"},"miss_distance":{"kilometers":"25450656"}}]}]