[{"name":"24443 (2000 OG)","estimated_diameter":{"meters":{"estimated_diameter_min":1394.9382293439,"estimated_diameter_max":3119.1767052261}},"is_potentially_hazardous_asteroid":false,"close_approach_data":[{"close_approach_date":"2085-03-10","relative_velocity":{"kilometers_per_second":"34.8739619052"},"miss_distance":{"kilometers":"34399004"}}]},{"name":"414286 (2008 OC6)","estimated_diameter":{"meters":{"estimated_diameter_min":506.4714588346,"estimated_diameter_max":1132.5046106177}},"is_potentially_hazardous_asteroid":true,"close_approach_data":[{"close_approach_date":"2085-03-10","relative_velocity":{"kilometers_per_second":"13.0780966189"},"miss_distance":{"kilometers":"31604476"}}]},{"name":"457059 (2008 EG)","estimated_diameter":{"meters":{"estimated_diameter_min":253.8370293645,"estimated_diameter_max":567.5968528656}},"is_potentially_hazardous_asteroid":false,"close_approach_data":[{"close_approach_date":"2085-03-10","relative_velocity":{"kilometers_per_second":"32.1471651058"},"miss_distance":{"kilometers":"50816808"}}]},{"name":"(2017 VU13)","estimated_diameter":{"meters":{"estimated_diameter_min":179.0420231201,"estimated_diameter_max":400.3501345255}},"is_potentially_hazardous_asteroid":false,"close_approach_data":[{"close_approach_date":"2085-03-10","relative_velocity":{"kilometers_per_second":"20.647254885"},"miss_distance":{"kilometers":"71686192"}}]}]