[{"name":"152680 (1998 KJ9)","estimated_diameter":{"meters":{"estimated_diameter_min":350.3926411083,"estimated_diameter_max":783.5017643338}},"is_potentially_hazardous_asteroid":true,"close_approach_data":[{"close_approach_date":"2085-09-07","relative_velocity":{"kilometers_per_second":"22.6751313031"},"miss_distance":{"kilometers":"74015528"}}]},{"name":"(2007 RZ19)","estimated_diameter":{"meters":{"estimated_diameter_min":92.1626548503,"estimated_diameter_max":206.0819612321}},"is_potentially_hazardous_asteroid":false,"close_approach_data":[{"close_approach_date":"2085-09-07","relative_velocity":{"kilometers_per_second":"4.1154505191"},"miss_distance":{"kilometers":"30570650"}}]},{"name":"(2013 EP41)","estimated_diameter":{"meters":{"estimated_diameter_min":384.1978910643,"estimated_diameter_max":859.0926012318}},"is_potentially_hazardous_asteroid":false,"close_approach_data":[{"close_approach_date":"2085-09-07","relative_velocity":{"kilometers_per_second":"11.7933799671"},"miss_distance":{"kilometers":"41169272"}}]},{"name":"(2014 GF50)","estimated_diameter":{"meters":{"estimated_diameter_min":192.5550781879,"estimated_diameter_max":430.566244241}},"is_potentially_hazardous_asteroid":false,"close_approach_data":[{"close_approach_date":"2085-09-07","relative_velocity":{"kilometers_per_second":"2.5669205405"},"miss_distance":{"kilometers":"61706020"}}]},{"name":"(1998 SZ27)","estimated_diameter":{"meters":{"estimated_diameter_min":201.6299194428,"estimated_diameter_max":450.8582061718}},"is_potentially_hazardous_asteroid":true,"close_approach_data":[{"close_approach_date":"2085-09-07","relative_velocity":{"kilometers_per_second":"16.248890012"},"miss_distance":{"kilometers":"16871054"}}]}]