[{"name":"(1999 FA)","estimated_diameter":{"meters":{"estimated_diameter_min":192.5550781879,"estimated_diameter_max":430.566244241}},"is_potentially_hazardous_asteroid":true,"close_approach_data":[{"close_approach_date":"2085-03-03","relative_velocity":{"kilometers_per_second":"6.5465325849"},"miss_distance":{"kilometers":"8107516"}}]},{"name":"(2004 EK1)","estimated_diameter":{"meters":{"estimated_diameter_min":101.054341542,"estimated_diameter_max":225.9643771094}},"is_potentially_hazardous_asteroid":false,"close_approach_data":[{"close_approach_date":"2085-03-03","relative_velocity":{"kilometers_per_second":"8.721019463"},"miss_distance":{"kilometers":"6396134.5"}}]},{"name":"(2016 BX39)","estimated_diameter":{"meters":{"estimated_diameter_min":319.5618867213,"estimated_diameter_max":714.5621017269}},"is_potentially_hazardous_asteroid":false,"close_approach_data":[{"close_approach_date":"2085-03-03","relative_velocity":{"kilometers_per_second":"16.0345201336"},"miss_distance":{"kilometers":"68579704"}}]},{"name":"474158 (1999 FA)","estimated_diameter":{"meters":{"estimated_diameter_min":192.5550781879,"estimated_diameter_max":430.566244241}},"is_potentially_hazardous_asteroid":true,"close_approach_data":[{"close_approach_date":"2085-03-03","relative_velocity":{"kilometers_per_second":"6.5466095211"},"miss_distance":{"kilometers":"8105808"}}]},{"name":"497113 (2004 EK1)","estimated_diameter":{"meters":{"estimated_diameter_min":101.054341542,"estimated_diameter_max":225.9643771094}},"is_potentially_hazardous_asteroid":false,"close_approach_data":[{"close_approach_date":"2085-03-03","relative_velocity":{"kilometers_per_second":"8.7210458195"},"miss_distance":{"kilometers":"6396221"}}]}]