[{"name":"(2004 EO20)","estimated_diameter":{"meters":{"estimated_diameter_min":84.0533402073,"estimated_diameter_max":187.9489824394}},"is_potentially_hazardous_asteroid":false,"close_approach_data":[{"close_approach_date":"2085-11-19","relative_velocity":{"kilometers_per_second":"4.6203181905"},"miss_distance":{"kilometers":"45245144"}}]},{"name":"(2010 MY1)","estimated_diameter":{"meters":{"estimated_diameter_min":44.1118199997,"estimated_diameter_max":98.6370281305}},"is_potentially_hazardous_asteroid":false,"close_approach_data":[{"close_approach_date":"2085-11-19","relative_velocity":{"kilometers_per_second":"5.712539985"},"miss_distance":{"kilometers":"40275644"}}]},{"name":"(2012 XM145)","estimated_diameter":{"meters":{"estimated_diameter_min":242.4124811008,"estimated_diameter_max":542.0507863358}},"is_potentially_hazardous_asteroid":false,"close_approach_data":[{"close_approach_date":"2085-11-19","relative_velocity":{"kilometers_per_second":"18.7225964982"},"miss_distance":{"kilometers":"68513504"}}]},{"name":"(2013 TS132)","estimated_diameter":{"meters":{"estimated_diameter_min":265.8,"estimated_diameter_max":594.3468684194}},"is_potentially_hazardous_asteroid":false,"close_approach_data":[{"close_approach_date":"2085-11-19","relative_velocity":{"kilometers_per_second":"4.8508806979"},"miss_distance":{"kilometers":"49692208"}}]}]