[{"name":"265187 (2003 YS117)","estimated_diameter":{"meters":{"estimated_diameter_min":608.9126221057,"estimated_diameter_max":1361.5700153859}},"is_potentially_hazardous_asteroid":false,"close_approach_data":[{"close_approach_date":"2085-07-18","relative_velocity":{"kilometers_per_second":"17.8521021637"},"miss_distance":{"kilometers":"24786846"}}]},{"name":"267759 (2003 MC7)","estimated_diameter":{"meters":{"estimated_diameter_min":461.9074602816,"estimated_diameter_max":1032.8564805039}},"is_potentially_hazardous_asteroid":false,"close_approach_data":[{"close_approach_date":"2085-07-18","relative_velocity":{"kilometers_per_second":"16.3652134572"},"miss_distance":{"kilometers":"70475352"}}]},{"name":"(2012 PO17)","estimated_diameter":{"meters":{"estimated_diameter_min":69.9125232246,"estimated_diameter_max":156.3291544087}},"is_potentially_hazardous_asteroid":false,"close_approach_data":[{"close_approach_date":"2085-07-18","relative_velocity":{"kilometers_per_second":"5.6252122955"},"miss_distance":{"kilometers":"28479860"}}]},{"name":"(2016 WG7)","estimated_diameter":{"meters":{"estimated_diameter_min":16.7708462163,"estimated_diameter_max":37.5007521798}},"is_potentially_hazardous_asteroid":false,"close_approach_data":[{"close_approach_date":"2085-07-18","relative_velocity":{"kilometers_per_second":"6.4674439748"},"miss_distance":{"kilometers":"9400138"}}]}]