[{"name":"138947 (2001 BA40)","estimated_diameter":{"meters":{"estimated_diameter_min":483.6764882185,"estimated_diameter_max":1081.533506775}},"is_potentially_hazardous_asteroid":false,"close_approach_data":[{"close_approach_date":"2085-02-04","relative_velocity":{"kilometers_per_second":"8.4236224829"},"miss_distance":{"kilometers":"53560376"}}]},{"name":"242450 (2004 QY2)","estimated_diameter":{"meters":{"estimated_diameter_min":3051.7923259387,"estimated_diameter_max":6824.0150940112}},"is_potentially_hazardous_asteroid":true,"close_approach_data":[{"close_approach_date":"2085-02-04","relative_velocity":{"kilometers_per_second":"28.3508209692"},"miss_distance":{"kilometers":"39239664"}}]}]