[{"name":"(2010 CP140)","estimated_diameter":{"meters":{"estimated_diameter_min":334.6223744549,"estimated_diameter_max":748.2383760735}},"is_potentially_hazardous_asteroid":false,"close_approach_data":[{"close_approach_date":"2085-11-25","relative_velocity":{"kilometers_per_second":"14.1695649511"},"miss_distance":{"kilometers":"20059260"}}]},{"name":"(2014 WL368)","estimated_diameter":{"meters":{"estimated_diameter_min":319.5618867213,"estimated_diameter_max":714.5621017269}},"is_potentially_hazardous_asteroid":false,"close_approach_data":[{"close_approach_date":"2085-11-25","relative_velocity":{"kilometers_per_second":"4.138740449"},"miss_distance":{"kilometers":"43754212"}}]}]