[{"name":"410627 (2008 RG1)","estimated_diameter":{"meters":{"estimated_diameter_min":192.5550781879,"estimated_diameter_max":430.566244241}},"is_potentially_hazardous_asteroid":true,"close_approach_data":[{"close_approach_date":"2085-09-09","relative_velocity":{"kilometers_per_second":"9.0012097688"},"miss_distance":{"kilometers":"68538624"}}]},{"name":"456301 (2006 SV134)","estimated_diameter":{"meters":{"estimated_diameter_min":483.6764882185,"estimated_diameter_max":1081.533506775}},"is_potentially_hazardous_asteroid":false,"close_approach_data":[{"close_approach_date":"2085-09-09","relative_velocity":{"kilometers_per_second":"14.6350854437"},"miss_distance":{"kilometers":"54487576"}}]},{"name":"(2005 TR45)","estimated_diameter":{"meters":{"estimated_diameter_min":461.9074602816,"estimated_diameter_max":1032.8564805039}},"is_potentially_hazardous_asteroid":false,"close_approach_data":[{"close_approach_date":"2085-09-09","relative_velocity":{"kilometers_per_second":"14.8498346879"},"miss_distance":{"kilometers":"43089468"}}]},{"name":"(2015 BT515)","estimated_diameter":{"meters":{"estimated_diameter_min":278.3267680719,"estimated_diameter_max":622.3575733667}},"is_potentially_hazardous_asteroid":false,"close_approach_data":[{"close_approach_date":"2085-09-09","relative_velocity":{"kilometers_per_second":"16.7631402932"},"miss_distance":{"kilometers":"72076528"}}]},{"name":"(2017 FV)","estimated_diameter":{"meters":{"estimated_diameter_min":36.6906137531,"estimated_diameter_max":82.0427064882}},"is_potentially_hazardous_asteroid":false,"close_approach_data":[{"close_approach_date":"2085-09-09","relative_velocity":{"kilometers_per_second":"15.664881725"},"miss_distance":{"kilometers":"5799921"}}]}]