[{"name":"253062 (2002 TC70)","estimated_diameter":{"meters":{"estimated_diameter_min":167.7084621628,"estimated_diameter_max":375.0075217981}},"is_potentially_hazardous_asteroid":false,"close_approach_data":[{"close_approach_date":"2085-04-05","relative_velocity":{"kilometers_per_second":"5.4920520272"},"miss_distance":{"kilometers":"64061844"}}]},{"name":"(2010 VB72)","estimated_diameter":{"meters":{"estimated_diameter_min":175.6123184804,"estimated_diameter_max":392.6810818086}},"is_potentially_hazardous_asteroid":false,"close_approach_data":[{"close_approach_date":"2085-04-05","relative_velocity":{"kilometers_per_second":"8.2347050063"},"miss_distance":{"kilometers":"20995022"}}]},{"name":"(2012 FT35)","estimated_diameter":{"meters":{"estimated_diameter_min":3.8419789106,"estimated_diameter_max":8.5909260123}},"is_potentially_hazardous_asteroid":false,"close_approach_data":[{"close_approach_date":"2085-04-05","relative_velocity":{"kilometers_per_second":"6.0739334683"},"miss_distance":{"kilometers":"9355189"}}]}]