[{"name":"329338 (2001 JW2)","estimated_diameter":{"meters":{"estimated_diameter_min":402.3045798343,"estimated_diameter_max":899.5803881691}},"is_potentially_hazardous_asteroid":false,"close_approach_data":[{"close_approach_date":"2085-11-06","relative_velocity":{"kilometers_per_second":"17.3636743029"},"miss_distance":{"kilometers":"29149722"}}]},{"name":"458116 (2010 DA)","estimated_diameter":{"meters":{"estimated_diameter_min":231.5021222103,"estimated_diameter_max":517.6544821978}},"is_potentially_hazardous_asteroid":true,"close_approach_data":[{"close_approach_date":"2085-11-06","relative_velocity":{"kilometers_per_second":"24.9969380587"},"miss_distance":{"kilometers":"49833640"}}]},{"name":"(2003 EP4)","estimated_diameter":{"meters":{"estimated_diameter_min":44.1118199997,"estimated_diameter_max":98.6370281305}},"is_potentially_hazardous_asteroid":false,"close_approach_data":[{"close_approach_date":"2085-11-06","relative_velocity":{"kilometers_per_second":"32.1792785"},"miss_distance":{"kilometers":"53365632"}}]},{"name":"(2009 TM10)","estimated_diameter":{"meters":{"estimated_diameter_min":350.3926411083,"estimated_diameter_max":783.5017643338}},"is_potentially_hazardous_asteroid":false,"close_approach_data":[{"close_approach_date":"2085-11-06","relative_velocity":{"kilometers_per_second":"1.6876789431"},"miss_distance":{"kilometers":"52085520"}}]},{"name":"(2016 UW35)","estimated_diameter":{"meters":{"estimated_diameter_min":33.4622374455,"estimated_diameter_max":74.8238376074}},"is_potentially_hazardous_asteroid":false,"close_approach_data":[{"close_approach_date":"2085-11-06","relative_velocity":{"kilometers_per_second":"6.6285305219"},"miss_distance":{"kilometers":"17609092"}}]}]