[{"name":"363116 (2001 GQ2)","estimated_diameter":{"meters":{"estimated_diameter_min":253.8370293645,"estimated_diameter_max":567.5968528656}},"is_potentially_hazardous_asteroid":true,"close_approach_data":[{"close_approach_date":"2085-11-26","relative_velocity":{"kilometers_per_second":"26.5871146834"},"miss_distance":{"kilometers":"42406984"}}]},{"name":"(2010 JK1)","estimated_diameter":{"meters":{"estimated_diameter_min":35.0392641108,"estimated_diameter_max":78.3501764334}},"is_potentially_hazardous_asteroid":false,"close_approach_data":[{"close_approach_date":"2085-11-26","relative_velocity":{"kilometers_per_second":"6.4096242112"},"miss_distance":{"kilometers":"8121925.5"}}]}]