[{"name":"445775 (2011 YA)","estimated_diameter":{"meters":{"estimated_diameter_min":506.4714588346,"estimated_diameter_max":1132.5046106177}},"is_potentially_hazardous_asteroid":false,"close_approach_data":[{"close_approach_date":"2085-12-28","relative_velocity":{"kilometers_per_second":"33.7297288652"},"miss_distance":{"kilometers":"50128504"}}]},{"name":"(2001 XX4)","estimated_diameter":{"meters":{"estimated_diameter_min":101.054341542,"estimated_diameter_max":225.9643771094}},"is_potentially_hazardous_asteroid":true,"close_approach_data":[{"close_approach_date":"2085-12-28","relative_velocity":{"kilometers_per_second":"12.6032558121"},"miss_distance":{"kilometers":"63626448"}}]},{"name":"(2010 AL30)","estimated_diameter":{"meters":{"estimated_diameter_min":9.6506146958,"estimated_diameter_max":21.5794304844}},"is_potentially_hazardous_asteroid":false,"close_approach_data":[{"close_approach_date":"2085-12-28","relative_velocity":{"kilometers_per_second":"21.9531041007"},"miss_distance":{"kilometers":"60525152"}}]}]