[{"name":"(2005 TG50)","estimated_diameter":{"meters":{"estimated_diameter_min":29.1443904535,"estimated_diameter_max":65.1688382168}},"is_potentially_hazardous_asteroid":false,"close_approach_data":[{"close_approach_date":"2085-08-28","relative_velocity":{"kilometers_per_second":"17.215715238"},"miss_distance":{"kilometers":"68407592"}}]},{"name":"(2012 PP28)","estimated_diameter":{"meters":{"estimated_diameter_min":366.9061375314,"estimated_diameter_max":820.4270648822}},"is_potentially_hazardous_asteroid":true,"close_approach_data":[{"close_approach_date":"2085-08-28","relative_velocity":{"kilometers_per_second":"12.0641786474"},"miss_distance":{"kilometers":"21215522"}}]},{"name":"(2015 BP515)","estimated_diameter":{"meters":{"estimated_diameter_min":160.1603379786,"estimated_diameter_max":358.1294030194}},"is_potentially_hazardous_asteroid":true,"close_approach_data":[{"close_approach_date":"2085-08-28","relative_velocity":{"kilometers_per_second":"13.9334631786"},"miss_distance":{"kilometers":"57153740"}}]},{"name":"(2016 QG44)","estimated_diameter":{"meters":{"estimated_diameter_min":96.5061469579,"estimated_diameter_max":215.7943048444}},"is_potentially_hazardous_asteroid":false,"close_approach_data":[{"close_approach_date":"2085-08-28","relative_velocity":{"kilometers_per_second":"9.7063936562"},"miss_distance":{"kilometers":"35826496"}}]}]