[{"name":"68347 (2001 KB67)","estimated_diameter":{"meters":{"estimated_diameter_min":278.3267680719,"estimated_diameter_max":622.3575733667}},"is_potentially_hazardous_asteroid":true,"close_approach_data":[{"close_approach_date":"2085-05-31","relative_velocity":{"kilometers_per_second":"9.8919248853"},"miss_distance":{"kilometers":"32873216"}}]},{"name":"(2016 YN1)","estimated_diameter":{"meters":{"estimated_diameter_min":50.6471458835,"estimated_diameter_max":113.2504610618}},"is_potentially_hazardous_asteroid":false,"close_approach_data":[{"close_approach_date":"2085-05-31","relative_velocity":{"kilometers_per_second":"4.715486195"},"miss_distance":{"kilometers":"20492170"}}]}]