[{"name":"430552 (2002 HU11)","estimated_diameter":{"meters":{"estimated_diameter_min":699.1252322458,"estimated_diameter_max":1563.2915440869}},"is_potentially_hazardous_asteroid":false,"close_approach_data":[{"close_approach_date":"2085-07-21","relative_velocity":{"kilometers_per_second":"13.0694258035"},"miss_distance":{"kilometers":"33448610"}}]},{"name":"(2001 QE96)","estimated_diameter":{"meters":{"estimated_diameter_min":76.6575573531,"estimated_diameter_max":171.4115092306}},"is_potentially_hazardous_asteroid":false,"close_approach_data":[{"close_approach_date":"2085-07-21","relative_velocity":{"kilometers_per_second":"4.8109919419"},"miss_distance":{"kilometers":"49612416"}}]},{"name":"(2011 YJ28)","estimated_diameter":{"meters":{"estimated_diameter_min":146.0679642714,"estimated_diameter_max":326.6178974458}},"is_potentially_hazardous_asteroid":true,"close_approach_data":[{"close_approach_date":"2085-07-21","relative_velocity":{"kilometers_per_second":"15.9071338571"},"miss_distance":{"kilometers":"26297208"}}]},{"name":"(2014 MV18)","estimated_diameter":{"meters":{"estimated_diameter_min":48.3676488219,"estimated_diameter_max":108.1533506775}},"is_potentially_hazardous_asteroid":false,"close_approach_data":[{"close_approach_date":"2085-07-21","relative_velocity":{"kilometers_per_second":"11.1394830886"},"miss_distance":{"kilometers":"29302504"}}]},{"name":"(2014 OA2)","estimated_diameter":{"meters":{"estimated_diameter_min":139.4938229344,"estimated_diameter_max":311.9176705226}},"is_potentially_hazardous_asteroid":false,"close_approach_data":[{"close_approach_date":"2085-07-21","relative_velocity":{"kilometers_per_second":"3.6311439221"},"miss_distance":{"kilometers":"24827156"}}]}]