[{"name":"(2004 UV1)","estimated_diameter":{"meters":{"estimated_diameter_min":699.1252322458,"estimated_diameter_max":1563.2915440869}},"is_potentially_hazardous_asteroid":true,"close_approach_data":[{"close_approach_date":"2085-01-12","relative_velocity":{"kilometers_per_second":"15.9092035486"},"miss_distance":{"kilometers":"39098328"}}]},{"name":"(2011 QG21)","estimated_diameter":{"meters":{"estimated_diameter_min":121.4940407996,"estimated_diameter_max":271.6689340891}},"is_potentially_hazardous_asteroid":false,"close_approach_data":[{"close_approach_date":"2085-01-12","relative_velocity":{"kilometers_per_second":"28.7286089801"},"miss_distance":{"kilometers":"67065752"}}]},{"name":"(2013 SC25)","estimated_diameter":{"meters":{"estimated_diameter_min":384.1978910643,"estimated_diameter_max":859.0926012318}},"is_potentially_hazardous_asteroid":false,"close_approach_data":[{"close_approach_date":"2085-01-12","relative_velocity":{"kilometers_per_second":"17.5294609125"},"miss_distance":{"kilometers":"54919708"}}]},{"name":"471956 (2013 SC25)","estimated_diameter":{"meters":{"estimated_diameter_min":384.1978910643,"estimated_diameter_max":859.0926012318}},"is_potentially_hazardous_asteroid":false,"close_approach_data":[{"close_approach_date":"2085-01-12","relative_velocity":{"kilometers_per_second":"17.5294746591"},"miss_distance":{"kilometers":"54919752"}}]}]