[{"name":"203471 (2002 AU4)","estimated_diameter":{"meters":{"estimated_diameter_min":350.3926411083,"estimated_diameter_max":783.5017643338}},"is_potentially_hazardous_asteroid":false,"close_approach_data":[{"close_approach_date":"2085-05-29","relative_velocity":{"kilometers_per_second":"16.4576911249"},"miss_distance":{"kilometers":"62493264"}}]},{"name":"(2016 LU47)","estimated_diameter":{"meters":{"estimated_diameter_min":60.8912622106,"estimated_diameter_max":136.1570015386}},"is_potentially_hazardous_asteroid":false,"close_approach_data":[{"close_approach_date":"2085-05-29","relative_velocity":{"kilometers_per_second":"17.8772793944"},"miss_distance":{"kilometers":"66575640"}}]},{"name":"(2010 GD35)","estimated_diameter":{"meters":{"estimated_diameter_min":33.4622374455,"estimated_diameter_max":74.8238376074}},"is_potentially_hazardous_asteroid":false,"close_approach_data":[{"close_approach_date":"2085-05-29","relative_velocity":{"kilometers_per_second":"14.0593988227"},"miss_distance":{"kilometers":"18546856"}}]},{"name":"(2017 MM)","estimated_diameter":{"meters":{"estimated_diameter_min":106.9929043233,"estimated_diameter_max":239.2434071771}},"is_potentially_hazardous_asteroid":false,"close_approach_data":[{"close_approach_date":"2085-05-29","relative_velocity":{"kilometers_per_second":"6.8531076291"},"miss_distance":{"kilometers":"28476514"}}]}]