[{"name":"87309 (2000 QP)","estimated_diameter":{"meters":{"estimated_diameter_min":802.7031672829,"estimated_diameter_max":1794.8988477988}},"is_potentially_hazardous_asteroid":false,"close_approach_data":[{"close_approach_date":"2085-07-24","relative_velocity":{"kilometers_per_second":"17.3969920093"},"miss_distance":{"kilometers":"40192076"}}]},{"name":"153315 (2001 NH6)","estimated_diameter":{"meters":{"estimated_diameter_min":384.1978910643,"estimated_diameter_max":859.0926012318}},"is_potentially_hazardous_asteroid":false,"close_approach_data":[{"close_approach_date":"2085-07-24","relative_velocity":{"kilometers_per_second":"18.6010074153"},"miss_distance":{"kilometers":"30877008"}}]},{"name":"(2014 DJ23)","estimated_diameter":{"meters":{"estimated_diameter_min":88.0146520901,"estimated_diameter_max":196.8067450894}},"is_potentially_hazardous_asteroid":false,"close_approach_data":[{"close_approach_date":"2085-07-24","relative_velocity":{"kilometers_per_second":"17.7909677705"},"miss_distance":{"kilometers":"19684602"}}]}]