[{"name":"(2006 WB)","estimated_diameter":{"meters":{"estimated_diameter_min":73.2073989347,"estimated_diameter_max":163.696720474}},"is_potentially_hazardous_asteroid":false,"close_approach_data":[{"close_approach_date":"2085-10-16","relative_velocity":{"kilometers_per_second":"5.26728154"},"miss_distance":{"kilometers":"11548997"}}]},{"name":"(2009 UX19)","estimated_diameter":{"meters":{"estimated_diameter_min":441.1181999969,"estimated_diameter_max":986.3702813054}},"is_potentially_hazardous_asteroid":false,"close_approach_data":[{"close_approach_date":"2085-10-16","relative_velocity":{"kilometers_per_second":"33.0366183068"},"miss_distance":{"kilometers":"28033214"}}]},{"name":"(2012 FR1)","estimated_diameter":{"meters":{"estimated_diameter_min":402.3045798343,"estimated_diameter_max":899.5803881691}},"is_potentially_hazardous_asteroid":true,"close_approach_data":[{"close_approach_date":"2085-10-16","relative_velocity":{"kilometers_per_second":"14.3939558772"},"miss_distance":{"kilometers":"40159204"}}]},{"name":"(2017 RR15)","estimated_diameter":{"meters":{"estimated_diameter_min":196.7682289128,"estimated_diameter_max":439.9871356612}},"is_potentially_hazardous_asteroid":true,"close_approach_data":[{"close_approach_date":"2085-10-16","relative_velocity":{"kilometers_per_second":"19.0189722766"},"miss_distance":{"kilometers":"31448292"}}]}]