[{"name":"382395 (1990 SM)","estimated_diameter":{"meters":{"estimated_diameter_min":1394.9382293439,"estimated_diameter_max":3119.1767052261}},"is_potentially_hazardous_asteroid":true,"close_approach_data":[{"close_approach_date":"2085-01-26","relative_velocity":{"kilometers_per_second":"36.3723375481"},"miss_distance":{"kilometers":"54317988"}}]},{"name":"(2013 UV10)","estimated_diameter":{"meters":{"estimated_diameter_min":319.5618867213,"estimated_diameter_max":714.5621017269}},"is_potentially_hazardous_asteroid":false,"close_approach_data":[{"close_approach_date":"2085-01-26","relative_velocity":{"kilometers_per_second":"10.2702789724"},"miss_distance":{"kilometers":"44704636"}}]},{"name":"(2015 BA93)","estimated_diameter":{"meters":{"estimated_diameter_min":152.9519353442,"estimated_diameter_max":342.0109247198}},"is_potentially_hazardous_asteroid":false,"close_approach_data":[{"close_approach_date":"2085-01-26","relative_velocity":{"kilometers_per_second":"12.6021403161"},"miss_distance":{"kilometers":"29635200"}}]}]