[{"name":"137805 (1999 YK5)","estimated_diameter":{"meters":{"estimated_diameter_min":1272.1987853936,"estimated_diameter_max":2844.7229650327}},"is_potentially_hazardous_asteroid":false,"close_approach_data":[{"close_approach_date":"2085-12-01","relative_velocity":{"kilometers_per_second":"28.5296165901"},"miss_distance":{"kilometers":"63445552"}}]},{"name":"257744 (2000 AD205)","estimated_diameter":{"meters":{"estimated_diameter_min":506.4714588346,"estimated_diameter_max":1132.5046106177}},"is_potentially_hazardous_asteroid":false,"close_approach_data":[{"close_approach_date":"2085-12-01","relative_velocity":{"kilometers_per_second":"17.8871437459"},"miss_distance":{"kilometers":"21505572"}}]},{"name":"329571 (2002 VC92)","estimated_diameter":{"meters":{"estimated_diameter_min":441.1181999969,"estimated_diameter_max":986.3702813054}},"is_potentially_hazardous_asteroid":false,"close_approach_data":[{"close_approach_date":"2085-12-01","relative_velocity":{"kilometers_per_second":"15.4962571759"},"miss_distance":{"kilometers":"23482764"}}]},{"name":"386454 (2008 XM)","estimated_diameter":{"meters":{"estimated_diameter_min":265.8,"estimated_diameter_max":594.3468684194}},"is_potentially_hazardous_asteroid":true,"close_approach_data":[{"close_approach_date":"2085-12-01","relative_velocity":{"kilometers_per_second":"42.7849447312"},"miss_distance":{"kilometers":"39633896"}}]},{"name":"458452 (2011 BR15)","estimated_diameter":{"meters":{"estimated_diameter_min":265.8,"estimated_diameter_max":594.3468684194}},"is_potentially_hazardous_asteroid":false,"close_approach_data":[{"close_approach_date":"2085-12-01","relative_velocity":{"kilometers_per_second":"21.0346059833"},"miss_distance":{"kilometers":"58661596"}}]},{"name":"(2002 WY12)","estimated_diameter":{"meters":{"estimated_diameter_min":366.9061375314,"estimated_diameter_max":820.4270648822}},"is_potentially_hazardous_asteroid":false,"close_approach_data":[{"close_approach_date":"2085-12-01","relative_velocity":{"kilometers_per_second":"12.8619276164"},"miss_distance":{"kilometers":"38505732"}}]},{"name":"(2015 XA352)","estimated_diameter":{"meters":{"estimated_diameter_min":116.0259082094,"estimated_diameter_max":259.4418179074}},"is_potentially_hazardous_asteroid":true,"close_approach_data":[{"close_approach_date":"2085-12-01","relative_velocity":{"kilometers_per_second":"8.0487898533"},"miss_distance":{"kilometers":"73832992"}}]},{"name":"488636 (2002 WY12)","estimated_diameter":{"meters":{"estimated_diameter_min":366.9061375314,"estimated_diameter_max":820.4270648822}},"is_potentially_hazardous_asteroid":false,"close_approach_data":[{"close_approach_date":"2085-12-01","relative_velocity":{"kilometers_per_second":"12.8619276212"},"miss_distance":{"kilometers":"38505732"}}]}]