[{"name":"(2007 VV83)","estimated_diameter":{"meters":{"estimated_diameter_min":30.5179232594,"estimated_diameter_max":68.2401509401}},"is_potentially_hazardous_asteroid":false,"close_approach_data":[{"close_approach_date":"2085-11-20","relative_velocity":{"kilometers_per_second":"12.671693409"},"miss_distance":{"kilometers":"46641372"}}]},{"name":"(2013 NP11)","estimated_diameter":{"meters":{"estimated_diameter_min":139.4938229344,"estimated_diameter_max":311.9176705226}},"is_potentially_hazardous_asteroid":false,"close_approach_data":[{"close_approach_date":"2085-11-20","relative_velocity":{"kilometers_per_second":"11.0677706255"},"miss_distance":{"kilometers":"49816100"}}]},{"name":"(2014 GL49)","estimated_diameter":{"meters":{"estimated_diameter_min":192.5550781879,"estimated_diameter_max":430.566244241}},"is_potentially_hazardous_asteroid":false,"close_approach_data":[{"close_approach_date":"2085-11-20","relative_velocity":{"kilometers_per_second":"12.5353129516"},"miss_distance":{"kilometers":"46168920"}}]},{"name":"(2015 XT168)","estimated_diameter":{"meters":{"estimated_diameter_min":167.7084621628,"estimated_diameter_max":375.0075217981}},"is_potentially_hazardous_asteroid":false,"close_approach_data":[{"close_approach_date":"2085-11-20","relative_velocity":{"kilometers_per_second":"21.4988230407"},"miss_distance":{"kilometers":"54196884"}}]},{"name":"(2017 MZ2)","estimated_diameter":{"meters":{"estimated_diameter_min":19.6949542634,"estimated_diameter_max":44.0392565468}},"is_potentially_hazardous_asteroid":false,"close_approach_data":[{"close_approach_date":"2085-11-20","relative_velocity":{"kilometers_per_second":"9.4431565869"},"miss_distance":{"kilometers":"37055132"}}]}]