[{"name":"161989 Cacus (1978 CA)","estimated_diameter":{"meters":{"estimated_diameter_min":965.0614695789,"estimated_diameter_max":2157.9430484443}},"is_potentially_hazardous_asteroid":true,"close_approach_data":[{"close_approach_date":"2085-09-16","relative_velocity":{"kilometers_per_second":"21.2351083515"},"miss_distance":{"kilometers":"50532660"}}]},{"name":"(2003 QB30)","estimated_diameter":{"meters":{"estimated_diameter_min":11.6025908209,"estimated_diameter_max":25.9441817907}},"is_potentially_hazardous_asteroid":false,"close_approach_data":[{"close_approach_date":"2085-09-16","relative_velocity":{"kilometers_per_second":"7.787059453"},"miss_distance":{"kilometers":"24008796"}}]},{"name":"(2006 AM8)","estimated_diameter":{"meters":{"estimated_diameter_min":334.6223744549,"estimated_diameter_max":748.2383760735}},"is_potentially_hazardous_asteroid":false,"close_approach_data":[{"close_approach_date":"2085-09-16","relative_velocity":{"kilometers_per_second":"23.1009625207"},"miss_distance":{"kilometers":"30348436"}}]},{"name":"(2011 GZ54)","estimated_diameter":{"meters":{"estimated_diameter_min":105.8168859331,"estimated_diameter_max":236.6137501138}},"is_potentially_hazardous_asteroid":false,"close_approach_data":[{"close_approach_date":"2085-09-16","relative_velocity":{"kilometers_per_second":"6.9083677183"},"miss_distance":{"kilometers":"66372816"}}]},{"name":"(2016 EC86)","estimated_diameter":{"meters":{"estimated_diameter_min":139.4938229344,"estimated_diameter_max":311.9176705226}},"is_potentially_hazardous_asteroid":false,"close_approach_data":[{"close_approach_date":"2085-09-16","relative_velocity":{"kilometers_per_second":"11.448110499"},"miss_distance":{"kilometers":"71999536"}}]}]