[{"name":"20236 (1998 BZ7)","estimated_diameter":{"meters":{"estimated_diameter_min":802.7031672829,"estimated_diameter_max":1794.8988477988}},"is_potentially_hazardous_asteroid":false,"close_approach_data":[{"close_approach_date":"2085-03-04","relative_velocity":{"kilometers_per_second":"13.8266725491"},"miss_distance":{"kilometers":"17616980"}}]},{"name":"326354 (2000 SJ344)","estimated_diameter":{"meters":{"estimated_diameter_min":80.2703167283,"estimated_diameter_max":179.4898847799}},"is_potentially_hazardous_asteroid":false,"close_approach_data":[{"close_approach_date":"2085-03-04","relative_velocity":{"kilometers_per_second":"5.7228853808"},"miss_distance":{"kilometers":"41286604"}}]},{"name":"(2009 TK12)","estimated_diameter":{"meters":{"estimated_diameter_min":201.6299194428,"estimated_diameter_max":450.8582061718}},"is_potentially_hazardous_asteroid":true,"close_approach_data":[{"close_approach_date":"2085-03-04","relative_velocity":{"kilometers_per_second":"12.8810230787"},"miss_distance":{"kilometers":"38105812"}}]},{"name":"(2015 XP54)","estimated_diameter":{"meters":{"estimated_diameter_min":42.1264610556,"estimated_diameter_max":94.1976305719}},"is_potentially_hazardous_asteroid":false,"close_approach_data":[{"close_approach_date":"2085-03-04","relative_velocity":{"kilometers_per_second":"12.1510473778"},"miss_distance":{"kilometers":"43062376"}}]}]