[{"name":"(2011 SR5)","estimated_diameter":{"meters":{"estimated_diameter_min":192.5550781879,"estimated_diameter_max":430.566244241}},"is_potentially_hazardous_asteroid":true,"close_approach_data":[{"close_approach_date":"2085-09-29","relative_velocity":{"kilometers_per_second":"17.8084216826"},"miss_distance":{"kilometers":"68176880"}}]},{"name":"(2012 UW136)","estimated_diameter":{"meters":{"estimated_diameter_min":69.9125232246,"estimated_diameter_max":156.3291544087}},"is_potentially_hazardous_asteroid":false,"close_approach_data":[{"close_approach_date":"2085-09-29","relative_velocity":{"kilometers_per_second":"16.5271811365"},"miss_distance":{"kilometers":"59196168"}}]}]