[{"name":"(2005 UO)","estimated_diameter":{"meters":{"estimated_diameter_min":101.054341542,"estimated_diameter_max":225.9643771094}},"is_potentially_hazardous_asteroid":false,"close_approach_data":[{"close_approach_date":"2085-10-15","relative_velocity":{"kilometers_per_second":"21.335122103"},"miss_distance":{"kilometers":"11729718"}}]},{"name":"475016 (2005 UO)","estimated_diameter":{"meters":{"estimated_diameter_min":101.054341542,"estimated_diameter_max":225.9643771094}},"is_potentially_hazardous_asteroid":false,"close_approach_data":[{"close_approach_date":"2085-10-15","relative_velocity":{"kilometers_per_second":"21.3351262839"},"miss_distance":{"kilometers":"11729746"}}]}]