[{"name":"318450 (2005 EJ)","estimated_diameter":{"meters":{"estimated_diameter_min":265.8,"estimated_diameter_max":594.3468684194}},"is_potentially_hazardous_asteroid":false,"close_approach_data":[{"close_approach_date":"2085-04-23","relative_velocity":{"kilometers_per_second":"7.496392838"},"miss_distance":{"kilometers":"63578156"}}]},{"name":"359592 (2010 VA1)","estimated_diameter":{"meters":{"estimated_diameter_min":291.4439045349,"estimated_diameter_max":651.6883821679}},"is_potentially_hazardous_asteroid":false,"close_approach_data":[{"close_approach_date":"2085-04-23","relative_velocity":{"kilometers_per_second":"13.8511285011"},"miss_distance":{"kilometers":"45440408"}}]},{"name":"434051 (2001 UW16)","estimated_diameter":{"meters":{"estimated_diameter_min":334.6223744549,"estimated_diameter_max":748.2383760735}},"is_potentially_hazardous_asteroid":false,"close_approach_data":[{"close_approach_date":"2085-04-23","relative_velocity":{"kilometers_per_second":"18.5922691341"},"miss_distance":{"kilometers":"38103604"}}]},{"name":"(2010 BK2)","estimated_diameter":{"meters":{"estimated_diameter_min":105.8168859331,"estimated_diameter_max":236.6137501138}},"is_potentially_hazardous_asteroid":true,"close_approach_data":[{"close_approach_date":"2085-04-23","relative_velocity":{"kilometers_per_second":"22.3941660661"},"miss_distance":{"kilometers":"44498900"}}]},{"name":"(2014 DE80)","estimated_diameter":{"meters":{"estimated_diameter_min":421.2646105562,"estimated_diameter_max":941.9763057186}},"is_potentially_hazardous_asteroid":false,"close_approach_data":[{"close_approach_date":"2085-04-23","relative_velocity":{"kilometers_per_second":"30.3669544551"},"miss_distance":{"kilometers":"54448072"}}]}]