[{"name":"85990 (1999 JV6)","estimated_diameter":{"meters":{"estimated_diameter_min":242.4124811008,"estimated_diameter_max":542.0507863358}},"is_potentially_hazardous_asteroid":true,"close_approach_data":[{"close_approach_date":"2085-08-06","relative_velocity":{"kilometers_per_second":"9.3805500177"},"miss_distance":{"kilometers":"40302020"}}]},{"name":"414532 (2009 SM103)","estimated_diameter":{"meters":{"estimated_diameter_min":1160.2590820944,"estimated_diameter_max":2594.4181790745}},"is_potentially_hazardous_asteroid":false,"close_approach_data":[{"close_approach_date":"2085-08-06","relative_velocity":{"kilometers_per_second":"8.6837824706"},"miss_distance":{"kilometers":"33308422"}}]},{"name":"(2006 CU10)","estimated_diameter":{"meters":{"estimated_diameter_min":278.3267680719,"estimated_diameter_max":622.3575733667}},"is_potentially_hazardous_asteroid":false,"close_approach_data":[{"close_approach_date":"2085-08-06","relative_velocity":{"kilometers_per_second":"27.3435616395"},"miss_distance":{"kilometers":"42816112"}}]},{"name":"(2008 PR9)","estimated_diameter":{"meters":{"estimated_diameter_min":84.0533402073,"estimated_diameter_max":187.9489824394}},"is_potentially_hazardous_asteroid":false,"close_approach_data":[{"close_approach_date":"2085-08-06","relative_velocity":{"kilometers_per_second":"26.5596886399"},"miss_distance":{"kilometers":"56538284"}}]},{"name":"(2017 AM4)","estimated_diameter":{"meters":{"estimated_diameter_min":402.3045798343,"estimated_diameter_max":899.5803881691}},"is_potentially_hazardous_asteroid":true,"close_approach_data":[{"close_approach_date":"2085-08-06","relative_velocity":{"kilometers_per_second":"31.6309508845"},"miss_distance":{"kilometers":"17553088"}}]}]