[{"name":"351278 (2004 SB20)","estimated_diameter":{"meters":{"estimated_diameter_min":461.9074602816,"estimated_diameter_max":1032.8564805039}},"is_potentially_hazardous_asteroid":false,"close_approach_data":[{"close_approach_date":"2085-09-28","relative_velocity":{"kilometers_per_second":"16.7646660191"},"miss_distance":{"kilometers":"56599136"}}]},{"name":"414903 (2010 XT45)","estimated_diameter":{"meters":{"estimated_diameter_min":880.1465209007,"estimated_diameter_max":1968.067450894}},"is_potentially_hazardous_asteroid":false,"close_approach_data":[{"close_approach_date":"2085-09-28","relative_velocity":{"kilometers_per_second":"7.7831496649"},"miss_distance":{"kilometers":"71122936"}}]},{"name":"446833 (2001 RB12)","estimated_diameter":{"meters":{"estimated_diameter_min":167.7084621628,"estimated_diameter_max":375.0075217981}},"is_potentially_hazardous_asteroid":false,"close_approach_data":[{"close_approach_date":"2085-09-28","relative_velocity":{"kilometers_per_second":"7.5782433349"},"miss_distance":{"kilometers":"25694856"}}]},{"name":"(2012 RT16)","estimated_diameter":{"meters":{"estimated_diameter_min":11.0803882126,"estimated_diameter_max":24.7765012606}},"is_potentially_hazardous_asteroid":false,"close_approach_data":[{"close_approach_date":"2085-09-28","relative_velocity":{"kilometers_per_second":"7.5191341453"},"miss_distance":{"kilometers":"27535722"}}]},{"name":"(2015 TD144)","estimated_diameter":{"meters":{"estimated_diameter_min":80.2703167283,"estimated_diameter_max":179.4898847799}},"is_potentially_hazardous_asteroid":false,"close_approach_data":[{"close_approach_date":"2085-09-28","relative_velocity":{"kilometers_per_second":"38.428505587"},"miss_distance":{"kilometers":"72234696"}}]},{"name":"(2016 NR)","estimated_diameter":{"meters":{"estimated_diameter_min":44.1118199997,"estimated_diameter_max":98.6370281305}},"is_potentially_hazardous_asteroid":false,"close_approach_data":[{"close_approach_date":"2085-09-28","relative_velocity":{"kilometers_per_second":"14.4816583219"},"miss_distance":{"kilometers":"30074278"}}]}]