[{"name":"136839 (1997 WT22)","estimated_diameter":{"meters":{"estimated_diameter_min":461.9074602816,"estimated_diameter_max":1032.8564805039}},"is_potentially_hazardous_asteroid":false,"close_approach_data":[{"close_approach_date":"2085-01-08","relative_velocity":{"kilometers_per_second":"11.3578210325"},"miss_distance":{"kilometers":"39608516"}}]},{"name":"(2017 BS6)","estimated_diameter":{"meters":{"estimated_diameter_min":63.7609789875,"estimated_diameter_max":142.5738833281}},"is_potentially_hazardous_asteroid":false,"close_approach_data":[{"close_approach_date":"2085-01-08","relative_velocity":{"kilometers_per_second":"8.6365922832"},"miss_distance":{"kilometers":"53820584"}}]},{"name":"(2017 MT8)","estimated_diameter":{"meters":{"estimated_diameter_min":61.5679901593,"estimated_diameter_max":137.6702112343}},"is_potentially_hazardous_asteroid":false,"close_approach_data":[{"close_approach_date":"2085-01-08","relative_velocity":{"kilometers_per_second":"6.2957801335"},"miss_distance":{"kilometers":"10719037"}}]}]