[{"name":"152787 (1999 TB10)","estimated_diameter":{"meters":{"estimated_diameter_min":506.4714588346,"estimated_diameter_max":1132.5046106177}},"is_potentially_hazardous_asteroid":false,"close_approach_data":[{"close_approach_date":"2085-10-24","relative_velocity":{"kilometers_per_second":"9.1708435614"},"miss_distance":{"kilometers":"67893864"}}]},{"name":"380929 (2006 HU30)","estimated_diameter":{"meters":{"estimated_diameter_min":319.5618867213,"estimated_diameter_max":714.5621017269}},"is_potentially_hazardous_asteroid":false,"close_approach_data":[{"close_approach_date":"2085-10-24","relative_velocity":{"kilometers_per_second":"12.4087383561"},"miss_distance":{"kilometers":"55923832"}}]},{"name":"(2010 GA7)","estimated_diameter":{"meters":{"estimated_diameter_min":152.9519353442,"estimated_diameter_max":342.0109247198}},"is_potentially_hazardous_asteroid":false,"close_approach_data":[{"close_approach_date":"2085-10-24","relative_velocity":{"kilometers_per_second":"25.0663703363"},"miss_distance":{"kilometers":"64925048"}}]}]