[{"name":"(2001 VC2)","estimated_diameter":{"meters":{"estimated_diameter_min":152.9519353442,"estimated_diameter_max":342.0109247198}},"is_potentially_hazardous_asteroid":true,"close_approach_data":[{"close_approach_date":"2085-12-09","relative_velocity":{"kilometers_per_second":"10.4391102056"},"miss_distance":{"kilometers":"25082680"}}]},{"name":"(2008 JE)","estimated_diameter":{"meters":{"estimated_diameter_min":18.388867207,"estimated_diameter_max":41.1187571041}},"is_potentially_hazardous_asteroid":false,"close_approach_data":[{"close_approach_date":"2085-12-09","relative_velocity":{"kilometers_per_second":"6.3826261028"},"miss_distance":{"kilometers":"16861280"}}]},{"name":"(2014 YS)","estimated_diameter":{"meters":{"estimated_diameter_min":33.4622374455,"estimated_diameter_max":74.8238376074}},"is_potentially_hazardous_asteroid":false,"close_approach_data":[{"close_approach_date":"2085-12-09","relative_velocity":{"kilometers_per_second":"10.9511487308"},"miss_distance":{"kilometers":"11723268"}}]},{"name":"(1994 BB)","estimated_diameter":{"meters":{"estimated_diameter_min":53.0340723319,"estimated_diameter_max":118.5877908577}},"is_potentially_hazardous_asteroid":false,"close_approach_data":[{"close_approach_date":"2085-12-09","relative_velocity":{"kilometers_per_second":"2.3651191429"},"miss_distance":{"kilometers":"53893608"}}]}]