[{"name":"162015 (1994 TF2)","estimated_diameter":{"meters":{"estimated_diameter_min":384.1978910643,"estimated_diameter_max":859.0926012318}},"is_potentially_hazardous_asteroid":false,"close_approach_data":[{"close_approach_date":"2085-09-11","relative_velocity":{"kilometers_per_second":"12.8237323676"},"miss_distance":{"kilometers":"41960044"}}]},{"name":"(2009 FV4)","estimated_diameter":{"meters":{"estimated_diameter_min":530.3407233187,"estimated_diameter_max":1185.8779085771}},"is_potentially_hazardous_asteroid":false,"close_approach_data":[{"close_approach_date":"2085-09-11","relative_velocity":{"kilometers_per_second":"28.9881886742"},"miss_distance":{"kilometers":"31441982"}}]},{"name":"(2015 RT1)","estimated_diameter":{"meters":{"estimated_diameter_min":22.1082810359,"estimated_diameter_max":49.435619262}},"is_potentially_hazardous_asteroid":false,"close_approach_data":[{"close_approach_date":"2085-09-11","relative_velocity":{"kilometers_per_second":"5.2943204938"},"miss_distance":{"kilometers":"20077946"}}]}]