[{"name":"(2002 TA60)","estimated_diameter":{"meters":{"estimated_diameter_min":192.5550781879,"estimated_diameter_max":430.566244241}},"is_potentially_hazardous_asteroid":false,"close_approach_data":[{"close_approach_date":"2085-09-22","relative_velocity":{"kilometers_per_second":"16.7458655688"},"miss_distance":{"kilometers":"40514308"}}]},{"name":"(2005 TF15)","estimated_diameter":{"meters":{"estimated_diameter_min":334.6223744549,"estimated_diameter_max":748.2383760735}},"is_potentially_hazardous_asteroid":false,"close_approach_data":[{"close_approach_date":"2085-09-22","relative_velocity":{"kilometers_per_second":"28.422962583"},"miss_distance":{"kilometers":"74174800"}}]},{"name":"(2007 KJ)","estimated_diameter":{"meters":{"estimated_diameter_min":461.9074602816,"estimated_diameter_max":1032.8564805039}},"is_potentially_hazardous_asteroid":false,"close_approach_data":[{"close_approach_date":"2085-09-22","relative_velocity":{"kilometers_per_second":"9.1370085167"},"miss_distance":{"kilometers":"24597414"}}]}]