[{"name":"138925 (2001 AU43)","estimated_diameter":{"meters":{"estimated_diameter_min":1756.1231848042,"estimated_diameter_max":3926.8108180856}},"is_potentially_hazardous_asteroid":false,"close_approach_data":[{"close_approach_date":"2085-07-20","relative_velocity":{"kilometers_per_second":"35.3700964654"},"miss_distance":{"kilometers":"70587760"}}]},{"name":"164207 (2004 GU9)","estimated_diameter":{"meters":{"estimated_diameter_min":160.1603379786,"estimated_diameter_max":358.1294030194}},"is_potentially_hazardous_asteroid":true,"close_approach_data":[{"close_approach_date":"2085-07-20","relative_velocity":{"kilometers_per_second":"4.8601071452"},"miss_distance":{"kilometers":"39999756"}}]},{"name":"(2013 ND15)","estimated_diameter":{"meters":{"estimated_diameter_min":40.2304579834,"estimated_diameter_max":89.9580388169}},"is_potentially_hazardous_asteroid":false,"close_approach_data":[{"close_approach_date":"2085-07-20","relative_velocity":{"kilometers_per_second":"12.2608136873"},"miss_distance":{"kilometers":"22874280"}}]},{"name":"(2014 DV110)","estimated_diameter":{"meters":{"estimated_diameter_min":27.8326768072,"estimated_diameter_max":62.2357573367}},"is_potentially_hazardous_asteroid":false,"close_approach_data":[{"close_approach_date":"2085-07-20","relative_velocity":{"kilometers_per_second":"9.5587181841"},"miss_distance":{"kilometers":"52225896"}}]}]