[{"name":"417655 (2006 YF13)","estimated_diameter":{"meters":{"estimated_diameter_min":278.3267680719,"estimated_diameter_max":622.3575733667}},"is_potentially_hazardous_asteroid":false,"close_approach_data":[{"close_approach_date":"2085-12-04","relative_velocity":{"kilometers_per_second":"22.3837222083"},"miss_distance":{"kilometers":"47074868"}}]},{"name":"(2003 SJ215)","estimated_diameter":{"meters":{"estimated_diameter_min":350.3926411083,"estimated_diameter_max":783.5017643338}},"is_potentially_hazardous_asteroid":false,"close_approach_data":[{"close_approach_date":"2085-12-04","relative_velocity":{"kilometers_per_second":"3.4550745636"},"miss_distance":{"kilometers":"44215440"}}]},{"name":"(2010 CG18)","estimated_diameter":{"meters":{"estimated_diameter_min":183.8886720703,"estimated_diameter_max":411.1875710413}},"is_potentially_hazardous_asteroid":false,"close_approach_data":[{"close_approach_date":"2085-12-04","relative_velocity":{"kilometers_per_second":"5.6666255168"},"miss_distance":{"kilometers":"20426862"}}]},{"name":"474474 (2003 SJ215)","estimated_diameter":{"meters":{"estimated_diameter_min":350.3926411083,"estimated_diameter_max":783.5017643338}},"is_potentially_hazardous_asteroid":false,"close_approach_data":[{"close_approach_date":"2085-12-04","relative_velocity":{"kilometers_per_second":"3.4550709999"},"miss_distance":{"kilometers":"44215216"}}]},{"name":"477490 (2010 CG18)","estimated_diameter":{"meters":{"estimated_diameter_min":192.5550781879,"estimated_diameter_max":430.566244241}},"is_potentially_hazardous_asteroid":false,"close_approach_data":[{"close_approach_date":"2085-12-04","relative_velocity":{"kilometers_per_second":"5.6666389565"},"miss_distance":{"kilometers":"20427054"}}]},{"name":"(2017 FX101)","estimated_diameter":{"meters":{"estimated_diameter_min":23.0438466577,"estimated_diameter_max":51.5276075896}},"is_potentially_hazardous_asteroid":false,"close_approach_data":[{"close_approach_date":"2085-12-04","relative_velocity":{"kilometers_per_second":"8.4885215828"},"miss_distance":{"kilometers":"13495907"}}]}]