[{"name":"253586 (2003 TX7)","estimated_diameter":{"meters":{"estimated_diameter_min":366.9061375314,"estimated_diameter_max":820.4270648822}},"is_potentially_hazardous_asteroid":false,"close_approach_data":[{"close_approach_date":"2085-10-26","relative_velocity":{"kilometers_per_second":"20.1995048074"},"miss_distance":{"kilometers":"59611720"}}]},{"name":"(2002 VE68)","estimated_diameter":{"meters":{"estimated_diameter_min":211.1324447897,"estimated_diameter_max":472.1064988055}},"is_potentially_hazardous_asteroid":true,"close_approach_data":[{"close_approach_date":"2085-10-26","relative_velocity":{"kilometers_per_second":"21.4831090695"},"miss_distance":{"kilometers":"58136900"}}]},{"name":"(2004 BT58)","estimated_diameter":{"meters":{"estimated_diameter_min":101.054341542,"estimated_diameter_max":225.9643771094}},"is_potentially_hazardous_asteroid":false,"close_approach_data":[{"close_approach_date":"2085-10-26","relative_velocity":{"kilometers_per_second":"11.8973748394"},"miss_distance":{"kilometers":"64148096"}}]},{"name":"(2017 FR102)","estimated_diameter":{"meters":{"estimated_diameter_min":30.4898281536,"estimated_diameter_max":68.1773283737}},"is_potentially_hazardous_asteroid":false,"close_approach_data":[{"close_approach_date":"2085-10-26","relative_velocity":{"kilometers_per_second":"19.2804325101"},"miss_distance":{"kilometers":"49627380"}}]}]