[{"name":"(2001 WK15)","estimated_diameter":{"meters":{"estimated_diameter_min":160.1603379786,"estimated_diameter_max":358.1294030194}},"is_potentially_hazardous_asteroid":false,"close_approach_data":[{"close_approach_date":"2085-11-13","relative_velocity":{"kilometers_per_second":"12.6715038856"},"miss_distance":{"kilometers":"59908936"}}]},{"name":"(2002 LT38)","estimated_diameter":{"meters":{"estimated_diameter_min":231.5021222103,"estimated_diameter_max":517.6544821978}},"is_potentially_hazardous_asteroid":true,"close_approach_data":[{"close_approach_date":"2085-11-13","relative_velocity":{"kilometers_per_second":"14.9650309966"},"miss_distance":{"kilometers":"61184992"}}]},{"name":"467336 (2002 LT38)","estimated_diameter":{"meters":{"estimated_diameter_min":211.1324447897,"estimated_diameter_max":472.1064988055}},"is_potentially_hazardous_asteroid":true,"close_approach_data":[{"close_approach_date":"2085-11-13","relative_velocity":{"kilometers_per_second":"14.9650383663"},"miss_distance":{"kilometers":"61184968"}}]}]