[{"name":"(2010 NB2)","estimated_diameter":{"meters":{"estimated_diameter_min":231.5021222103,"estimated_diameter_max":517.6544821978}},"is_potentially_hazardous_asteroid":false,"close_approach_data":[{"close_approach_date":"2085-07-07","relative_velocity":{"kilometers_per_second":"38.4698328387"},"miss_distance":{"kilometers":"69473064"}}]},{"name":"(2014 OR392)","estimated_diameter":{"meters":{"estimated_diameter_min":18.388867207,"estimated_diameter_max":41.1187571041}},"is_potentially_hazardous_asteroid":false,"close_approach_data":[{"close_approach_date":"2085-07-07","relative_velocity":{"kilometers_per_second":"12.5966529886"},"miss_distance":{"kilometers":"23717792"}}]},{"name":"(2013 XM24)","estimated_diameter":{"meters":{"estimated_diameter_min":421.2646105562,"estimated_diameter_max":941.9763057186}},"is_potentially_hazardous_asteroid":false,"close_approach_data":[{"close_approach_date":"2085-07-07","relative_velocity":{"kilometers_per_second":"26.1717120243"},"miss_distance":{"kilometers":"45126480"}}]}]