[{"name":"66391 (1999 KW4)","estimated_diameter":{"meters":{"estimated_diameter_min":1332.1556669813,"estimated_diameter_max":2978.7906279817}},"is_potentially_hazardous_asteroid":true,"close_approach_data":[{"close_approach_date":"2085-06-08","relative_velocity":{"kilometers_per_second":"22.9787627262"},"miss_distance":{"kilometers":"49085852"}}]},{"name":"(2008 HE66)","estimated_diameter":{"meters":{"estimated_diameter_min":110.8038821264,"estimated_diameter_max":247.7650126055}},"is_potentially_hazardous_asteroid":false,"close_approach_data":[{"close_approach_date":"2085-06-08","relative_velocity":{"kilometers_per_second":"2.4797550423"},"miss_distance":{"kilometers":"29334008"}}]},{"name":"(2016 JB6)","estimated_diameter":{"meters":{"estimated_diameter_min":201.6299194428,"estimated_diameter_max":450.8582061718}},"is_potentially_hazardous_asteroid":false,"close_approach_data":[{"close_approach_date":"2085-06-08","relative_velocity":{"kilometers_per_second":"15.9872672774"},"miss_distance":{"kilometers":"58909796"}}]}]