[{"name":"144900 (2004 VG64)","estimated_diameter":{"meters":{"estimated_diameter_min":581.5070396458,"estimated_diameter_max":1300.2892700427}},"is_potentially_hazardous_asteroid":true,"close_approach_data":[{"close_approach_date":"2085-10-29","relative_velocity":{"kilometers_per_second":"32.8750411912"},"miss_distance":{"kilometers":"35427180"}}]},{"name":"(2016 TT19)","estimated_diameter":{"meters":{"estimated_diameter_min":160.1603379786,"estimated_diameter_max":358.1294030194}},"is_potentially_hazardous_asteroid":false,"close_approach_data":[{"close_approach_date":"2085-10-29","relative_velocity":{"kilometers_per_second":"22.9097676944"},"miss_distance":{"kilometers":"22648656"}}]},{"name":"(2017 UK6)","estimated_diameter":{"meters":{"estimated_diameter_min":44.2135082468,"estimated_diameter_max":98.8644099637}},"is_potentially_hazardous_asteroid":false,"close_approach_data":[{"close_approach_date":"2085-10-29","relative_velocity":{"kilometers_per_second":"14.6578172959"},"miss_distance":{"kilometers":"3897996.75"}}]}]