[{"name":"138947 (2001 BA40)","estimated_diameter":{"meters":{"estimated_diameter_min":483.6764882185,"estimated_diameter_max":1081.533506775}},"is_potentially_hazardous_asteroid":false,"close_approach_data":[{"close_approach_date":"2085-06-27","relative_velocity":{"kilometers_per_second":"10.2495857868"},"miss_distance":{"kilometers":"27212558"}}]},{"name":"155340 (2006 SK198)","estimated_diameter":{"meters":{"estimated_diameter_min":1460.6796427136,"estimated_diameter_max":3266.1789744576}},"is_potentially_hazardous_asteroid":false,"close_approach_data":[{"close_approach_date":"2085-06-27","relative_velocity":{"kilometers_per_second":"11.0866359838"},"miss_distance":{"kilometers":"39126380"}}]},{"name":"415949 (2001 XY10)","estimated_diameter":{"meters":{"estimated_diameter_min":366.9061375314,"estimated_diameter_max":820.4270648822}},"is_potentially_hazardous_asteroid":false,"close_approach_data":[{"close_approach_date":"2085-06-27","relative_velocity":{"kilometers_per_second":"25.0405006742"},"miss_distance":{"kilometers":"67092644"}}]},{"name":"(2006 JX25)","estimated_diameter":{"meters":{"estimated_diameter_min":253.8370293645,"estimated_diameter_max":567.5968528656}},"is_potentially_hazardous_asteroid":false,"close_approach_data":[{"close_approach_date":"2085-06-27","relative_velocity":{"kilometers_per_second":"1.3861998448"},"miss_distance":{"kilometers":"68656624"}}]}]