[{"name":"163732 (2003 KP2)","estimated_diameter":{"meters":{"estimated_diameter_min":2210.8281035909,"estimated_diameter_max":4943.5619261962}},"is_potentially_hazardous_asteroid":false,"close_approach_data":[{"close_approach_date":"2085-09-02","relative_velocity":{"kilometers_per_second":"33.6533731502"},"miss_distance":{"kilometers":"69351128"}}]},{"name":"(2007 EF)","estimated_diameter":{"meters":{"estimated_diameter_min":139.4938229344,"estimated_diameter_max":311.9176705226}},"is_potentially_hazardous_asteroid":true,"close_approach_data":[{"close_approach_date":"2085-09-02","relative_velocity":{"kilometers_per_second":"21.8631859751"},"miss_distance":{"kilometers":"71174784"}}]},{"name":"(2014 EB49)","estimated_diameter":{"meters":{"estimated_diameter_min":201.6299194428,"estimated_diameter_max":450.8582061718}},"is_potentially_hazardous_asteroid":false,"close_approach_data":[{"close_approach_date":"2085-09-02","relative_velocity":{"kilometers_per_second":"23.8176832856"},"miss_distance":{"kilometers":"66563740"}}]},{"name":"(2017 QQ35)","estimated_diameter":{"meters":{"estimated_diameter_min":107.2889454508,"estimated_diameter_max":239.9053752622}},"is_potentially_hazardous_asteroid":false,"close_approach_data":[{"close_approach_date":"2085-09-02","relative_velocity":{"kilometers_per_second":"13.3023544784"},"miss_distance":{"kilometers":"27591622"}}]}]