[{"name":"163899 (2003 SD220)","estimated_diameter":{"meters":{"estimated_diameter_min":921.6265485028,"estimated_diameter_max":2060.8196123208}},"is_potentially_hazardous_asteroid":true,"close_approach_data":[{"close_approach_date":"2085-11-04","relative_velocity":{"kilometers_per_second":"13.6088055215"},"miss_distance":{"kilometers":"47948616"}}]},{"name":"458964 (2011 WM2)","estimated_diameter":{"meters":{"estimated_diameter_min":231.5021222103,"estimated_diameter_max":517.6544821978}},"is_potentially_hazardous_asteroid":false,"close_approach_data":[{"close_approach_date":"2085-11-04","relative_velocity":{"kilometers_per_second":"11.2066942791"},"miss_distance":{"kilometers":"35751936"}}]},{"name":"(2013 GS38)","estimated_diameter":{"meters":{"estimated_diameter_min":278.3267680719,"estimated_diameter_max":622.3575733667}},"is_potentially_hazardous_asteroid":false,"close_approach_data":[{"close_approach_date":"2085-11-04","relative_velocity":{"kilometers_per_second":"20.8028554918"},"miss_distance":{"kilometers":"56911988"}}]},{"name":"(2014 SM261)","estimated_diameter":{"meters":{"estimated_diameter_min":160.1603379786,"estimated_diameter_max":358.1294030194}},"is_potentially_hazardous_asteroid":false,"close_approach_data":[{"close_approach_date":"2085-11-04","relative_velocity":{"kilometers_per_second":"8.0290069032"},"miss_distance":{"kilometers":"48054304"}}]}]