[{"name":"277958 (2006 SP134)","estimated_diameter":{"meters":{"estimated_diameter_min":1160.2590820944,"estimated_diameter_max":2594.4181790745}},"is_potentially_hazardous_asteroid":false,"close_approach_data":[{"close_approach_date":"2085-04-11","relative_velocity":{"kilometers_per_second":"24.5647870325"},"miss_distance":{"kilometers":"67287936"}}]},{"name":"371660 (2007 CN26)","estimated_diameter":{"meters":{"estimated_diameter_min":160.1603379786,"estimated_diameter_max":358.1294030194}},"is_potentially_hazardous_asteroid":true,"close_approach_data":[{"close_approach_date":"2085-04-11","relative_velocity":{"kilometers_per_second":"5.5229363395"},"miss_distance":{"kilometers":"50819028"}}]}]