[{"name":"395289 (2011 BJ2)","estimated_diameter":{"meters":{"estimated_diameter_min":581.5070396458,"estimated_diameter_max":1300.2892700427}},"is_potentially_hazardous_asteroid":false,"close_approach_data":[{"close_approach_date":"2085-10-18","relative_velocity":{"kilometers_per_second":"31.6341496471"},"miss_distance":{"kilometers":"52049168"}}]},{"name":"(2013 SS19)","estimated_diameter":{"meters":{"estimated_diameter_min":167.7084621628,"estimated_diameter_max":375.0075217981}},"is_potentially_hazardous_asteroid":false,"close_approach_data":[{"close_approach_date":"2085-10-18","relative_velocity":{"kilometers_per_second":"16.6022433132"},"miss_distance":{"kilometers":"24547948"}}]}]