[{"name":"(2007 RY19)","estimated_diameter":{"meters":{"estimated_diameter_min":80.2703167283,"estimated_diameter_max":179.4898847799}},"is_potentially_hazardous_asteroid":false,"close_approach_data":[{"close_approach_date":"2085-06-28","relative_velocity":{"kilometers_per_second":"7.5952401427"},"miss_distance":{"kilometers":"67817928"}}]},{"name":"(2013 LK25)","estimated_diameter":{"meters":{"estimated_diameter_min":133.2155666981,"estimated_diameter_max":297.8790627982}},"is_potentially_hazardous_asteroid":false,"close_approach_data":[{"close_approach_date":"2085-06-28","relative_velocity":{"kilometers_per_second":"9.597830032"},"miss_distance":{"kilometers":"17178542"}}]}]