[{"name":"(2008 VU4)","estimated_diameter":{"meters":{"estimated_diameter_min":840.5334020728,"estimated_diameter_max":1879.4898243938}},"is_potentially_hazardous_asteroid":false,"close_approach_data":[{"close_approach_date":"2085-06-15","relative_velocity":{"kilometers_per_second":"19.8359643273"},"miss_distance":{"kilometers":"57168480"}}]},{"name":"(2011 WR2)","estimated_diameter":{"meters":{"estimated_diameter_min":23.150212221,"estimated_diameter_max":51.7654482198}},"is_potentially_hazardous_asteroid":false,"close_approach_data":[{"close_approach_date":"2085-06-15","relative_velocity":{"kilometers_per_second":"13.9422021905"},"miss_distance":{"kilometers":"18419214"}}]}]