[{"name":"(2008 SV11)","estimated_diameter":{"meters":{"estimated_diameter_min":555.334911581,"estimated_diameter_max":1241.766612574}},"is_potentially_hazardous_asteroid":true,"close_approach_data":[{"close_approach_date":"2085-02-10","relative_velocity":{"kilometers_per_second":"15.271858454"},"miss_distance":{"kilometers":"38846348"}}]},{"name":"(2011 CG2)","estimated_diameter":{"meters":{"estimated_diameter_min":139.4938229344,"estimated_diameter_max":311.9176705226}},"is_potentially_hazardous_asteroid":true,"close_approach_data":[{"close_approach_date":"2085-02-10","relative_velocity":{"kilometers_per_second":"2.4198600991"},"miss_distance":{"kilometers":"26347590"}}]},{"name":"(2016 NR)","estimated_diameter":{"meters":{"estimated_diameter_min":44.1118199997,"estimated_diameter_max":98.6370281305}},"is_potentially_hazardous_asteroid":false,"close_approach_data":[{"close_approach_date":"2085-02-10","relative_velocity":{"kilometers_per_second":"14.7805881482"},"miss_distance":{"kilometers":"61024752"}}]}]