[{"name":"41440 (2000 HZ23)","estimated_diameter":{"meters":{"estimated_diameter_min":278.3267680719,"estimated_diameter_max":622.3575733667}},"is_potentially_hazardous_asteroid":false,"close_approach_data":[{"close_approach_date":"2085-05-07","relative_velocity":{"kilometers_per_second":"7.4446199319"},"miss_distance":{"kilometers":"62013348"}}]},{"name":"433992 (2000 HD74)","estimated_diameter":{"meters":{"estimated_diameter_min":667.6594134952,"estimated_diameter_max":1492.931834393}},"is_potentially_hazardous_asteroid":false,"close_approach_data":[{"close_approach_date":"2085-05-07","relative_velocity":{"kilometers_per_second":"31.7540945962"},"miss_distance":{"kilometers":"70833264"}}]},{"name":"(1990 UP)","estimated_diameter":{"meters":{"estimated_diameter_min":221.0828103591,"estimated_diameter_max":494.3561926196}},"is_potentially_hazardous_asteroid":false,"close_approach_data":[{"close_approach_date":"2085-05-07","relative_velocity":{"kilometers_per_second":"14.3754450321"},"miss_distance":{"kilometers":"52341448"}}]},{"name":"(2015 FV118)","estimated_diameter":{"meters":{"estimated_diameter_min":127.2198785394,"estimated_diameter_max":284.4722965033}},"is_potentially_hazardous_asteroid":false,"close_approach_data":[{"close_approach_date":"2085-05-07","relative_velocity":{"kilometers_per_second":"13.0925946135"},"miss_distance":{"kilometers":"29056464"}}]}]