[{"name":"(1998 VF32)","estimated_diameter":{"meters":{"estimated_diameter_min":160.1603379786,"estimated_diameter_max":358.1294030194}},"is_potentially_hazardous_asteroid":true,"close_approach_data":[{"close_approach_date":"2085-07-27","relative_velocity":{"kilometers_per_second":"14.7567849593"},"miss_distance":{"kilometers":"61404376"}}]},{"name":"(2008 NO3)","estimated_diameter":{"meters":{"estimated_diameter_min":483.6764882185,"estimated_diameter_max":1081.533506775}},"is_potentially_hazardous_asteroid":true,"close_approach_data":[{"close_approach_date":"2085-07-27","relative_velocity":{"kilometers_per_second":"21.8388171804"},"miss_distance":{"kilometers":"64588544"}}]},{"name":"(2009 BD77)","estimated_diameter":{"meters":{"estimated_diameter_min":221.0828103591,"estimated_diameter_max":494.3561926196}},"is_potentially_hazardous_asteroid":false,"close_approach_data":[{"close_approach_date":"2085-07-27","relative_velocity":{"kilometers_per_second":"18.4116786312"},"miss_distance":{"kilometers":"53348624"}}]},{"name":"(2011 OB)","estimated_diameter":{"meters":{"estimated_diameter_min":366.9061375314,"estimated_diameter_max":820.4270648822}},"is_potentially_hazardous_asteroid":true,"close_approach_data":[{"close_approach_date":"2085-07-27","relative_velocity":{"kilometers_per_second":"14.9383867104"},"miss_distance":{"kilometers":"69938888"}}]},{"name":"(2016 VG)","estimated_diameter":{"meters":{"estimated_diameter_min":12.14940408,"estimated_diameter_max":27.1668934089}},"is_potentially_hazardous_asteroid":false,"close_approach_data":[{"close_approach_date":"2085-07-27","relative_velocity":{"kilometers_per_second":"17.6669754406"},"miss_distance":{"kilometers":"44884724"}}]},{"name":"480820 (1998 VF32)","estimated_diameter":{"meters":{"estimated_diameter_min":160.1603379786,"estimated_diameter_max":358.1294030194}},"is_potentially_hazardous_asteroid":true,"close_approach_data":[{"close_approach_date":"2085-07-27","relative_velocity":{"kilometers_per_second":"14.756786872"},"miss_distance":{"kilometers":"61404380"}}]}]