[{"name":"(2009 YV6)","estimated_diameter":{"meters":{"estimated_diameter_min":175.6123184804,"estimated_diameter_max":392.6810818086}},"is_potentially_hazardous_asteroid":false,"close_approach_data":[{"close_approach_date":"2085-01-13","relative_velocity":{"kilometers_per_second":"8.7976221099"},"miss_distance":{"kilometers":"72296520"}}]},{"name":"(2016 FA4)","estimated_diameter":{"meters":{"estimated_diameter_min":334.6223744549,"estimated_diameter_max":748.2383760735}},"is_potentially_hazardous_asteroid":false,"close_approach_data":[{"close_approach_date":"2085-01-13","relative_velocity":{"kilometers_per_second":"30.5364247118"},"miss_distance":{"kilometers":"37036992"}}]}]