[{"name":"138971 (2001 CB21)","estimated_diameter":{"meters":{"estimated_diameter_min":555.334911581,"estimated_diameter_max":1241.766612574}},"is_potentially_hazardous_asteroid":true,"close_approach_data":[{"close_approach_date":"2085-02-14","relative_velocity":{"kilometers_per_second":"7.0959481721"},"miss_distance":{"kilometers":"40191900"}}]},{"name":"(2008 WK32)","estimated_diameter":{"meters":{"estimated_diameter_min":384.1978910643,"estimated_diameter_max":859.0926012318}},"is_potentially_hazardous_asteroid":false,"close_approach_data":[{"close_approach_date":"2085-02-14","relative_velocity":{"kilometers_per_second":"9.5375086241"},"miss_distance":{"kilometers":"39550988"}}]},{"name":"(2014 MZ17)","estimated_diameter":{"meters":{"estimated_diameter_min":40.2304579834,"estimated_diameter_max":89.9580388169}},"is_potentially_hazardous_asteroid":false,"close_approach_data":[{"close_approach_date":"2085-02-14","relative_velocity":{"kilometers_per_second":"7.7080385577"},"miss_distance":{"kilometers":"35077644"}}]},{"name":"476904 (2008 WK32)","estimated_diameter":{"meters":{"estimated_diameter_min":384.1978910643,"estimated_diameter_max":859.0926012318}},"is_potentially_hazardous_asteroid":false,"close_approach_data":[{"close_approach_date":"2085-02-14","relative_velocity":{"kilometers_per_second":"9.5376851087"},"miss_distance":{"kilometers":"39551064"}}]},{"name":"(2017 DU34)","estimated_diameter":{"meters":{"estimated_diameter_min":11.6025908209,"estimated_diameter_max":25.9441817907}},"is_potentially_hazardous_asteroid":false,"close_approach_data":[{"close_approach_date":"2085-02-14","relative_velocity":{"kilometers_per_second":"10.3189112845"},"miss_distance":{"kilometers":"5707072"}}]}]