[{"name":"442037 (2010 PR66)","estimated_diameter":{"meters":{"estimated_diameter_min":366.9061375314,"estimated_diameter_max":820.4270648822}},"is_potentially_hazardous_asteroid":true,"close_approach_data":[{"close_approach_date":"2085-07-23","relative_velocity":{"kilometers_per_second":"18.9506896616"},"miss_distance":{"kilometers":"16728322"}}]},{"name":"(2001 OT)","estimated_diameter":{"meters":{"estimated_diameter_min":127.2198785394,"estimated_diameter_max":284.4722965033}},"is_potentially_hazardous_asteroid":false,"close_approach_data":[{"close_approach_date":"2085-07-23","relative_velocity":{"kilometers_per_second":"21.535649486"},"miss_distance":{"kilometers":"60281488"}}]},{"name":"(2003 QH5)","estimated_diameter":{"meters":{"estimated_diameter_min":253.8370293645,"estimated_diameter_max":567.5968528656}},"is_potentially_hazardous_asteroid":true,"close_approach_data":[{"close_approach_date":"2085-07-23","relative_velocity":{"kilometers_per_second":"10.7573206005"},"miss_distance":{"kilometers":"3884776.25"}}]},{"name":"(2013 BE27)","estimated_diameter":{"meters":{"estimated_diameter_min":183.8886720703,"estimated_diameter_max":411.1875710413}},"is_potentially_hazardous_asteroid":false,"close_approach_data":[{"close_approach_date":"2085-07-23","relative_velocity":{"kilometers_per_second":"14.9827762955"},"miss_distance":{"kilometers":"20906802"}}]},{"name":"(2014 FO47)","estimated_diameter":{"meters":{"estimated_diameter_min":231.5021222103,"estimated_diameter_max":517.6544821978}},"is_potentially_hazardous_asteroid":true,"close_approach_data":[{"close_approach_date":"2085-07-23","relative_velocity":{"kilometers_per_second":"15.5991593763"},"miss_distance":{"kilometers":"72045240"}}]},{"name":"(2015 AH)","estimated_diameter":{"meters":{"estimated_diameter_min":133.2155666981,"estimated_diameter_max":297.8790627982}},"is_potentially_hazardous_asteroid":true,"close_approach_data":[{"close_approach_date":"2085-07-23","relative_velocity":{"kilometers_per_second":"11.3035213661"},"miss_distance":{"kilometers":"52138328"}}]},{"name":"480936 (2003 QH5)","estimated_diameter":{"meters":{"estimated_diameter_min":242.4124811008,"estimated_diameter_max":542.0507863358}},"is_potentially_hazardous_asteroid":true,"close_approach_data":[{"close_approach_date":"2085-07-23","relative_velocity":{"kilometers_per_second":"10.7572343013"},"miss_distance":{"kilometers":"3883809.5"}}]},{"name":"(2011 CT4)","estimated_diameter":{"meters":{"estimated_diameter_min":211.1324447897,"estimated_diameter_max":472.1064988055}},"is_potentially_hazardous_asteroid":true,"close_approach_data":[{"close_approach_date":"2085-07-23","relative_velocity":{"kilometers_per_second":"14.1560848091"},"miss_distance":{"kilometers":"51523956"}}]}]