[{"name":"13651 (1997 BR)","estimated_diameter":{"meters":{"estimated_diameter_min":802.7031672829,"estimated_diameter_max":1794.8988477988}},"is_potentially_hazardous_asteroid":true,"close_approach_data":[{"close_approach_date":"2085-02-05","relative_velocity":{"kilometers_per_second":"10.8629502454"},"miss_distance":{"kilometers":"73846896"}}]},{"name":"265187 (2003 YS117)","estimated_diameter":{"meters":{"estimated_diameter_min":608.9126221057,"estimated_diameter_max":1361.5700153859}},"is_potentially_hazardous_asteroid":false,"close_approach_data":[{"close_approach_date":"2085-02-05","relative_velocity":{"kilometers_per_second":"15.6795420864"},"miss_distance":{"kilometers":"68024744"}}]},{"name":"350523 (2000 EA14)","estimated_diameter":{"meters":{"estimated_diameter_min":160.1603379786,"estimated_diameter_max":358.1294030194}},"is_potentially_hazardous_asteroid":true,"close_approach_data":[{"close_approach_date":"2085-02-05","relative_velocity":{"kilometers_per_second":"17.2654565177"},"miss_distance":{"kilometers":"60149880"}}]},{"name":"(2013 EY27)","estimated_diameter":{"meters":{"estimated_diameter_min":167.7084621628,"estimated_diameter_max":375.0075217981}},"is_potentially_hazardous_asteroid":false,"close_approach_data":[{"close_approach_date":"2085-02-05","relative_velocity":{"kilometers_per_second":"10.7184433091"},"miss_distance":{"kilometers":"67556504"}}]}]