[{"name":"(2010 PK9)","estimated_diameter":{"meters":{"estimated_diameter_min":116.0259082094,"estimated_diameter_max":259.4418179074}},"is_potentially_hazardous_asteroid":true,"close_approach_data":[{"close_approach_date":"2085-08-20","relative_velocity":{"kilometers_per_second":"14.3802966675"},"miss_distance":{"kilometers":"22180718"}}]},{"name":"(2015 AW16)","estimated_diameter":{"meters":{"estimated_diameter_min":121.4940407996,"estimated_diameter_max":271.6689340891}},"is_potentially_hazardous_asteroid":false,"close_approach_data":[{"close_approach_date":"2085-08-20","relative_velocity":{"kilometers_per_second":"17.2308663814"},"miss_distance":{"kilometers":"44491352"}}]},{"name":"(2015 NK3)","estimated_diameter":{"meters":{"estimated_diameter_min":146.0679642714,"estimated_diameter_max":326.6178974458}},"is_potentially_hazardous_asteroid":false,"close_approach_data":[{"close_approach_date":"2085-08-20","relative_velocity":{"kilometers_per_second":"15.1053142624"},"miss_distance":{"kilometers":"35968696"}}]}]