[{"name":"(2011 VS5)","estimated_diameter":{"meters":{"estimated_diameter_min":319.5618867213,"estimated_diameter_max":714.5621017269}},"is_potentially_hazardous_asteroid":false,"close_approach_data":[{"close_approach_date":"2085-07-03","relative_velocity":{"kilometers_per_second":"7.4483155099"},"miss_distance":{"kilometers":"65191764"}}]},{"name":"(2012 QH8)","estimated_diameter":{"meters":{"estimated_diameter_min":152.9519353442,"estimated_diameter_max":342.0109247198}},"is_potentially_hazardous_asteroid":false,"close_approach_data":[{"close_approach_date":"2085-07-03","relative_velocity":{"kilometers_per_second":"13.4750259185"},"miss_distance":{"kilometers":"41279644"}}]},{"name":"471487 (2011 VS5)","estimated_diameter":{"meters":{"estimated_diameter_min":319.5618867213,"estimated_diameter_max":714.5621017269}},"is_potentially_hazardous_asteroid":false,"close_approach_data":[{"close_approach_date":"2085-07-03","relative_velocity":{"kilometers_per_second":"7.4482573179"},"miss_distance":{"kilometers":"65191432"}}]}]