[{"name":"3554 Amun (1986 EB)","estimated_diameter":{"meters":{"estimated_diameter_min":1822.0277059112,"estimated_diameter_max":4074.1778073054}},"is_potentially_hazardous_asteroid":false,"close_approach_data":[{"close_approach_date":"2085-03-07","relative_velocity":{"kilometers_per_second":"12.8149057708"},"miss_distance":{"kilometers":"39923832"}}]},{"name":"420738 (2012 TS)","estimated_diameter":{"meters":{"estimated_diameter_min":183.8886720703,"estimated_diameter_max":411.1875710413}},"is_potentially_hazardous_asteroid":false,"close_approach_data":[{"close_approach_date":"2085-03-07","relative_velocity":{"kilometers_per_second":"10.6637889638"},"miss_distance":{"kilometers":"25193718"}}]},{"name":"(2013 EW108)","estimated_diameter":{"meters":{"estimated_diameter_min":278.3267680719,"estimated_diameter_max":622.3575733667}},"is_potentially_hazardous_asteroid":false,"close_approach_data":[{"close_approach_date":"2085-03-07","relative_velocity":{"kilometers_per_second":"15.1738537276"},"miss_distance":{"kilometers":"70431520"}}]},{"name":"(2016 EE86)","estimated_diameter":{"meters":{"estimated_diameter_min":105.8168859331,"estimated_diameter_max":236.6137501138}},"is_potentially_hazardous_asteroid":false,"close_approach_data":[{"close_approach_date":"2085-03-07","relative_velocity":{"kilometers_per_second":"9.1596605214"},"miss_distance":{"kilometers":"53422920"}}]},{"name":"(2017 EH1)","estimated_diameter":{"meters":{"estimated_diameter_min":58.1507039646,"estimated_diameter_max":130.0289270043}},"is_potentially_hazardous_asteroid":false,"close_approach_data":[{"close_approach_date":"2085-03-07","relative_velocity":{"kilometers_per_second":"9.034000563"},"miss_distance":{"kilometers":"23375412"}}]}]