[{"name":"361538 (2007 JZ20)","estimated_diameter":{"meters":{"estimated_diameter_min":506.4714588346,"estimated_diameter_max":1132.5046106177}},"is_potentially_hazardous_asteroid":false,"close_approach_data":[{"close_approach_date":"2085-04-28","relative_velocity":{"kilometers_per_second":"20.9094695292"},"miss_distance":{"kilometers":"70464464"}}]},{"name":"(2001 BF10)","estimated_diameter":{"meters":{"estimated_diameter_min":80.2703167283,"estimated_diameter_max":179.4898847799}},"is_potentially_hazardous_asteroid":false,"close_approach_data":[{"close_approach_date":"2085-04-28","relative_velocity":{"kilometers_per_second":"9.0076343575"},"miss_distance":{"kilometers":"1438732.375"}}]},{"name":"(2009 WB105)","estimated_diameter":{"meters":{"estimated_diameter_min":53.0340723319,"estimated_diameter_max":118.5877908577}},"is_potentially_hazardous_asteroid":false,"close_approach_data":[{"close_approach_date":"2085-04-28","relative_velocity":{"kilometers_per_second":"26.1900720591"},"miss_distance":{"kilometers":"66828220"}}]},{"name":"(2013 XS3)","estimated_diameter":{"meters":{"estimated_diameter_min":253.8370293645,"estimated_diameter_max":567.5968528656}},"is_potentially_hazardous_asteroid":false,"close_approach_data":[{"close_approach_date":"2085-04-28","relative_velocity":{"kilometers_per_second":"19.983922428"},"miss_distance":{"kilometers":"54929748"}}]}]