[{"name":"(2000 KA)","estimated_diameter":{"meters":{"estimated_diameter_min":121.4940407996,"estimated_diameter_max":271.6689340891}},"is_potentially_hazardous_asteroid":true,"close_approach_data":[{"close_approach_date":"2085-11-01","relative_velocity":{"kilometers_per_second":"8.3449217204"},"miss_distance":{"kilometers":"73964752"}}]},{"name":"(2002 VS14)","estimated_diameter":{"meters":{"estimated_diameter_min":116.0259082094,"estimated_diameter_max":259.4418179074}},"is_potentially_hazardous_asteroid":false,"close_approach_data":[{"close_approach_date":"2085-11-01","relative_velocity":{"kilometers_per_second":"24.6578409333"},"miss_distance":{"kilometers":"65862524"}}]},{"name":"(2015 OQ21)","estimated_diameter":{"meters":{"estimated_diameter_min":6.9912523225,"estimated_diameter_max":15.6329154409}},"is_potentially_hazardous_asteroid":false,"close_approach_data":[{"close_approach_date":"2085-11-01","relative_velocity":{"kilometers_per_second":"13.3460942575"},"miss_distance":{"kilometers":"63381936"}}]}]