[{"name":"(2011 GL44)","estimated_diameter":{"meters":{"estimated_diameter_min":211.1324447897,"estimated_diameter_max":472.1064988055}},"is_potentially_hazardous_asteroid":false,"close_approach_data":[{"close_approach_date":"2085-05-04","relative_velocity":{"kilometers_per_second":"29.1809890569"},"miss_distance":{"kilometers":"62625316"}}]},{"name":"(2016 HO3)","estimated_diameter":{"meters":{"estimated_diameter_min":38.7217499927,"estimated_diameter_max":86.5844651915}},"is_potentially_hazardous_asteroid":false,"close_approach_data":[{"close_approach_date":"2085-05-04","relative_velocity":{"kilometers_per_second":"4.0710825649"},"miss_distance":{"kilometers":"20479388"}}]},{"name":"469219 (2016 HO3)","estimated_diameter":{"meters":{"estimated_diameter_min":38.4197891064,"estimated_diameter_max":85.9092601232}},"is_potentially_hazardous_asteroid":false,"close_approach_data":[{"close_approach_date":"2085-05-04","relative_velocity":{"kilometers_per_second":"4.0710792557"},"miss_distance":{"kilometers":"20479206"}}]}]