[{"name":"36284 (2000 DM8)","estimated_diameter":{"meters":{"estimated_diameter_min":2783.2676807193,"estimated_diameter_max":6223.5757336665}},"is_potentially_hazardous_asteroid":false,"close_approach_data":[{"close_approach_date":"2085-09-15","relative_velocity":{"kilometers_per_second":"35.8677642393"},"miss_distance":{"kilometers":"62352340"}}]},{"name":"(1998 FF14)","estimated_diameter":{"meters":{"estimated_diameter_min":192.5550781879,"estimated_diameter_max":430.566244241}},"is_potentially_hazardous_asteroid":true,"close_approach_data":[{"close_approach_date":"2085-09-15","relative_velocity":{"kilometers_per_second":"20.8578213348"},"miss_distance":{"kilometers":"26976016"}}]},{"name":"(2013 LF7)","estimated_diameter":{"meters":{"estimated_diameter_min":105.8168859331,"estimated_diameter_max":236.6137501138}},"is_potentially_hazardous_asteroid":false,"close_approach_data":[{"close_approach_date":"2085-09-15","relative_velocity":{"kilometers_per_second":"12.6031268154"},"miss_distance":{"kilometers":"16134084"}}]},{"name":"(2015 BT4)","estimated_diameter":{"meters":{"estimated_diameter_min":139.4938229344,"estimated_diameter_max":311.9176705226}},"is_potentially_hazardous_asteroid":false,"close_approach_data":[{"close_approach_date":"2085-09-15","relative_velocity":{"kilometers_per_second":"19.4521181961"},"miss_distance":{"kilometers":"64131692"}}]}]