[{"name":"(2010 ON101)","estimated_diameter":{"meters":{"estimated_diameter_min":242.4124811008,"estimated_diameter_max":542.0507863358}},"is_potentially_hazardous_asteroid":true,"close_approach_data":[{"close_approach_date":"2085-04-07","relative_velocity":{"kilometers_per_second":"20.4144299438"},"miss_distance":{"kilometers":"63934340"}}]},{"name":"(2012 TS78)","estimated_diameter":{"meters":{"estimated_diameter_min":506.4714588346,"estimated_diameter_max":1132.5046106177}},"is_potentially_hazardous_asteroid":true,"close_approach_data":[{"close_approach_date":"2085-04-07","relative_velocity":{"kilometers_per_second":"18.7727632534"},"miss_distance":{"kilometers":"24381944"}}]},{"name":"(2015 FE33)","estimated_diameter":{"meters":{"estimated_diameter_min":305.1792325939,"estimated_diameter_max":682.4015094011}},"is_potentially_hazardous_asteroid":false,"close_approach_data":[{"close_approach_date":"2085-04-07","relative_velocity":{"kilometers_per_second":"31.6308677331"},"miss_distance":{"kilometers":"66867860"}}]},{"name":"478574 (2012 TS78)","estimated_diameter":{"meters":{"estimated_diameter_min":506.4714588346,"estimated_diameter_max":1132.5046106177}},"is_potentially_hazardous_asteroid":true,"close_approach_data":[{"close_approach_date":"2085-04-07","relative_velocity":{"kilometers_per_second":"18.772791632"},"miss_distance":{"kilometers":"24381972"}}]},{"name":"(2000 EM26)","estimated_diameter":{"meters":{"estimated_diameter_min":80.2703167283,"estimated_diameter_max":179.4898847799}},"is_potentially_hazardous_asteroid":true,"close_approach_data":[{"close_approach_date":"2085-04-07","relative_velocity":{"kilometers_per_second":"10.0028551806"},"miss_distance":{"kilometers":"29582190"}}]}]