[{"name":"17182 (1999 VU)","estimated_diameter":{"meters":{"estimated_diameter_min":1108.0388212642,"estimated_diameter_max":2477.6501260554}},"is_potentially_hazardous_asteroid":false,"close_approach_data":[{"close_approach_date":"2085-01-18","relative_velocity":{"kilometers_per_second":"13.0747667408"},"miss_distance":{"kilometers":"39149332"}}]},{"name":"(2005 QP11)","estimated_diameter":{"meters":{"estimated_diameter_min":13.9493822934,"estimated_diameter_max":31.1917670523}},"is_potentially_hazardous_asteroid":false,"close_approach_data":[{"close_approach_date":"2085-01-18","relative_velocity":{"kilometers_per_second":"5.6284533226"},"miss_distance":{"kilometers":"26173608"}}]},{"name":"(2007 CA27)","estimated_diameter":{"meters":{"estimated_diameter_min":146.0679642714,"estimated_diameter_max":326.6178974458}},"is_potentially_hazardous_asteroid":false,"close_approach_data":[{"close_approach_date":"2085-01-18","relative_velocity":{"kilometers_per_second":"25.3873216909"},"miss_distance":{"kilometers":"67915968"}}]}]