[{"name":"341843 (2008 EV5)","estimated_diameter":{"meters":{"estimated_diameter_min":265.8,"estimated_diameter_max":594.3468684194}},"is_potentially_hazardous_asteroid":true,"close_approach_data":[{"close_approach_date":"2085-12-19","relative_velocity":{"kilometers_per_second":"5.245785622"},"miss_distance":{"kilometers":"5622667"}}]},{"name":"433939 (1995 DW1)","estimated_diameter":{"meters":{"estimated_diameter_min":152.9519353442,"estimated_diameter_max":342.0109247198}},"is_potentially_hazardous_asteroid":false,"close_approach_data":[{"close_approach_date":"2085-12-19","relative_velocity":{"kilometers_per_second":"9.5465834791"},"miss_distance":{"kilometers":"65025248"}}]},{"name":"(2009 XZ1)","estimated_diameter":{"meters":{"estimated_diameter_min":121.4940407996,"estimated_diameter_max":271.6689340891}},"is_potentially_hazardous_asteroid":true,"close_approach_data":[{"close_approach_date":"2085-12-19","relative_velocity":{"kilometers_per_second":"12.1792575077"},"miss_distance":{"kilometers":"33280048"}}]},{"name":"477465 (2009 XZ1)","estimated_diameter":{"meters":{"estimated_diameter_min":121.4940407996,"estimated_diameter_max":271.6689340891}},"is_potentially_hazardous_asteroid":true,"close_approach_data":[{"close_approach_date":"2085-12-19","relative_velocity":{"kilometers_per_second":"12.1792578879"},"miss_distance":{"kilometers":"33280056"}}]},{"name":"(1999 LW1)","estimated_diameter":{"meters":{"estimated_diameter_min":221.0828103591,"estimated_diameter_max":494.3561926196}},"is_potentially_hazardous_asteroid":false,"close_approach_data":[{"close_approach_date":"2085-12-19","relative_velocity":{"kilometers_per_second":"13.7413102331"},"miss_distance":{"kilometers":"55316192"}}]}]