[{"name":"10302 (1989 ML)","estimated_diameter":{"meters":{"estimated_diameter_min":366.9061375314,"estimated_diameter_max":820.4270648822}},"is_potentially_hazardous_asteroid":false,"close_approach_data":[{"close_approach_date":"2085-01-29","relative_velocity":{"kilometers_per_second":"7.2774676251"},"miss_distance":{"kilometers":"67506352"}}]},{"name":"(2007 DB56)","estimated_diameter":{"meters":{"estimated_diameter_min":384.1978910643,"estimated_diameter_max":859.0926012318}},"is_potentially_hazardous_asteroid":false,"close_approach_data":[{"close_approach_date":"2085-01-29","relative_velocity":{"kilometers_per_second":"3.2351992344"},"miss_distance":{"kilometers":"53247052"}}]},{"name":"(2007 UY1)","estimated_diameter":{"meters":{"estimated_diameter_min":69.9125232246,"estimated_diameter_max":156.3291544087}},"is_potentially_hazardous_asteroid":false,"close_approach_data":[{"close_approach_date":"2085-01-29","relative_velocity":{"kilometers_per_second":"16.7801543154"},"miss_distance":{"kilometers":"54737320"}}]},{"name":"(2018 BM5)","estimated_diameter":{"meters":{"estimated_diameter_min":8.9857633464,"estimated_diameter_max":20.0927776722}},"is_potentially_hazardous_asteroid":false,"close_approach_data":[{"close_approach_date":"2085-01-29","relative_velocity":{"kilometers_per_second":"14.0485001152"},"miss_distance":{"kilometers":"20796538"}}]}]