[{"name":"242191 (2003 NZ6)","estimated_diameter":{"meters":{"estimated_diameter_min":421.2646105562,"estimated_diameter_max":941.9763057186}},"is_potentially_hazardous_asteroid":false,"close_approach_data":[{"close_approach_date":"2085-07-11","relative_velocity":{"kilometers_per_second":"20.7661246026"},"miss_distance":{"kilometers":"30727004"}}]},{"name":"(2005 YN3)","estimated_diameter":{"meters":{"estimated_diameter_min":366.9061375314,"estimated_diameter_max":820.4270648822}},"is_potentially_hazardous_asteroid":false,"close_approach_data":[{"close_approach_date":"2085-07-11","relative_velocity":{"kilometers_per_second":"17.7349839154"},"miss_distance":{"kilometers":"69100928"}}]},{"name":"(2008 QU3)","estimated_diameter":{"meters":{"estimated_diameter_min":211.1324447897,"estimated_diameter_max":472.1064988055}},"is_potentially_hazardous_asteroid":false,"close_approach_data":[{"close_approach_date":"2085-07-11","relative_velocity":{"kilometers_per_second":"7.0687067293"},"miss_distance":{"kilometers":"40213672"}}]},{"name":"(2010 XN)","estimated_diameter":{"meters":{"estimated_diameter_min":38.4197891064,"estimated_diameter_max":85.9092601232}},"is_potentially_hazardous_asteroid":false,"close_approach_data":[{"close_approach_date":"2085-07-11","relative_velocity":{"kilometers_per_second":"19.3115039895"},"miss_distance":{"kilometers":"45902196"}}]}]