[{"name":"310842 (2003 AK18)","estimated_diameter":{"meters":{"estimated_diameter_min":291.4439045349,"estimated_diameter_max":651.6883821679}},"is_potentially_hazardous_asteroid":false,"close_approach_data":[{"close_approach_date":"2085-09-27","relative_velocity":{"kilometers_per_second":"15.3032278636"},"miss_distance":{"kilometers":"65114756"}}]},{"name":"(2006 NL)","estimated_diameter":{"meters":{"estimated_diameter_min":265.8,"estimated_diameter_max":594.3468684194}},"is_potentially_hazardous_asteroid":false,"close_approach_data":[{"close_approach_date":"2085-09-27","relative_velocity":{"kilometers_per_second":"15.9907545146"},"miss_distance":{"kilometers":"49276036"}}]},{"name":"(2007 RF5)","estimated_diameter":{"meters":{"estimated_diameter_min":581.5070396458,"estimated_diameter_max":1300.2892700427}},"is_potentially_hazardous_asteroid":false,"close_approach_data":[{"close_approach_date":"2085-09-27","relative_velocity":{"kilometers_per_second":"16.7107171197"},"miss_distance":{"kilometers":"42241452"}}]},{"name":"481542 (2007 RF5)","estimated_diameter":{"meters":{"estimated_diameter_min":555.334911581,"estimated_diameter_max":1241.766612574}},"is_potentially_hazardous_asteroid":false,"close_approach_data":[{"close_approach_date":"2085-09-27","relative_velocity":{"kilometers_per_second":"16.7107198927"},"miss_distance":{"kilometers":"42241452"}}]},{"name":"(2013 OY3)","estimated_diameter":{"meters":{"estimated_diameter_min":29.1443904535,"estimated_diameter_max":65.1688382168}},"is_potentially_hazardous_asteroid":false,"close_approach_data":[{"close_approach_date":"2085-09-27","relative_velocity":{"kilometers_per_second":"20.5792987553"},"miss_distance":{"kilometers":"58008332"}}]},{"name":"(2017 QG33)","estimated_diameter":{"meters":{"estimated_diameter_min":50.9747349879,"estimated_diameter_max":113.9829725681}},"is_potentially_hazardous_asteroid":false,"close_approach_data":[{"close_approach_date":"2085-09-27","relative_velocity":{"kilometers_per_second":"17.9920446466"},"miss_distance":{"kilometers":"48567060"}}]}]