[{"name":"(2005 GC141)","estimated_diameter":{"meters":{"estimated_diameter_min":334.6223744549,"estimated_diameter_max":748.2383760735}},"is_potentially_hazardous_asteroid":false,"close_approach_data":[{"close_approach_date":"2085-04-03","relative_velocity":{"kilometers_per_second":"15.9760963421"},"miss_distance":{"kilometers":"46074312"}}]},{"name":"(2006 FC35)","estimated_diameter":{"meters":{"estimated_diameter_min":160.1603379786,"estimated_diameter_max":358.1294030194}},"is_potentially_hazardous_asteroid":false,"close_approach_data":[{"close_approach_date":"2085-04-03","relative_velocity":{"kilometers_per_second":"19.9792019235"},"miss_distance":{"kilometers":"70146856"}}]},{"name":"474706 (2005 GC141)","estimated_diameter":{"meters":{"estimated_diameter_min":334.6223744549,"estimated_diameter_max":748.2383760735}},"is_potentially_hazardous_asteroid":false,"close_approach_data":[{"close_approach_date":"2085-04-03","relative_velocity":{"kilometers_per_second":"15.976087274"},"miss_distance":{"kilometers":"46074236"}}]}]