[{"name":"262623 (2006 WY2)","estimated_diameter":{"meters":{"estimated_diameter_min":506.4714588346,"estimated_diameter_max":1132.5046106177}},"is_potentially_hazardous_asteroid":false,"close_approach_data":[{"close_approach_date":"2085-09-01","relative_velocity":{"kilometers_per_second":"18.7924214992"},"miss_distance":{"kilometers":"64436732"}}]},{"name":"345722 (2007 BG29)","estimated_diameter":{"meters":{"estimated_diameter_min":608.9126221057,"estimated_diameter_max":1361.5700153859}},"is_potentially_hazardous_asteroid":false,"close_approach_data":[{"close_approach_date":"2085-09-01","relative_velocity":{"kilometers_per_second":"14.7639948981"},"miss_distance":{"kilometers":"74197896"}}]},{"name":"436771 (2012 JG11)","estimated_diameter":{"meters":{"estimated_diameter_min":421.2646105562,"estimated_diameter_max":941.9763057186}},"is_potentially_hazardous_asteroid":false,"close_approach_data":[{"close_approach_date":"2085-09-01","relative_velocity":{"kilometers_per_second":"16.5359833773"},"miss_distance":{"kilometers":"19417404"}}]},{"name":"(2013 QN11)","estimated_diameter":{"meters":{"estimated_diameter_min":69.9125232246,"estimated_diameter_max":156.3291544087}},"is_potentially_hazardous_asteroid":false,"close_approach_data":[{"close_approach_date":"2085-09-01","relative_velocity":{"kilometers_per_second":"23.5815375996"},"miss_distance":{"kilometers":"60288928"}}]}]