[{"name":"365424 (2010 KX7)","estimated_diameter":{"meters":{"estimated_diameter_min":110.8038821264,"estimated_diameter_max":247.7650126055}},"is_potentially_hazardous_asteroid":true,"close_approach_data":[{"close_approach_date":"2085-10-08","relative_velocity":{"kilometers_per_second":"18.2782326177"},"miss_distance":{"kilometers":"52607424"}}]},{"name":"(2004 MD6)","estimated_diameter":{"meters":{"estimated_diameter_min":221.0828103591,"estimated_diameter_max":494.3561926196}},"is_potentially_hazardous_asteroid":true,"close_approach_data":[{"close_approach_date":"2085-10-08","relative_velocity":{"kilometers_per_second":"26.9223449755"},"miss_distance":{"kilometers":"71800712"}}]}]