[{"name":"(2007 RN7)","estimated_diameter":{"meters":{"estimated_diameter_min":121.4940407996,"estimated_diameter_max":271.6689340891}},"is_potentially_hazardous_asteroid":false,"close_approach_data":[{"close_approach_date":"2085-02-18","relative_velocity":{"kilometers_per_second":"7.2529323342"},"miss_distance":{"kilometers":"57884456"}}]},{"name":"(2015 BY512)","estimated_diameter":{"meters":{"estimated_diameter_min":139.4938229344,"estimated_diameter_max":311.9176705226}},"is_potentially_hazardous_asteroid":false,"close_approach_data":[{"close_approach_date":"2085-02-18","relative_velocity":{"kilometers_per_second":"17.8979229119"},"miss_distance":{"kilometers":"73010944"}}]},{"name":"(2015 PL57)","estimated_diameter":{"meters":{"estimated_diameter_min":19.2555078188,"estimated_diameter_max":43.0566244241}},"is_potentially_hazardous_asteroid":false,"close_approach_data":[{"close_approach_date":"2085-02-18","relative_velocity":{"kilometers_per_second":"18.4315619397"},"miss_distance":{"kilometers":"73390792"}}]},{"name":"(2016 EE85)","estimated_diameter":{"meters":{"estimated_diameter_min":69.9125232246,"estimated_diameter_max":156.3291544087}},"is_potentially_hazardous_asteroid":false,"close_approach_data":[{"close_approach_date":"2085-02-18","relative_velocity":{"kilometers_per_second":"19.4770233536"},"miss_distance":{"kilometers":"58527584"}}]},{"name":"481543 (2007 RN7)","estimated_diameter":{"meters":{"estimated_diameter_min":116.0259082094,"estimated_diameter_max":259.4418179074}},"is_potentially_hazardous_asteroid":false,"close_approach_data":[{"close_approach_date":"2085-02-18","relative_velocity":{"kilometers_per_second":"7.2529002103"},"miss_distance":{"kilometers":"57884132"}}]}]