[{"name":"215442 (2002 MQ3)","estimated_diameter":{"meters":{"estimated_diameter_min":530.3407233187,"estimated_diameter_max":1185.8779085771}},"is_potentially_hazardous_asteroid":false,"close_approach_data":[{"close_approach_date":"2085-07-09","relative_velocity":{"kilometers_per_second":"17.5239560127"},"miss_distance":{"kilometers":"32815930"}}]},{"name":"(2013 VJ11)","estimated_diameter":{"meters":{"estimated_diameter_min":6.9912523225,"estimated_diameter_max":15.6329154409}},"is_potentially_hazardous_asteroid":false,"close_approach_data":[{"close_approach_date":"2085-07-09","relative_velocity":{"kilometers_per_second":"16.1314754148"},"miss_distance":{"kilometers":"35319564"}}]},{"name":"(2016 FZ13)","estimated_diameter":{"meters":{"estimated_diameter_min":5.8150703965,"estimated_diameter_max":13.0028927004}},"is_potentially_hazardous_asteroid":false,"close_approach_data":[{"close_approach_date":"2085-07-09","relative_velocity":{"kilometers_per_second":"14.1743697358"},"miss_distance":{"kilometers":"52549836"}}]}]