[{"name":"(2014 OX3)","estimated_diameter":{"meters":{"estimated_diameter_min":7.3207398935,"estimated_diameter_max":16.3696720474}},"is_potentially_hazardous_asteroid":false,"close_approach_data":[{"close_approach_date":"2085-04-06","relative_velocity":{"kilometers_per_second":"12.8569522133"},"miss_distance":{"kilometers":"5235589.5"}}]},{"name":"(2010 GA7)","estimated_diameter":{"meters":{"estimated_diameter_min":152.9519353442,"estimated_diameter_max":342.0109247198}},"is_potentially_hazardous_asteroid":false,"close_approach_data":[{"close_approach_date":"2085-04-06","relative_velocity":{"kilometers_per_second":"15.7918522308"},"miss_distance":{"kilometers":"28088618"}}]}]