[{"name":"(2008 TC2)","estimated_diameter":{"meters":{"estimated_diameter_min":58.1507039646,"estimated_diameter_max":130.0289270043}},"is_potentially_hazardous_asteroid":false,"close_approach_data":[{"close_approach_date":"2085-06-03","relative_velocity":{"kilometers_per_second":"10.2586406991"},"miss_distance":{"kilometers":"42541700"}}]},{"name":"(2009 FF19)","estimated_diameter":{"meters":{"estimated_diameter_min":146.0679642714,"estimated_diameter_max":326.6178974458}},"is_potentially_hazardous_asteroid":true,"close_approach_data":[{"close_approach_date":"2085-06-03","relative_velocity":{"kilometers_per_second":"8.2698710683"},"miss_distance":{"kilometers":"22093582"}}]},{"name":"490354 (2009 FF19)","estimated_diameter":{"meters":{"estimated_diameter_min":146.0679642714,"estimated_diameter_max":326.6178974458}},"is_potentially_hazardous_asteroid":true,"close_approach_data":[{"close_approach_date":"2085-06-03","relative_velocity":{"kilometers_per_second":"8.2699089076"},"miss_distance":{"kilometers":"22093276"}}]}]