[{"name":"(2017 QT1)","estimated_diameter":{"meters":{"estimated_diameter_min":11.5439643422,"estimated_diameter_max":25.8130889989}},"is_potentially_hazardous_asteroid":false,"close_approach_data":[{"close_approach_date":"2085-08-18","relative_velocity":{"kilometers_per_second":"23.6320901656"},"miss_distance":{"kilometers":"18240940"}}]},{"name":"216985 (2000 QK130)","estimated_diameter":{"meters":{"estimated_diameter_min":175.6123184804,"estimated_diameter_max":392.6810818086}},"is_potentially_hazardous_asteroid":true,"close_approach_data":[{"close_approach_date":"2085-08-18","relative_velocity":{"kilometers_per_second":"14.5256753791"},"miss_distance":{"kilometers":"36163984"}}]},{"name":"229672 (2006 WR1)","estimated_diameter":{"meters":{"estimated_diameter_min":699.1252322458,"estimated_diameter_max":1563.2915440869}},"is_potentially_hazardous_asteroid":false,"close_approach_data":[{"close_approach_date":"2085-08-18","relative_velocity":{"kilometers_per_second":"32.6170953307"},"miss_distance":{"kilometers":"66563936"}}]},{"name":"(2010 GO33)","estimated_diameter":{"meters":{"estimated_diameter_min":384.1978910643,"estimated_diameter_max":859.0926012318}},"is_potentially_hazardous_asteroid":false,"close_approach_data":[{"close_approach_date":"2085-08-18","relative_velocity":{"kilometers_per_second":"19.5081264497"},"miss_distance":{"kilometers":"37022788"}}]},{"name":"(2011 PT)","estimated_diameter":{"meters":{"estimated_diameter_min":44.1118199997,"estimated_diameter_max":98.6370281305}},"is_potentially_hazardous_asteroid":false,"close_approach_data":[{"close_approach_date":"2085-08-18","relative_velocity":{"kilometers_per_second":"10.6366976375"},"miss_distance":{"kilometers":"41228940"}}]},{"name":"(2014 FS32)","estimated_diameter":{"meters":{"estimated_diameter_min":12.7219878539,"estimated_diameter_max":28.4472296503}},"is_potentially_hazardous_asteroid":false,"close_approach_data":[{"close_approach_date":"2085-08-18","relative_velocity":{"kilometers_per_second":"6.0325084716"},"miss_distance":{"kilometers":"43871296"}}]},{"name":"499998 (2011 PT)","estimated_diameter":{"meters":{"estimated_diameter_min":44.1118199997,"estimated_diameter_max":98.6370281305}},"is_potentially_hazardous_asteroid":false,"close_approach_data":[{"close_approach_date":"2085-08-18","relative_velocity":{"kilometers_per_second":"10.6370564151"},"miss_distance":{"kilometers":"41230704"}}]}]