[{"name":"141531 (2002 GB)","estimated_diameter":{"meters":{"estimated_diameter_min":402.3045798343,"estimated_diameter_max":899.5803881691}},"is_potentially_hazardous_asteroid":false,"close_approach_data":[{"close_approach_date":"2085-03-31","relative_velocity":{"kilometers_per_second":"27.0456537536"},"miss_distance":{"kilometers":"65991972"}}]},{"name":"(2011 WL2)","estimated_diameter":{"meters":{"estimated_diameter_min":183.8886720703,"estimated_diameter_max":411.1875710413}},"is_potentially_hazardous_asteroid":true,"close_approach_data":[{"close_approach_date":"2085-03-31","relative_velocity":{"kilometers_per_second":"23.1322046341"},"miss_distance":{"kilometers":"64625760"}}]},{"name":"(2016 TZ56)","estimated_diameter":{"meters":{"estimated_diameter_min":402.3045798343,"estimated_diameter_max":899.5803881691}},"is_potentially_hazardous_asteroid":false,"close_approach_data":[{"close_approach_date":"2085-03-31","relative_velocity":{"kilometers_per_second":"29.3977381951"},"miss_distance":{"kilometers":"52590424"}}]}]