[{"name":"2100 Ra-Shalom (1978 RA)","estimated_diameter":{"meters":{"estimated_diameter_min":1638.9095149478,"estimated_diameter_max":3664.7130843945}},"is_potentially_hazardous_asteroid":false,"close_approach_data":[{"close_approach_date":"2085-09-03","relative_velocity":{"kilometers_per_second":"11.3282356291"},"miss_distance":{"kilometers":"28202282"}}]},{"name":"141527 (2002 FG7)","estimated_diameter":{"meters":{"estimated_diameter_min":441.1181999969,"estimated_diameter_max":986.3702813054}},"is_potentially_hazardous_asteroid":true,"close_approach_data":[{"close_approach_date":"2085-09-03","relative_velocity":{"kilometers_per_second":"18.8094912115"},"miss_distance":{"kilometers":"11909563"}}]},{"name":"163348 (2002 NN4)","estimated_diameter":{"meters":{"estimated_diameter_min":253.8370293645,"estimated_diameter_max":567.5968528656}},"is_potentially_hazardous_asteroid":true,"close_approach_data":[{"close_approach_date":"2085-09-03","relative_velocity":{"kilometers_per_second":"20.9327893046"},"miss_distance":{"kilometers":"46149776"}}]},{"name":"(2017 FM127)","estimated_diameter":{"meters":{"estimated_diameter_min":20.3589312876,"estimated_diameter_max":45.5239543082}},"is_potentially_hazardous_asteroid":false,"close_approach_data":[{"close_approach_date":"2085-09-03","relative_velocity":{"kilometers_per_second":"7.746940001"},"miss_distance":{"kilometers":"20169362"}}]},{"name":"(2017 VZ13)","estimated_diameter":{"meters":{"estimated_diameter_min":6.898504892,"estimated_diameter_max":15.4255258817}},"is_potentially_hazardous_asteroid":false,"close_approach_data":[{"close_approach_date":"2085-09-03","relative_velocity":{"kilometers_per_second":"11.0514255953"},"miss_distance":{"kilometers":"39350824"}}]}]