[{"name":"(2009 FY10)","estimated_diameter":{"meters":{"estimated_diameter_min":253.8370293645,"estimated_diameter_max":567.5968528656}},"is_potentially_hazardous_asteroid":false,"close_approach_data":[{"close_approach_date":"2085-03-24","relative_velocity":{"kilometers_per_second":"22.5590687246"},"miss_distance":{"kilometers":"60793992"}}]},{"name":"(2010 EH43)","estimated_diameter":{"meters":{"estimated_diameter_min":461.9074602816,"estimated_diameter_max":1032.8564805039}},"is_potentially_hazardous_asteroid":false,"close_approach_data":[{"close_approach_date":"2085-03-24","relative_velocity":{"kilometers_per_second":"19.8491491461"},"miss_distance":{"kilometers":"66041172"}}]},{"name":"477524 (2010 EH43)","estimated_diameter":{"meters":{"estimated_diameter_min":461.9074602816,"estimated_diameter_max":1032.8564805039}},"is_potentially_hazardous_asteroid":false,"close_approach_data":[{"close_approach_date":"2085-03-24","relative_velocity":{"kilometers_per_second":"19.8491990961"},"miss_distance":{"kilometers":"66042176"}}]},{"name":"(2017 FU90)","estimated_diameter":{"meters":{"estimated_diameter_min":23.5697500293,"estimated_diameter_max":52.7035632782}},"is_potentially_hazardous_asteroid":false,"close_approach_data":[{"close_approach_date":"2085-03-24","relative_velocity":{"kilometers_per_second":"16.0096971975"},"miss_distance":{"kilometers":"9943577"}}]}]