[{"name":"204232 (2004 DG2)","estimated_diameter":{"meters":{"estimated_diameter_min":555.334911581,"estimated_diameter_max":1241.766612574}},"is_potentially_hazardous_asteroid":false,"close_approach_data":[{"close_approach_date":"2085-04-01","relative_velocity":{"kilometers_per_second":"27.2855410793"},"miss_distance":{"kilometers":"57539424"}}]},{"name":"429094 (2009 SG2)","estimated_diameter":{"meters":{"estimated_diameter_min":253.8370293645,"estimated_diameter_max":567.5968528656}},"is_potentially_hazardous_asteroid":true,"close_approach_data":[{"close_approach_date":"2085-04-01","relative_velocity":{"kilometers_per_second":"13.8982924885"},"miss_distance":{"kilometers":"9879959"}}]}]