[{"name":"5381 Sekhmet (1991 JY)","estimated_diameter":{"meters":{"estimated_diameter_min":1272.1987853936,"estimated_diameter_max":2844.7229650327}},"is_potentially_hazardous_asteroid":false,"close_approach_data":[{"close_approach_date":"2085-05-26","relative_velocity":{"kilometers_per_second":"29.4291673809"},"miss_distance":{"kilometers":"62585108"}}]},{"name":"(2007 VL8)","estimated_diameter":{"meters":{"estimated_diameter_min":152.9519353442,"estimated_diameter_max":342.0109247198}},"is_potentially_hazardous_asteroid":false,"close_approach_data":[{"close_approach_date":"2085-05-26","relative_velocity":{"kilometers_per_second":"16.2880231363"},"miss_distance":{"kilometers":"61361304"}}]}]