[{"name":"310737 (2002 QG24)","estimated_diameter":{"meters":{"estimated_diameter_min":732.0739893473,"estimated_diameter_max":1636.96720474}},"is_potentially_hazardous_asteroid":false,"close_approach_data":[{"close_approach_date":"2085-05-14","relative_velocity":{"kilometers_per_second":"9.868462544"},"miss_distance":{"kilometers":"58926728"}}]},{"name":"(2016 RN41)","estimated_diameter":{"meters":{"estimated_diameter_min":1.6555983184,"estimated_diameter_max":3.7020303833}},"is_potentially_hazardous_asteroid":false,"close_approach_data":[{"close_approach_date":"2085-05-14","relative_velocity":{"kilometers_per_second":"12.3134783102"},"miss_distance":{"kilometers":"15717985"}}]}]