[{"name":"(2014 XU6)","estimated_diameter":{"meters":{"estimated_diameter_min":44.1118199997,"estimated_diameter_max":98.6370281305}},"is_potentially_hazardous_asteroid":false,"close_approach_data":[{"close_approach_date":"2085-12-17","relative_velocity":{"kilometers_per_second":"23.7683115449"},"miss_distance":{"kilometers":"55334920"}}]},{"name":"(2017 BQ93)","estimated_diameter":{"meters":{"estimated_diameter_min":253.8370293645,"estimated_diameter_max":567.5968528656}},"is_potentially_hazardous_asteroid":true,"close_approach_data":[{"close_approach_date":"2085-12-17","relative_velocity":{"kilometers_per_second":"30.2300632523"},"miss_distance":{"kilometers":"65354448"}}]}]