[{"name":"329520 (2002 SV)","estimated_diameter":{"meters":{"estimated_diameter_min":291.4439045349,"estimated_diameter_max":651.6883821679}},"is_potentially_hazardous_asteroid":false,"close_approach_data":[{"close_approach_date":"2085-05-13","relative_velocity":{"kilometers_per_second":"6.6371409916"},"miss_distance":{"kilometers":"66339972"}}]},{"name":"(2012 FD58)","estimated_diameter":{"meters":{"estimated_diameter_min":139.4938229344,"estimated_diameter_max":311.9176705226}},"is_potentially_hazardous_asteroid":false,"close_approach_data":[{"close_approach_date":"2085-05-13","relative_velocity":{"kilometers_per_second":"11.273325567"},"miss_distance":{"kilometers":"28862962"}}]},{"name":"(2013 KT1)","estimated_diameter":{"meters":{"estimated_diameter_min":12.7219878539,"estimated_diameter_max":28.4472296503}},"is_potentially_hazardous_asteroid":false,"close_approach_data":[{"close_approach_date":"2085-05-13","relative_velocity":{"kilometers_per_second":"17.1589056549"},"miss_distance":{"kilometers":"60671364"}}]},{"name":"(2015 TT238)","estimated_diameter":{"meters":{"estimated_diameter_min":33.4622374455,"estimated_diameter_max":74.8238376074}},"is_potentially_hazardous_asteroid":false,"close_approach_data":[{"close_approach_date":"2085-05-13","relative_velocity":{"kilometers_per_second":"12.232654014"},"miss_distance":{"kilometers":"54384420"}}]},{"name":"(2016 EZ26)","estimated_diameter":{"meters":{"estimated_diameter_min":80.2703167283,"estimated_diameter_max":179.4898847799}},"is_potentially_hazardous_asteroid":false,"close_approach_data":[{"close_approach_date":"2085-05-13","relative_velocity":{"kilometers_per_second":"7.8184875472"},"miss_distance":{"kilometers":"8702436"}}]},{"name":"(2015 XK351)","estimated_diameter":{"meters":{"estimated_diameter_min":221.0828103591,"estimated_diameter_max":494.3561926196}},"is_potentially_hazardous_asteroid":true,"close_approach_data":[{"close_approach_date":"2085-05-13","relative_velocity":{"kilometers_per_second":"14.2161686205"},"miss_distance":{"kilometers":"51672060"}}]},{"name":"(2017 FM127)","estimated_diameter":{"meters":{"estimated_diameter_min":20.3589312876,"estimated_diameter_max":45.5239543082}},"is_potentially_hazardous_asteroid":false,"close_approach_data":[{"close_approach_date":"2085-05-13","relative_velocity":{"kilometers_per_second":"5.7241252179"},"miss_distance":{"kilometers":"32717236"}}]}]