[{"name":"416032 (2002 EX11)","estimated_diameter":{"meters":{"estimated_diameter_min":183.8886720703,"estimated_diameter_max":411.1875710413}},"is_potentially_hazardous_asteroid":false,"close_approach_data":[{"close_approach_date":"2085-02-06","relative_velocity":{"kilometers_per_second":"8.8656975712"},"miss_distance":{"kilometers":"54027636"}}]},{"name":"(2002 SR)","estimated_diameter":{"meters":{"estimated_diameter_min":127.2198785394,"estimated_diameter_max":284.4722965033}},"is_potentially_hazardous_asteroid":false,"close_approach_data":[{"close_approach_date":"2085-02-06","relative_velocity":{"kilometers_per_second":"4.451876075"},"miss_distance":{"kilometers":"10223891"}}]},{"name":"(2008 BP16)","estimated_diameter":{"meters":{"estimated_diameter_min":121.4940407996,"estimated_diameter_max":271.6689340891}},"is_potentially_hazardous_asteroid":false,"close_approach_data":[{"close_approach_date":"2085-02-06","relative_velocity":{"kilometers_per_second":"33.6809891498"},"miss_distance":{"kilometers":"56548520"}}]},{"name":"488615 (2002 SR)","estimated_diameter":{"meters":{"estimated_diameter_min":127.2198785394,"estimated_diameter_max":284.4722965033}},"is_potentially_hazardous_asteroid":false,"close_approach_data":[{"close_approach_date":"2085-02-06","relative_velocity":{"kilometers_per_second":"4.4518758341"},"miss_distance":{"kilometers":"10223892"}}]}]