[{"name":"8035 (1992 TB)","estimated_diameter":{"meters":{"estimated_diameter_min":1010.5434154201,"estimated_diameter_max":2259.643771094}},"is_potentially_hazardous_asteroid":false,"close_approach_data":[{"close_approach_date":"2085-06-12","relative_velocity":{"kilometers_per_second":"19.0907175982"},"miss_distance":{"kilometers":"72768768"}}]},{"name":"29075 (1950 DA)","estimated_diameter":{"meters":{"estimated_diameter_min":1010.5434154201,"estimated_diameter_max":2259.643771094}},"is_potentially_hazardous_asteroid":true,"close_approach_data":[{"close_approach_date":"2085-06-12","relative_velocity":{"kilometers_per_second":"10.2838528138"},"miss_distance":{"kilometers":"34735900"}}]},{"name":"264308 (1999 NA5)","estimated_diameter":{"meters":{"estimated_diameter_min":231.5021222103,"estimated_diameter_max":517.6544821978}},"is_potentially_hazardous_asteroid":false,"close_approach_data":[{"close_approach_date":"2085-06-12","relative_velocity":{"kilometers_per_second":"15.1915995794"},"miss_distance":{"kilometers":"70772744"}}]},{"name":"333707 (2008 YT30)","estimated_diameter":{"meters":{"estimated_diameter_min":350.3926411083,"estimated_diameter_max":783.5017643338}},"is_potentially_hazardous_asteroid":false,"close_approach_data":[{"close_approach_date":"2085-06-12","relative_velocity":{"kilometers_per_second":"10.3504943357"},"miss_distance":{"kilometers":"15605519"}}]},{"name":"413563 (2005 TG45)","estimated_diameter":{"meters":{"estimated_diameter_min":802.7031672829,"estimated_diameter_max":1794.8988477988}},"is_potentially_hazardous_asteroid":false,"close_approach_data":[{"close_approach_date":"2085-06-12","relative_velocity":{"kilometers_per_second":"11.7444780275"},"miss_distance":{"kilometers":"55066236"}}]},{"name":"(2004 KG1)","estimated_diameter":{"meters":{"estimated_diameter_min":40.2304579834,"estimated_diameter_max":89.9580388169}},"is_potentially_hazardous_asteroid":false,"close_approach_data":[{"close_approach_date":"2085-06-12","relative_velocity":{"kilometers_per_second":"8.0140448718"},"miss_distance":{"kilometers":"20812014"}}]},{"name":"(2013 HP11)","estimated_diameter":{"meters":{"estimated_diameter_min":22.1082810359,"estimated_diameter_max":49.435619262}},"is_potentially_hazardous_asteroid":false,"close_approach_data":[{"close_approach_date":"2085-06-12","relative_velocity":{"kilometers_per_second":"11.5440249552"},"miss_distance":{"kilometers":"53574772"}}]},{"name":"(2015 NW9)","estimated_diameter":{"meters":{"estimated_diameter_min":211.1324447897,"estimated_diameter_max":472.1064988055}},"is_potentially_hazardous_asteroid":false,"close_approach_data":[{"close_approach_date":"2085-06-12","relative_velocity":{"kilometers_per_second":"14.369613412"},"miss_distance":{"kilometers":"72143192"}}]}]