[{"name":"(2001 SQ263)","estimated_diameter":{"meters":{"estimated_diameter_min":88.0146520901,"estimated_diameter_max":196.8067450894}},"is_potentially_hazardous_asteroid":false,"close_approach_data":[{"close_approach_date":"2085-11-17","relative_velocity":{"kilometers_per_second":"12.2033985437"},"miss_distance":{"kilometers":"63946536"}}]},{"name":"(2012 KF47)","estimated_diameter":{"meters":{"estimated_diameter_min":167.7084621628,"estimated_diameter_max":375.0075217981}},"is_potentially_hazardous_asteroid":false,"close_approach_data":[{"close_approach_date":"2085-11-17","relative_velocity":{"kilometers_per_second":"8.1059657576"},"miss_distance":{"kilometers":"41728896"}}]}]