[{"name":"(2005 HN3)","estimated_diameter":{"meters":{"estimated_diameter_min":152.9519353442,"estimated_diameter_max":342.0109247198}},"is_potentially_hazardous_asteroid":false,"close_approach_data":[{"close_approach_date":"2085-02-01","relative_velocity":{"kilometers_per_second":"9.075732951"},"miss_distance":{"kilometers":"50333860"}}]},{"name":"(2013 GD34)","estimated_diameter":{"meters":{"estimated_diameter_min":101.054341542,"estimated_diameter_max":225.9643771094}},"is_potentially_hazardous_asteroid":false,"close_approach_data":[{"close_approach_date":"2085-02-01","relative_velocity":{"kilometers_per_second":"1.9571608702"},"miss_distance":{"kilometers":"46628688"}}]},{"name":"(2015 XK1)","estimated_diameter":{"meters":{"estimated_diameter_min":265.8,"estimated_diameter_max":594.3468684194}},"is_potentially_hazardous_asteroid":false,"close_approach_data":[{"close_approach_date":"2085-02-01","relative_velocity":{"kilometers_per_second":"11.1784662078"},"miss_distance":{"kilometers":"27666316"}}]},{"name":"(2016 AK193)","estimated_diameter":{"meters":{"estimated_diameter_min":105.8168859331,"estimated_diameter_max":236.6137501138}},"is_potentially_hazardous_asteroid":false,"close_approach_data":[{"close_approach_date":"2085-02-01","relative_velocity":{"kilometers_per_second":"13.9881507281"},"miss_distance":{"kilometers":"20386724"}}]}]