[{"name":"152931 (2000 EA107)","estimated_diameter":{"meters":{"estimated_diameter_min":1677.0846216284,"estimated_diameter_max":3750.0752179805}},"is_potentially_hazardous_asteroid":false,"close_approach_data":[{"close_approach_date":"2085-12-07","relative_velocity":{"kilometers_per_second":"22.2340045536"},"miss_distance":{"kilometers":"34827500"}}]},{"name":"(2014 WE121)","estimated_diameter":{"meters":{"estimated_diameter_min":50.6471458835,"estimated_diameter_max":113.2504610618}},"is_potentially_hazardous_asteroid":false,"close_approach_data":[{"close_approach_date":"2085-12-07","relative_velocity":{"kilometers_per_second":"4.2847617886"},"miss_distance":{"kilometers":"17668026"}}]}]