[{"name":"175189 (2005 EC224)","estimated_diameter":{"meters":{"estimated_diameter_min":555.334911581,"estimated_diameter_max":1241.766612574}},"is_potentially_hazardous_asteroid":false,"close_approach_data":[{"close_approach_date":"2085-05-25","relative_velocity":{"kilometers_per_second":"1.759354864"},"miss_distance":{"kilometers":"41549940"}}]},{"name":"288592 (2004 JW20)","estimated_diameter":{"meters":{"estimated_diameter_min":211.1324447897,"estimated_diameter_max":472.1064988055}},"is_potentially_hazardous_asteroid":false,"close_approach_data":[{"close_approach_date":"2085-05-25","relative_velocity":{"kilometers_per_second":"13.8919454582"},"miss_distance":{"kilometers":"66232456"}}]},{"name":"(2009 OS5)","estimated_diameter":{"meters":{"estimated_diameter_min":33.4622374455,"estimated_diameter_max":74.8238376074}},"is_potentially_hazardous_asteroid":false,"close_approach_data":[{"close_approach_date":"2085-05-25","relative_velocity":{"kilometers_per_second":"5.1099593392"},"miss_distance":{"kilometers":"20587076"}}]}]