[{"name":"277617 (2006 BT7)","estimated_diameter":{"meters":{"estimated_diameter_min":581.5070396458,"estimated_diameter_max":1300.2892700427}},"is_potentially_hazardous_asteroid":false,"close_approach_data":[{"close_approach_date":"2085-08-11","relative_velocity":{"kilometers_per_second":"21.1566848371"},"miss_distance":{"kilometers":"61628848"}}]},{"name":"(2014 QX33)","estimated_diameter":{"meters":{"estimated_diameter_min":253.8370293645,"estimated_diameter_max":567.5968528656}},"is_potentially_hazardous_asteroid":false,"close_approach_data":[{"close_approach_date":"2085-08-11","relative_velocity":{"kilometers_per_second":"13.3252827093"},"miss_distance":{"kilometers":"48009080"}}]}]