[{"name":"401856 (2000 KW43)","estimated_diameter":{"meters":{"estimated_diameter_min":242.4124811008,"estimated_diameter_max":542.0507863358}},"is_potentially_hazardous_asteroid":true,"close_approach_data":[{"close_approach_date":"2085-11-18","relative_velocity":{"kilometers_per_second":"28.0458376009"},"miss_distance":{"kilometers":"61058524"}}]},{"name":"(2002 XP37)","estimated_diameter":{"meters":{"estimated_diameter_min":221.0828103591,"estimated_diameter_max":494.3561926196}},"is_potentially_hazardous_asteroid":false,"close_approach_data":[{"close_approach_date":"2085-11-18","relative_velocity":{"kilometers_per_second":"12.3197823258"},"miss_distance":{"kilometers":"61297812"}}]},{"name":"480922 (2002 XP37)","estimated_diameter":{"meters":{"estimated_diameter_min":211.1324447897,"estimated_diameter_max":472.1064988055}},"is_potentially_hazardous_asteroid":false,"close_approach_data":[{"close_approach_date":"2085-11-18","relative_velocity":{"kilometers_per_second":"12.319784413"},"miss_distance":{"kilometers":"61297796"}}]}]