[{"name":"(2014 HK129)","estimated_diameter":{"meters":{"estimated_diameter_min":160.1603379786,"estimated_diameter_max":358.1294030194}},"is_potentially_hazardous_asteroid":true,"close_approach_data":[{"close_approach_date":"2085-04-22","relative_velocity":{"kilometers_per_second":"17.6951975457"},"miss_distance":{"kilometers":"38881700"}}]},{"name":"(2007 RF2)","estimated_diameter":{"meters":{"estimated_diameter_min":192.5550781879,"estimated_diameter_max":430.566244241}},"is_potentially_hazardous_asteroid":true,"close_approach_data":[{"close_approach_date":"2085-04-22","relative_velocity":{"kilometers_per_second":"33.6055904647"},"miss_distance":{"kilometers":"69071000"}}]},{"name":"(2016 JH12)","estimated_diameter":{"meters":{"estimated_diameter_min":92.1626548503,"estimated_diameter_max":206.0819612321}},"is_potentially_hazardous_asteroid":false,"close_approach_data":[{"close_approach_date":"2085-04-22","relative_velocity":{"kilometers_per_second":"11.1209937091"},"miss_distance":{"kilometers":"35973236"}}]}]