[{"name":"3554 Amun (1986 EB)","estimated_diameter":{"meters":{"estimated_diameter_min":1822.0277059112,"estimated_diameter_max":4074.1778073054}},"is_potentially_hazardous_asteroid":false,"close_approach_data":[{"close_approach_date":"2085-09-24","relative_velocity":{"kilometers_per_second":"17.5460731772"},"miss_distance":{"kilometers":"45289404"}}]},{"name":"6239 Minos (1989 QF)","estimated_diameter":{"meters":{"estimated_diameter_min":530.3407233187,"estimated_diameter_max":1185.8779085771}},"is_potentially_hazardous_asteroid":true,"close_approach_data":[{"close_approach_date":"2085-09-24","relative_velocity":{"kilometers_per_second":"9.8038764664"},"miss_distance":{"kilometers":"70480816"}}]},{"name":"455148 (1994 UG)","estimated_diameter":{"meters":{"estimated_diameter_min":160.1603379786,"estimated_diameter_max":358.1294030194}},"is_potentially_hazardous_asteroid":true,"close_approach_data":[{"close_approach_date":"2085-09-24","relative_velocity":{"kilometers_per_second":"7.5766175046"},"miss_distance":{"kilometers":"64196956"}}]},{"name":"(2003 UO25)","estimated_diameter":{"meters":{"estimated_diameter_min":80.2703167283,"estimated_diameter_max":179.4898847799}},"is_potentially_hazardous_asteroid":false,"close_approach_data":[{"close_approach_date":"2085-09-24","relative_velocity":{"kilometers_per_second":"13.875979355"},"miss_distance":{"kilometers":"38251552"}}]},{"name":"(2012 EZ11)","estimated_diameter":{"meters":{"estimated_diameter_min":127.2198785394,"estimated_diameter_max":284.4722965033}},"is_potentially_hazardous_asteroid":false,"close_approach_data":[{"close_approach_date":"2085-09-24","relative_velocity":{"kilometers_per_second":"10.4207818444"},"miss_distance":{"kilometers":"63759768"}}]}]