[{"name":"215442 (2002 MQ3)","estimated_diameter":{"meters":{"estimated_diameter_min":530.3407233187,"estimated_diameter_max":1185.8779085771}},"is_potentially_hazardous_asteroid":false,"close_approach_data":[{"close_approach_date":"2085-02-13","relative_velocity":{"kilometers_per_second":"24.8102475275"},"miss_distance":{"kilometers":"63611016"}}]},{"name":"(2016 DM1)","estimated_diameter":{"meters":{"estimated_diameter_min":16.0160337979,"estimated_diameter_max":35.8129403019}},"is_potentially_hazardous_asteroid":false,"close_approach_data":[{"close_approach_date":"2085-02-13","relative_velocity":{"kilometers_per_second":"24.4143870107"},"miss_distance":{"kilometers":"48980708"}}]},{"name":"(2010 TX168)","estimated_diameter":{"meters":{"estimated_diameter_min":265.8,"estimated_diameter_max":594.3468684194}},"is_potentially_hazardous_asteroid":true,"close_approach_data":[{"close_approach_date":"2085-02-13","relative_velocity":{"kilometers_per_second":"14.6675084607"},"miss_distance":{"kilometers":"67849312"}}]}]