[{"name":"5693 (1993 EA)","estimated_diameter":{"meters":{"estimated_diameter_min":1214.9404079963,"estimated_diameter_max":2716.6893408911}},"is_potentially_hazardous_asteroid":true,"close_approach_data":[{"close_approach_date":"2085-09-19","relative_velocity":{"kilometers_per_second":"21.9830838418"},"miss_distance":{"kilometers":"71977248"}}]},{"name":"405212 (2003 QC10)","estimated_diameter":{"meters":{"estimated_diameter_min":637.6097898754,"estimated_diameter_max":1425.7388332807}},"is_potentially_hazardous_asteroid":true,"close_approach_data":[{"close_approach_date":"2085-09-19","relative_velocity":{"kilometers_per_second":"27.3260048807"},"miss_distance":{"kilometers":"16525109"}}]},{"name":"437841 (1998 HD14)","estimated_diameter":{"meters":{"estimated_diameter_min":160.1603379786,"estimated_diameter_max":358.1294030194}},"is_potentially_hazardous_asteroid":true,"close_approach_data":[{"close_approach_date":"2085-09-19","relative_velocity":{"kilometers_per_second":"6.1697889056"},"miss_distance":{"kilometers":"28925964"}}]},{"name":"(2017 BN123)","estimated_diameter":{"meters":{"estimated_diameter_min":84.0533402073,"estimated_diameter_max":187.9489824394}},"is_potentially_hazardous_asteroid":false,"close_approach_data":[{"close_approach_date":"2085-09-19","relative_velocity":{"kilometers_per_second":"21.3404476251"},"miss_distance":{"kilometers":"64541304"}}]},{"name":"(2014 KV76)","estimated_diameter":{"meters":{"estimated_diameter_min":167.7084621628,"estimated_diameter_max":375.0075217981}},"is_potentially_hazardous_asteroid":false,"close_approach_data":[{"close_approach_date":"2085-09-19","relative_velocity":{"kilometers_per_second":"16.2207942143"},"miss_distance":{"kilometers":"67934960"}}]},{"name":"(2017 FP101)","estimated_diameter":{"meters":{"estimated_diameter_min":28.8638976985,"estimated_diameter_max":64.5416373494}},"is_potentially_hazardous_asteroid":false,"close_approach_data":[{"close_approach_date":"2085-09-19","relative_velocity":{"kilometers_per_second":"3.6437966274"},"miss_distance":{"kilometers":"23362598"}}]}]