[{"name":"3671 Dionysus (1984 KD)","estimated_diameter":{"meters":{"estimated_diameter_min":1332.1556669813,"estimated_diameter_max":2978.7906279817}},"is_potentially_hazardous_asteroid":true,"close_approach_data":[{"close_approach_date":"2085-06-18","relative_velocity":{"kilometers_per_second":"11.0422521706"},"miss_distance":{"kilometers":"4188320.25"}}]},{"name":"(2010 XD25)","estimated_diameter":{"meters":{"estimated_diameter_min":192.5550781879,"estimated_diameter_max":430.566244241}},"is_potentially_hazardous_asteroid":false,"close_approach_data":[{"close_approach_date":"2085-06-18","relative_velocity":{"kilometers_per_second":"20.6079119164"},"miss_distance":{"kilometers":"8956598"}}]},{"name":"(2013 YM70)","estimated_diameter":{"meters":{"estimated_diameter_min":211.1324447897,"estimated_diameter_max":472.1064988055}},"is_potentially_hazardous_asteroid":false,"close_approach_data":[{"close_approach_date":"2085-06-18","relative_velocity":{"kilometers_per_second":"9.8129087925"},"miss_distance":{"kilometers":"64094448"}}]},{"name":"(1997 AC11)","estimated_diameter":{"meters":{"estimated_diameter_min":211.1324447897,"estimated_diameter_max":472.1064988055}},"is_potentially_hazardous_asteroid":false,"close_approach_data":[{"close_approach_date":"2085-06-18","relative_velocity":{"kilometers_per_second":"24.1574549896"},"miss_distance":{"kilometers":"72740712"}}]},{"name":"(2017 XE2)","estimated_diameter":{"meters":{"estimated_diameter_min":23.3859478352,"estimated_diameter_max":52.2925690777}},"is_potentially_hazardous_asteroid":false,"close_approach_data":[{"close_approach_date":"2085-06-18","relative_velocity":{"kilometers_per_second":"9.594884451"},"miss_distance":{"kilometers":"37300672"}}]}]