[{"name":"6047 (1991 TB1)","estimated_diameter":{"meters":{"estimated_diameter_min":732.0739893473,"estimated_diameter_max":1636.96720474}},"is_potentially_hazardous_asteroid":false,"close_approach_data":[{"close_approach_date":"2085-03-16","relative_velocity":{"kilometers_per_second":"12.0910289266"},"miss_distance":{"kilometers":"43136880"}}]},{"name":"385423 (2003 DE6)","estimated_diameter":{"meters":{"estimated_diameter_min":384.1978910643,"estimated_diameter_max":859.0926012318}},"is_potentially_hazardous_asteroid":false,"close_approach_data":[{"close_approach_date":"2085-03-16","relative_velocity":{"kilometers_per_second":"11.9765115188"},"miss_distance":{"kilometers":"51436040"}}]},{"name":"(2015 FN118)","estimated_diameter":{"meters":{"estimated_diameter_min":242.4124811008,"estimated_diameter_max":542.0507863358}},"is_potentially_hazardous_asteroid":true,"close_approach_data":[{"close_approach_date":"2085-03-16","relative_velocity":{"kilometers_per_second":"21.8532166746"},"miss_distance":{"kilometers":"40163376"}}]}]