[{"name":"392704 (2012 AE1)","estimated_diameter":{"meters":{"estimated_diameter_min":421.2646105562,"estimated_diameter_max":941.9763057186}},"is_potentially_hazardous_asteroid":false,"close_approach_data":[{"close_approach_date":"2085-12-05","relative_velocity":{"kilometers_per_second":"12.7656605969"},"miss_distance":{"kilometers":"22001886"}}]},{"name":"438430 (2006 WL3)","estimated_diameter":{"meters":{"estimated_diameter_min":265.8,"estimated_diameter_max":594.3468684194}},"is_potentially_hazardous_asteroid":false,"close_approach_data":[{"close_approach_date":"2085-12-05","relative_velocity":{"kilometers_per_second":"10.5088038737"},"miss_distance":{"kilometers":"62370812"}}]},{"name":"448628 (2010 VF1)","estimated_diameter":{"meters":{"estimated_diameter_min":221.0828103591,"estimated_diameter_max":494.3561926196}},"is_potentially_hazardous_asteroid":false,"close_approach_data":[{"close_approach_date":"2085-12-05","relative_velocity":{"kilometers_per_second":"17.0903884882"},"miss_distance":{"kilometers":"49371196"}}]},{"name":"(2015 WZ12)","estimated_diameter":{"meters":{"estimated_diameter_min":14.6067964271,"estimated_diameter_max":32.6617897446}},"is_potentially_hazardous_asteroid":false,"close_approach_data":[{"close_approach_date":"2085-12-05","relative_velocity":{"kilometers_per_second":"21.8512789816"},"miss_distance":{"kilometers":"58063504"}}]}]