[{"name":"(2011 PT)","estimated_diameter":{"meters":{"estimated_diameter_min":44.1118199997,"estimated_diameter_max":98.6370281305}},"is_potentially_hazardous_asteroid":false,"close_approach_data":[{"close_approach_date":"2085-12-20","relative_velocity":{"kilometers_per_second":"3.4914731962"},"miss_distance":{"kilometers":"44283972"}}]},{"name":"(2014 WG365)","estimated_diameter":{"meters":{"estimated_diameter_min":278.3267680719,"estimated_diameter_max":622.3575733667}},"is_potentially_hazardous_asteroid":true,"close_approach_data":[{"close_approach_date":"2085-12-20","relative_velocity":{"kilometers_per_second":"20.7787977528"},"miss_distance":{"kilometers":"55849172"}}]},{"name":"(2016 TH56)","estimated_diameter":{"meters":{"estimated_diameter_min":88.0146520901,"estimated_diameter_max":196.8067450894}},"is_potentially_hazardous_asteroid":false,"close_approach_data":[{"close_approach_date":"2085-12-20","relative_velocity":{"kilometers_per_second":"13.1461381625"},"miss_distance":{"kilometers":"63658684"}}]},{"name":"499998 (2011 PT)","estimated_diameter":{"meters":{"estimated_diameter_min":44.1118199997,"estimated_diameter_max":98.6370281305}},"is_potentially_hazardous_asteroid":false,"close_approach_data":[{"close_approach_date":"2085-12-20","relative_velocity":{"kilometers_per_second":"3.491652238"},"miss_distance":{"kilometers":"44285068"}}]}]