[{"name":"343158 (2009 HC82)","estimated_diameter":{"meters":{"estimated_diameter_min":1529.5193534422,"estimated_diameter_max":3420.1092471982}},"is_potentially_hazardous_asteroid":false,"close_approach_data":[{"close_approach_date":"2085-01-02","relative_velocity":{"kilometers_per_second":"60.1880251"},"miss_distance":{"kilometers":"27438272"}}]},{"name":"(2001 XX4)","estimated_diameter":{"meters":{"estimated_diameter_min":101.054341542,"estimated_diameter_max":225.9643771094}},"is_potentially_hazardous_asteroid":true,"close_approach_data":[{"close_approach_date":"2085-01-02","relative_velocity":{"kilometers_per_second":"13.0336267383"},"miss_distance":{"kilometers":"69208104"}}]},{"name":"(2012 DO8)","estimated_diameter":{"meters":{"estimated_diameter_min":88.0146520901,"estimated_diameter_max":196.8067450894}},"is_potentially_hazardous_asteroid":false,"close_approach_data":[{"close_approach_date":"2085-01-02","relative_velocity":{"kilometers_per_second":"7.9401969164"},"miss_distance":{"kilometers":"20934802"}}]},{"name":"(2014 NE52)","estimated_diameter":{"meters":{"estimated_diameter_min":667.6594134952,"estimated_diameter_max":1492.931834393}},"is_potentially_hazardous_asteroid":true,"close_approach_data":[{"close_approach_date":"2085-01-02","relative_velocity":{"kilometers_per_second":"20.6016786001"},"miss_distance":{"kilometers":"28533708"}}]}]