[{"name":"(2013 TT5)","estimated_diameter":{"meters":{"estimated_diameter_min":14.6067964271,"estimated_diameter_max":32.6617897446}},"is_potentially_hazardous_asteroid":false,"close_approach_data":[{"close_approach_date":"2085-10-07","relative_velocity":{"kilometers_per_second":"8.3350517942"},"miss_distance":{"kilometers":"27704096"}}]},{"name":"(2007 TR68)","estimated_diameter":{"meters":{"estimated_diameter_min":17.561231848,"estimated_diameter_max":39.2681081809}},"is_potentially_hazardous_asteroid":false,"close_approach_data":[{"close_approach_date":"2085-10-07","relative_velocity":{"kilometers_per_second":"22.1030060946"},"miss_distance":{"kilometers":"72757768"}}]}]