[{"name":"(2000 WL63)","estimated_diameter":{"meters":{"estimated_diameter_min":278.3267680719,"estimated_diameter_max":622.3575733667}},"is_potentially_hazardous_asteroid":false,"close_approach_data":[{"close_approach_date":"2085-05-21","relative_velocity":{"kilometers_per_second":"9.6653424151"},"miss_distance":{"kilometers":"56276960"}}]},{"name":"(2005 UM5)","estimated_diameter":{"meters":{"estimated_diameter_min":211.1324447897,"estimated_diameter_max":472.1064988055}},"is_potentially_hazardous_asteroid":false,"close_approach_data":[{"close_approach_date":"2085-05-21","relative_velocity":{"kilometers_per_second":"20.3820898298"},"miss_distance":{"kilometers":"69162464"}}]},{"name":"(2006 FK)","estimated_diameter":{"meters":{"estimated_diameter_min":152.9519353442,"estimated_diameter_max":342.0109247198}},"is_potentially_hazardous_asteroid":false,"close_approach_data":[{"close_approach_date":"2085-05-21","relative_velocity":{"kilometers_per_second":"18.573202234"},"miss_distance":{"kilometers":"52830872"}}]},{"name":"(2008 JP)","estimated_diameter":{"meters":{"estimated_diameter_min":183.8886720703,"estimated_diameter_max":411.1875710413}},"is_potentially_hazardous_asteroid":false,"close_approach_data":[{"close_approach_date":"2085-05-21","relative_velocity":{"kilometers_per_second":"17.6550036459"},"miss_distance":{"kilometers":"32588284"}}]},{"name":"(2016 XH1)","estimated_diameter":{"meters":{"estimated_diameter_min":221.0828103591,"estimated_diameter_max":494.3561926196}},"is_potentially_hazardous_asteroid":false,"close_approach_data":[{"close_approach_date":"2085-05-21","relative_velocity":{"kilometers_per_second":"16.4786968112"},"miss_distance":{"kilometers":"71305016"}}]}]