[{"name":"445305 (2010 DM56)","estimated_diameter":{"meters":{"estimated_diameter_min":278.3267680719,"estimated_diameter_max":622.3575733667}},"is_potentially_hazardous_asteroid":true,"close_approach_data":[{"close_approach_date":"2085-10-21","relative_velocity":{"kilometers_per_second":"16.4521944506"},"miss_distance":{"kilometers":"69781920"}}]},{"name":"(2004 UT1)","estimated_diameter":{"meters":{"estimated_diameter_min":12.7219878539,"estimated_diameter_max":28.4472296503}},"is_potentially_hazardous_asteroid":false,"close_approach_data":[{"close_approach_date":"2085-10-21","relative_velocity":{"kilometers_per_second":"13.2569069737"},"miss_distance":{"kilometers":"34171944"}}]},{"name":"(2013 UG1)","estimated_diameter":{"meters":{"estimated_diameter_min":88.0146520901,"estimated_diameter_max":196.8067450894}},"is_potentially_hazardous_asteroid":false,"close_approach_data":[{"close_approach_date":"2085-10-21","relative_velocity":{"kilometers_per_second":"20.4237359931"},"miss_distance":{"kilometers":"30397166"}}]},{"name":"(2016 BD1)","estimated_diameter":{"meters":{"estimated_diameter_min":152.9519353442,"estimated_diameter_max":342.0109247198}},"is_potentially_hazardous_asteroid":false,"close_approach_data":[{"close_approach_date":"2085-10-21","relative_velocity":{"kilometers_per_second":"3.6089473722"},"miss_distance":{"kilometers":"39047752"}}]}]