[{"name":"416217 (2002 VD118)","estimated_diameter":{"meters":{"estimated_diameter_min":211.1324447897,"estimated_diameter_max":472.1064988055}},"is_potentially_hazardous_asteroid":false,"close_approach_data":[{"close_approach_date":"2085-03-09","relative_velocity":{"kilometers_per_second":"6.3277410292"},"miss_distance":{"kilometers":"58237732"}}]},{"name":"423022 (2003 TJ2)","estimated_diameter":{"meters":{"estimated_diameter_min":441.1181999969,"estimated_diameter_max":986.3702813054}},"is_potentially_hazardous_asteroid":false,"close_approach_data":[{"close_approach_date":"2085-03-09","relative_velocity":{"kilometers_per_second":"28.8673507955"},"miss_distance":{"kilometers":"69105624"}}]},{"name":"(2016 AN165)","estimated_diameter":{"meters":{"estimated_diameter_min":7.6657557353,"estimated_diameter_max":17.1411509231}},"is_potentially_hazardous_asteroid":false,"close_approach_data":[{"close_approach_date":"2085-03-09","relative_velocity":{"kilometers_per_second":"8.8644406527"},"miss_distance":{"kilometers":"71608544"}}]},{"name":"(2016 GL135)","estimated_diameter":{"meters":{"estimated_diameter_min":192.5550781879,"estimated_diameter_max":430.566244241}},"is_potentially_hazardous_asteroid":false,"close_approach_data":[{"close_approach_date":"2085-03-09","relative_velocity":{"kilometers_per_second":"26.2006044667"},"miss_distance":{"kilometers":"63542552"}}]}]