[{"name":"414286 (2008 OC6)","estimated_diameter":{"meters":{"estimated_diameter_min":506.4714588346,"estimated_diameter_max":1132.5046106177}},"is_potentially_hazardous_asteroid":true,"close_approach_data":[{"close_approach_date":"2085-09-21","relative_velocity":{"kilometers_per_second":"11.3844666809"},"miss_distance":{"kilometers":"13026885"}}]},{"name":"(2017 RB16)","estimated_diameter":{"meters":{"estimated_diameter_min":19.4964246947,"estimated_diameter_max":43.5953309355}},"is_potentially_hazardous_asteroid":false,"close_approach_data":[{"close_approach_date":"2085-09-21","relative_velocity":{"kilometers_per_second":"13.1074243834"},"miss_distance":{"kilometers":"19733112"}}]}]