[{"name":"297300 (1998 SC15)","estimated_diameter":{"meters":{"estimated_diameter_min":384.1978910643,"estimated_diameter_max":859.0926012318}},"is_potentially_hazardous_asteroid":true,"close_approach_data":[{"close_approach_date":"2085-03-29","relative_velocity":{"kilometers_per_second":"11.0630033949"},"miss_distance":{"kilometers":"21768830"}}]},{"name":"(2002 GQ5)","estimated_diameter":{"meters":{"estimated_diameter_min":192.5550781879,"estimated_diameter_max":430.566244241}},"is_potentially_hazardous_asteroid":false,"close_approach_data":[{"close_approach_date":"2085-03-29","relative_velocity":{"kilometers_per_second":"19.8211275367"},"miss_distance":{"kilometers":"30708616"}}]},{"name":"(2002 LY1)","estimated_diameter":{"meters":{"estimated_diameter_min":92.1626548503,"estimated_diameter_max":206.0819612321}},"is_potentially_hazardous_asteroid":false,"close_approach_data":[{"close_approach_date":"2085-03-29","relative_velocity":{"kilometers_per_second":"9.1731461473"},"miss_distance":{"kilometers":"46050932"}}]},{"name":"(2007 AA9)","estimated_diameter":{"meters":{"estimated_diameter_min":88.0146520901,"estimated_diameter_max":196.8067450894}},"is_potentially_hazardous_asteroid":false,"close_approach_data":[{"close_approach_date":"2085-03-29","relative_velocity":{"kilometers_per_second":"9.1657484329"},"miss_distance":{"kilometers":"25123474"}}]},{"name":"(2011 EL51)","estimated_diameter":{"meters":{"estimated_diameter_min":110.8038821264,"estimated_diameter_max":247.7650126055}},"is_potentially_hazardous_asteroid":true,"close_approach_data":[{"close_approach_date":"2085-03-29","relative_velocity":{"kilometers_per_second":"16.792927106"},"miss_distance":{"kilometers":"14713152"}}]}]