[{"name":"(2011 UD21)","estimated_diameter":{"meters":{"estimated_diameter_min":5.3034072332,"estimated_diameter_max":11.8587790858}},"is_potentially_hazardous_asteroid":false,"close_approach_data":[{"close_approach_date":"2085-01-15","relative_velocity":{"kilometers_per_second":"15.476553228"},"miss_distance":{"kilometers":"69781640"}}]},{"name":"(2016 MK1)","estimated_diameter":{"meters":{"estimated_diameter_min":384.1978910643,"estimated_diameter_max":859.0926012318}},"is_potentially_hazardous_asteroid":true,"close_approach_data":[{"close_approach_date":"2085-01-15","relative_velocity":{"kilometers_per_second":"18.6600008815"},"miss_distance":{"kilometers":"70313744"}}]},{"name":"(2017 DS37)","estimated_diameter":{"meters":{"estimated_diameter_min":9.216265485,"estimated_diameter_max":20.6081961232}},"is_potentially_hazardous_asteroid":false,"close_approach_data":[{"close_approach_date":"2085-01-15","relative_velocity":{"kilometers_per_second":"4.5119279597"},"miss_distance":{"kilometers":"18205204"}}]}]