[{"name":"432655 (2010 XL69)","estimated_diameter":{"meters":{"estimated_diameter_min":291.4439045349,"estimated_diameter_max":651.6883821679}},"is_potentially_hazardous_asteroid":false,"close_approach_data":[{"close_approach_date":"2085-04-04","relative_velocity":{"kilometers_per_second":"1.3733032465"},"miss_distance":{"kilometers":"50852684"}}]},{"name":"(2011 WA)","estimated_diameter":{"meters":{"estimated_diameter_min":127.2198785394,"estimated_diameter_max":284.4722965033}},"is_potentially_hazardous_asteroid":false,"close_approach_data":[{"close_approach_date":"2085-04-04","relative_velocity":{"kilometers_per_second":"21.1321761705"},"miss_distance":{"kilometers":"61464368"}}]}]