[{"name":"(2010 GE30)","estimated_diameter":{"meters":{"estimated_diameter_min":48.3676488219,"estimated_diameter_max":108.1533506775}},"is_potentially_hazardous_asteroid":false,"close_approach_data":[{"close_approach_date":"2085-02-02","relative_velocity":{"kilometers_per_second":"3.2450407327"},"miss_distance":{"kilometers":"65128912"}}]},{"name":"(2012 YD7)","estimated_diameter":{"meters":{"estimated_diameter_min":36.6906137531,"estimated_diameter_max":82.0427064882}},"is_potentially_hazardous_asteroid":false,"close_approach_data":[{"close_approach_date":"2085-02-02","relative_velocity":{"kilometers_per_second":"5.056178822"},"miss_distance":{"kilometers":"8851274"}}]},{"name":"(2017 BZ6)","estimated_diameter":{"meters":{"estimated_diameter_min":16.0160337979,"estimated_diameter_max":35.8129403019}},"is_potentially_hazardous_asteroid":false,"close_approach_data":[{"close_approach_date":"2085-02-02","relative_velocity":{"kilometers_per_second":"3.0865118344"},"miss_distance":{"kilometers":"12561477"}}]}]