[{"name":"333707 (2008 YT30)","estimated_diameter":{"meters":{"estimated_diameter_min":350.3926411083,"estimated_diameter_max":783.5017643338}},"is_potentially_hazardous_asteroid":false,"close_approach_data":[{"close_approach_date":"2085-02-21","relative_velocity":{"kilometers_per_second":"6.7471184175"},"miss_distance":{"kilometers":"54374160"}}]},{"name":"(2010 EJ43)","estimated_diameter":{"meters":{"estimated_diameter_min":167.7084621628,"estimated_diameter_max":375.0075217981}},"is_potentially_hazardous_asteroid":false,"close_approach_data":[{"close_approach_date":"2085-02-21","relative_velocity":{"kilometers_per_second":"15.7071759015"},"miss_distance":{"kilometers":"16685211"}}]},{"name":"(2015 VO66)","estimated_diameter":{"meters":{"estimated_diameter_min":201.6299194428,"estimated_diameter_max":450.8582061718}},"is_potentially_hazardous_asteroid":true,"close_approach_data":[{"close_approach_date":"2085-02-21","relative_velocity":{"kilometers_per_second":"12.7819510004"},"miss_distance":{"kilometers":"55900288"}}]},{"name":"(2015 XN55)","estimated_diameter":{"meters":{"estimated_diameter_min":9.6506146958,"estimated_diameter_max":21.5794304844}},"is_potentially_hazardous_asteroid":false,"close_approach_data":[{"close_approach_date":"2085-02-21","relative_velocity":{"kilometers_per_second":"4.8743311763"},"miss_distance":{"kilometers":"14097356"}}]},{"name":"(2016 CY31)","estimated_diameter":{"meters":{"estimated_diameter_min":38.4197891064,"estimated_diameter_max":85.9092601232}},"is_potentially_hazardous_asteroid":false,"close_approach_data":[{"close_approach_date":"2085-02-21","relative_velocity":{"kilometers_per_second":"14.0044128713"},"miss_distance":{"kilometers":"60515084"}}]}]