[{"name":"138893 (2000 YH66)","estimated_diameter":{"meters":{"estimated_diameter_min":637.6097898754,"estimated_diameter_max":1425.7388332807}},"is_potentially_hazardous_asteroid":false,"close_approach_data":[{"close_approach_date":"2085-01-01","relative_velocity":{"kilometers_per_second":"37.4843896175"},"miss_distance":{"kilometers":"59873308"}}]},{"name":"(2011 YD29)","estimated_diameter":{"meters":{"estimated_diameter_min":14.6067964271,"estimated_diameter_max":32.6617897446}},"is_potentially_hazardous_asteroid":false,"close_approach_data":[{"close_approach_date":"2085-01-01","relative_velocity":{"kilometers_per_second":"6.5356848353"},"miss_distance":{"kilometers":"2561597.75"}}]},{"name":"(2013 AS27)","estimated_diameter":{"meters":{"estimated_diameter_min":139.4938229344,"estimated_diameter_max":311.9176705226}},"is_potentially_hazardous_asteroid":true,"close_approach_data":[{"close_approach_date":"2085-01-01","relative_velocity":{"kilometers_per_second":"17.900267663"},"miss_distance":{"kilometers":"18910664"}}]}]