[{"name":"(2014 KB91)","estimated_diameter":{"meters":{"estimated_diameter_min":242.4124811008,"estimated_diameter_max":542.0507863358}},"is_potentially_hazardous_asteroid":true,"close_approach_data":[{"close_approach_date":"2085-10-09","relative_velocity":{"kilometers_per_second":"14.8863749367"},"miss_distance":{"kilometers":"25451360"}}]},{"name":"(2015 RV36)","estimated_diameter":{"meters":{"estimated_diameter_min":63.7609789875,"estimated_diameter_max":142.5738833281}},"is_potentially_hazardous_asteroid":false,"close_approach_data":[{"close_approach_date":"2085-10-09","relative_velocity":{"kilometers_per_second":"10.578187732"},"miss_distance":{"kilometers":"42401892"}}]}]