[{"name":"(2009 VN1)","estimated_diameter":{"meters":{"estimated_diameter_min":38.4197891064,"estimated_diameter_max":85.9092601232}},"is_potentially_hazardous_asteroid":false,"close_approach_data":[{"close_approach_date":"2085-11-21","relative_velocity":{"kilometers_per_second":"12.2481108077"},"miss_distance":{"kilometers":"40076200"}}]},{"name":"(2013 UG5)","estimated_diameter":{"meters":{"estimated_diameter_min":231.5021222103,"estimated_diameter_max":517.6544821978}},"is_potentially_hazardous_asteroid":false,"close_approach_data":[{"close_approach_date":"2085-11-21","relative_velocity":{"kilometers_per_second":"13.0966062395"},"miss_distance":{"kilometers":"46161044"}}]},{"name":"(2014 UG57)","estimated_diameter":{"meters":{"estimated_diameter_min":69.9125232246,"estimated_diameter_max":156.3291544087}},"is_potentially_hazardous_asteroid":false,"close_approach_data":[{"close_approach_date":"2085-11-21","relative_velocity":{"kilometers_per_second":"6.1995694529"},"miss_distance":{"kilometers":"26527630"}}]}]