[{"name":"(1998 KF3)","estimated_diameter":{"meters":{"estimated_diameter_min":441.1181999969,"estimated_diameter_max":986.3702813054}},"is_potentially_hazardous_asteroid":false,"close_approach_data":[{"close_approach_date":"2085-05-01","relative_velocity":{"kilometers_per_second":"14.3486214541"},"miss_distance":{"kilometers":"61693048"}}]},{"name":"(1998 WP7)","estimated_diameter":{"meters":{"estimated_diameter_min":291.4439045349,"estimated_diameter_max":651.6883821679}},"is_potentially_hazardous_asteroid":false,"close_approach_data":[{"close_approach_date":"2085-05-01","relative_velocity":{"kilometers_per_second":"16.8304467407"},"miss_distance":{"kilometers":"19053046"}}]},{"name":"(2008 LG2)","estimated_diameter":{"meters":{"estimated_diameter_min":24.2412481101,"estimated_diameter_max":54.2050786336}},"is_potentially_hazardous_asteroid":false,"close_approach_data":[{"close_approach_date":"2085-05-01","relative_velocity":{"kilometers_per_second":"20.091107343"},"miss_distance":{"kilometers":"73673552"}}]},{"name":"(2017 JB2)","estimated_diameter":{"meters":{"estimated_diameter_min":4.075256761,"estimated_diameter_max":9.1125511434}},"is_potentially_hazardous_asteroid":false,"close_approach_data":[{"close_approach_date":"2085-05-01","relative_velocity":{"kilometers_per_second":"3.0089670668"},"miss_distance":{"kilometers":"880847"}}]}]