[{"name":"52750 (1998 KK17)","estimated_diameter":{"meters":{"estimated_diameter_min":1332.1556669813,"estimated_diameter_max":2978.7906279817}},"is_potentially_hazardous_asteroid":false,"close_approach_data":[{"close_approach_date":"2085-02-08","relative_velocity":{"kilometers_per_second":"15.1388246118"},"miss_distance":{"kilometers":"43075080"}}]},{"name":"264308 (1999 NA5)","estimated_diameter":{"meters":{"estimated_diameter_min":231.5021222103,"estimated_diameter_max":517.6544821978}},"is_potentially_hazardous_asteroid":false,"close_approach_data":[{"close_approach_date":"2085-02-08","relative_velocity":{"kilometers_per_second":"4.844193259"},"miss_distance":{"kilometers":"62210400"}}]},{"name":"(2007 RU9)","estimated_diameter":{"meters":{"estimated_diameter_min":183.8886720703,"estimated_diameter_max":411.1875710413}},"is_potentially_hazardous_asteroid":true,"close_approach_data":[{"close_approach_date":"2085-02-08","relative_velocity":{"kilometers_per_second":"12.4458506186"},"miss_distance":{"kilometers":"28666722"}}]},{"name":"(2009 QL8)","estimated_diameter":{"meters":{"estimated_diameter_min":334.6223744549,"estimated_diameter_max":748.2383760735}},"is_potentially_hazardous_asteroid":true,"close_approach_data":[{"close_approach_date":"2085-02-08","relative_velocity":{"kilometers_per_second":"23.7642078023"},"miss_distance":{"kilometers":"63442240"}}]},{"name":"(2017 BE29)","estimated_diameter":{"meters":{"estimated_diameter_min":146.0679642714,"estimated_diameter_max":326.6178974458}},"is_potentially_hazardous_asteroid":false,"close_approach_data":[{"close_approach_date":"2085-02-08","relative_velocity":{"kilometers_per_second":"8.4010554103"},"miss_distance":{"kilometers":"53762532"}}]},{"name":"(2014 WO371)","estimated_diameter":{"meters":{"estimated_diameter_min":88.0146520901,"estimated_diameter_max":196.8067450894}},"is_potentially_hazardous_asteroid":false,"close_approach_data":[{"close_approach_date":"2085-02-08","relative_velocity":{"kilometers_per_second":"8.441002526"},"miss_distance":{"kilometers":"39622648"}}]}]