[{"name":"138947 (2001 BA40)","estimated_diameter":{"meters":{"estimated_diameter_min":483.6764882185,"estimated_diameter_max":1081.533506775}},"is_potentially_hazardous_asteroid":false,"close_approach_data":[{"close_approach_date":"2085-11-05","relative_velocity":{"kilometers_per_second":"8.0782131116"},"miss_distance":{"kilometers":"51562216"}}]},{"name":"301011 (2008 JO)","estimated_diameter":{"meters":{"estimated_diameter_min":555.334911581,"estimated_diameter_max":1241.766612574}},"is_potentially_hazardous_asteroid":false,"close_approach_data":[{"close_approach_date":"2085-11-05","relative_velocity":{"kilometers_per_second":"11.8406961805"},"miss_distance":{"kilometers":"22132140"}}]},{"name":"(2004 TP20)","estimated_diameter":{"meters":{"estimated_diameter_min":278.3267680719,"estimated_diameter_max":622.3575733667}},"is_potentially_hazardous_asteroid":false,"close_approach_data":[{"close_approach_date":"2085-11-05","relative_velocity":{"kilometers_per_second":"15.0196510182"},"miss_distance":{"kilometers":"19097698"}}]},{"name":"(2010 TM3)","estimated_diameter":{"meters":{"estimated_diameter_min":201.6299194428,"estimated_diameter_max":450.8582061718}},"is_potentially_hazardous_asteroid":false,"close_approach_data":[{"close_approach_date":"2085-11-05","relative_velocity":{"kilometers_per_second":"4.7275628919"},"miss_distance":{"kilometers":"20333212"}}]},{"name":"468481 (2004 TP20)","estimated_diameter":{"meters":{"estimated_diameter_min":278.3267680719,"estimated_diameter_max":622.3575733667}},"is_potentially_hazardous_asteroid":false,"close_approach_data":[{"close_approach_date":"2085-11-05","relative_velocity":{"kilometers_per_second":"15.019629355"},"miss_distance":{"kilometers":"19097796"}}]},{"name":"(2007 JY2)","estimated_diameter":{"meters":{"estimated_diameter_min":121.4940407996,"estimated_diameter_max":271.6689340891}},"is_potentially_hazardous_asteroid":true,"close_approach_data":[{"close_approach_date":"2085-11-05","relative_velocity":{"kilometers_per_second":"17.3199367504"},"miss_distance":{"kilometers":"8520960"}}]}]