[{"name":"(2011 JR13)","estimated_diameter":{"meters":{"estimated_diameter_min":334.6223744549,"estimated_diameter_max":748.2383760735}},"is_potentially_hazardous_asteroid":true,"close_approach_data":[{"close_approach_date":"2085-05-30","relative_velocity":{"kilometers_per_second":"17.8549000086"},"miss_distance":{"kilometers":"60086572"}}]},{"name":"(2013 JR28)","estimated_diameter":{"meters":{"estimated_diameter_min":127.2198785394,"estimated_diameter_max":284.4722965033}},"is_potentially_hazardous_asteroid":true,"close_approach_data":[{"close_approach_date":"2085-05-30","relative_velocity":{"kilometers_per_second":"25.8027495088"},"miss_distance":{"kilometers":"45736796"}}]},{"name":"(2013 WR44)","estimated_diameter":{"meters":{"estimated_diameter_min":201.6299194428,"estimated_diameter_max":450.8582061718}},"is_potentially_hazardous_asteroid":false,"close_approach_data":[{"close_approach_date":"2085-05-30","relative_velocity":{"kilometers_per_second":"18.9615220474"},"miss_distance":{"kilometers":"12635064"}}]},{"name":"(2016 YA1)","estimated_diameter":{"meters":{"estimated_diameter_min":48.3676488219,"estimated_diameter_max":108.1533506775}},"is_potentially_hazardous_asteroid":false,"close_approach_data":[{"close_approach_date":"2085-05-30","relative_velocity":{"kilometers_per_second":"9.4882025387"},"miss_distance":{"kilometers":"31879666"}}]}]