[{"name":"(2010 XC15)","estimated_diameter":{"meters":{"estimated_diameter_min":139.4938229344,"estimated_diameter_max":311.9176705226}},"is_potentially_hazardous_asteroid":true,"close_approach_data":[{"close_approach_date":"2085-03-23","relative_velocity":{"kilometers_per_second":"13.3076438552"},"miss_distance":{"kilometers":"71110400"}}]},{"name":"(2015 DJ215)","estimated_diameter":{"meters":{"estimated_diameter_min":42.1264610556,"estimated_diameter_max":94.1976305719}},"is_potentially_hazardous_asteroid":false,"close_approach_data":[{"close_approach_date":"2085-03-23","relative_velocity":{"kilometers_per_second":"6.2978514846"},"miss_distance":{"kilometers":"10660320"}}]},{"name":"(2013 GN3)","estimated_diameter":{"meters":{"estimated_diameter_min":50.6471458835,"estimated_diameter_max":113.2504610618}},"is_potentially_hazardous_asteroid":false,"close_approach_data":[{"close_approach_date":"2085-03-23","relative_velocity":{"kilometers_per_second":"13.1380970228"},"miss_distance":{"kilometers":"52869480"}}]}]