[{"name":"311044 (2004 BB103)","estimated_diameter":{"meters":{"estimated_diameter_min":1010.5434154201,"estimated_diameter_max":2259.643771094}},"is_potentially_hazardous_asteroid":true,"close_approach_data":[{"close_approach_date":"2085-06-20","relative_velocity":{"kilometers_per_second":"33.9318709766"},"miss_distance":{"kilometers":"7022228.5"}}]},{"name":"(2009 AL15)","estimated_diameter":{"meters":{"estimated_diameter_min":152.9519353442,"estimated_diameter_max":342.0109247198}},"is_potentially_hazardous_asteroid":false,"close_approach_data":[{"close_approach_date":"2085-06-20","relative_velocity":{"kilometers_per_second":"8.4274855676"},"miss_distance":{"kilometers":"67386160"}}]}]