[{"name":"(1994 CJ1)","estimated_diameter":{"meters":{"estimated_diameter_min":139.4938229344,"estimated_diameter_max":311.9176705226}},"is_potentially_hazardous_asteroid":true,"close_approach_data":[{"close_approach_date":"2085-04-09","relative_velocity":{"kilometers_per_second":"9.150803236"},"miss_distance":{"kilometers":"19239856"}}]},{"name":"(2017 GS6)","estimated_diameter":{"meters":{"estimated_diameter_min":29.8644813333,"estimated_diameter_max":66.779010374}},"is_potentially_hazardous_asteroid":false,"close_approach_data":[{"close_approach_date":"2085-04-09","relative_velocity":{"kilometers_per_second":"7.6974383212"},"miss_distance":{"kilometers":"13399881"}}]}]