[{"name":"361538 (2007 JZ20)","estimated_diameter":{"meters":{"estimated_diameter_min":506.4714588346,"estimated_diameter_max":1132.5046106177}},"is_potentially_hazardous_asteroid":false,"close_approach_data":[{"close_approach_date":"2085-09-23","relative_velocity":{"kilometers_per_second":"23.0513581369"},"miss_distance":{"kilometers":"56595048"}}]},{"name":"(2008 QU3)","estimated_diameter":{"meters":{"estimated_diameter_min":211.1324447897,"estimated_diameter_max":472.1064988055}},"is_potentially_hazardous_asteroid":false,"close_approach_data":[{"close_approach_date":"2085-09-23","relative_velocity":{"kilometers_per_second":"6.4076016462"},"miss_distance":{"kilometers":"38665036"}}]},{"name":"(2014 MZ17)","estimated_diameter":{"meters":{"estimated_diameter_min":40.2304579834,"estimated_diameter_max":89.9580388169}},"is_potentially_hazardous_asteroid":false,"close_approach_data":[{"close_approach_date":"2085-09-23","relative_velocity":{"kilometers_per_second":"4.1882976769"},"miss_distance":{"kilometers":"15470925"}}]}]