[{"name":"(2006 AN)","estimated_diameter":{"meters":{"estimated_diameter_min":36.6906137531,"estimated_diameter_max":82.0427064882}},"is_potentially_hazardous_asteroid":false,"close_approach_data":[{"close_approach_date":"2085-11-29","relative_velocity":{"kilometers_per_second":"5.9093253942"},"miss_distance":{"kilometers":"39619212"}}]},{"name":"(2014 BW32)","estimated_diameter":{"meters":{"estimated_diameter_min":12.7219878539,"estimated_diameter_max":28.4472296503}},"is_potentially_hazardous_asteroid":false,"close_approach_data":[{"close_approach_date":"2085-11-29","relative_velocity":{"kilometers_per_second":"16.1453498215"},"miss_distance":{"kilometers":"41112052"}}]}]