[{"name":"138013 (2000 CN101)","estimated_diameter":{"meters":{"estimated_diameter_min":3051.7923259387,"estimated_diameter_max":6824.0150940112}},"is_potentially_hazardous_asteroid":false,"close_approach_data":[{"close_approach_date":"2085-10-28","relative_velocity":{"kilometers_per_second":"23.2837018596"},"miss_distance":{"kilometers":"23564214"}}]},{"name":"196068 (2002 TW55)","estimated_diameter":{"meters":{"estimated_diameter_min":667.6594134952,"estimated_diameter_max":1492.931834393}},"is_potentially_hazardous_asteroid":true,"close_approach_data":[{"close_approach_date":"2085-10-28","relative_velocity":{"kilometers_per_second":"39.3277525896"},"miss_distance":{"kilometers":"68701936"}}]},{"name":"(2005 TU50)","estimated_diameter":{"meters":{"estimated_diameter_min":139.4938229344,"estimated_diameter_max":311.9176705226}},"is_potentially_hazardous_asteroid":true,"close_approach_data":[{"close_approach_date":"2085-10-28","relative_velocity":{"kilometers_per_second":"29.2884503343"},"miss_distance":{"kilometers":"47615748"}}]},{"name":"(2007 DM41)","estimated_diameter":{"meters":{"estimated_diameter_min":110.8038821264,"estimated_diameter_max":247.7650126055}},"is_potentially_hazardous_asteroid":true,"close_approach_data":[{"close_approach_date":"2085-10-28","relative_velocity":{"kilometers_per_second":"26.1132790645"},"miss_distance":{"kilometers":"44461552"}}]},{"name":"(2014 WO371)","estimated_diameter":{"meters":{"estimated_diameter_min":88.0146520901,"estimated_diameter_max":196.8067450894}},"is_potentially_hazardous_asteroid":false,"close_approach_data":[{"close_approach_date":"2085-10-28","relative_velocity":{"kilometers_per_second":"9.7755458041"},"miss_distance":{"kilometers":"62426248"}}]}]