[{"name":"(2005 NE21)","estimated_diameter":{"meters":{"estimated_diameter_min":152.9519353442,"estimated_diameter_max":342.0109247198}},"is_potentially_hazardous_asteroid":false,"close_approach_data":[{"close_approach_date":"2085-08-29","relative_velocity":{"kilometers_per_second":"15.1918908409"},"miss_distance":{"kilometers":"25290438"}}]},{"name":"(2014 KQ76)","estimated_diameter":{"meters":{"estimated_diameter_min":127.2198785394,"estimated_diameter_max":284.4722965033}},"is_potentially_hazardous_asteroid":true,"close_approach_data":[{"close_approach_date":"2085-08-29","relative_velocity":{"kilometers_per_second":"8.5135771467"},"miss_distance":{"kilometers":"25043940"}}]},{"name":"468910 (2014 KQ76)","estimated_diameter":{"meters":{"estimated_diameter_min":133.2155666981,"estimated_diameter_max":297.8790627982}},"is_potentially_hazardous_asteroid":true,"close_approach_data":[{"close_approach_date":"2085-08-29","relative_velocity":{"kilometers_per_second":"8.5137499161"},"miss_distance":{"kilometers":"25041756"}}]},{"name":"(2016 UW80)","estimated_diameter":{"meters":{"estimated_diameter_min":38.4197891064,"estimated_diameter_max":85.9092601232}},"is_potentially_hazardous_asteroid":false,"close_approach_data":[{"close_approach_date":"2085-08-29","relative_velocity":{"kilometers_per_second":"6.8614878045"},"miss_distance":{"kilometers":"63592232"}}]},{"name":"(2015 CX12)","estimated_diameter":{"meters":{"estimated_diameter_min":265.8,"estimated_diameter_max":594.3468684194}},"is_potentially_hazardous_asteroid":true,"close_approach_data":[{"close_approach_date":"2085-08-29","relative_velocity":{"kilometers_per_second":"26.1737973306"},"miss_distance":{"kilometers":"57561928"}}]}]