[{"name":"68031 (2000 YK29)","estimated_diameter":{"meters":{"estimated_diameter_min":637.6097898754,"estimated_diameter_max":1425.7388332807}},"is_potentially_hazardous_asteroid":false,"close_approach_data":[{"close_approach_date":"2085-01-22","relative_velocity":{"kilometers_per_second":"7.9756441514"},"miss_distance":{"kilometers":"38754996"}}]},{"name":"358471 (2007 NS4)","estimated_diameter":{"meters":{"estimated_diameter_min":402.3045798343,"estimated_diameter_max":899.5803881691}},"is_potentially_hazardous_asteroid":true,"close_approach_data":[{"close_approach_date":"2085-01-22","relative_velocity":{"kilometers_per_second":"13.4852787724"},"miss_distance":{"kilometers":"15609875"}}]},{"name":"(2010 KV39)","estimated_diameter":{"meters":{"estimated_diameter_min":11.6025908209,"estimated_diameter_max":25.9441817907}},"is_potentially_hazardous_asteroid":false,"close_approach_data":[{"close_approach_date":"2085-01-22","relative_velocity":{"kilometers_per_second":"22.3807138519"},"miss_distance":{"kilometers":"69524640"}}]},{"name":"(2014 QC3)","estimated_diameter":{"meters":{"estimated_diameter_min":201.6299194428,"estimated_diameter_max":450.8582061718}},"is_potentially_hazardous_asteroid":true,"close_approach_data":[{"close_approach_date":"2085-01-22","relative_velocity":{"kilometers_per_second":"31.6563029285"},"miss_distance":{"kilometers":"68577080"}}]},{"name":"(2016 OJ)","estimated_diameter":{"meters":{"estimated_diameter_min":127.2198785394,"estimated_diameter_max":284.4722965033}},"is_potentially_hazardous_asteroid":false,"close_approach_data":[{"close_approach_date":"2085-01-22","relative_velocity":{"kilometers_per_second":"15.2539354155"},"miss_distance":{"kilometers":"60261104"}}]},{"name":"(2009 BL71)","estimated_diameter":{"meters":{"estimated_diameter_min":105.8168859331,"estimated_diameter_max":236.6137501138}},"is_potentially_hazardous_asteroid":true,"close_approach_data":[{"close_approach_date":"2085-01-22","relative_velocity":{"kilometers_per_second":"6.8130721009"},"miss_distance":{"kilometers":"33071496"}}]}]