[{"name":"191094 (2002 EA3)","estimated_diameter":{"meters":{"estimated_diameter_min":253.8370293645,"estimated_diameter_max":567.5968528656}},"is_potentially_hazardous_asteroid":false,"close_approach_data":[{"close_approach_date":"2085-03-30","relative_velocity":{"kilometers_per_second":"17.6123640697"},"miss_distance":{"kilometers":"55910476"}}]},{"name":"275677 (2000 RS11)","estimated_diameter":{"meters":{"estimated_diameter_min":402.3045798343,"estimated_diameter_max":899.5803881691}},"is_potentially_hazardous_asteroid":true,"close_approach_data":[{"close_approach_date":"2085-03-30","relative_velocity":{"kilometers_per_second":"18.1147515644"},"miss_distance":{"kilometers":"40893952"}}]},{"name":"397847 (2008 TA1)","estimated_diameter":{"meters":{"estimated_diameter_min":461.9074602816,"estimated_diameter_max":1032.8564805039}},"is_potentially_hazardous_asteroid":false,"close_approach_data":[{"close_approach_date":"2085-03-30","relative_velocity":{"kilometers_per_second":"13.3384986218"},"miss_distance":{"kilometers":"33069656"}}]},{"name":"(2008 WN2)","estimated_diameter":{"meters":{"estimated_diameter_min":192.5550781879,"estimated_diameter_max":430.566244241}},"is_potentially_hazardous_asteroid":true,"close_approach_data":[{"close_approach_date":"2085-03-30","relative_velocity":{"kilometers_per_second":"6.263060603"},"miss_distance":{"kilometers":"8235216.5"}}]},{"name":"(2009 SH2)","estimated_diameter":{"meters":{"estimated_diameter_min":27.8326768072,"estimated_diameter_max":62.2357573367}},"is_potentially_hazardous_asteroid":false,"close_approach_data":[{"close_approach_date":"2085-03-30","relative_velocity":{"kilometers_per_second":"3.9782560139"},"miss_distance":{"kilometers":"5392267"}}]},{"name":"(2011 VS5)","estimated_diameter":{"meters":{"estimated_diameter_min":319.5618867213,"estimated_diameter_max":714.5621017269}},"is_potentially_hazardous_asteroid":false,"close_approach_data":[{"close_approach_date":"2085-03-30","relative_velocity":{"kilometers_per_second":"12.8219361192"},"miss_distance":{"kilometers":"40593036"}}]},{"name":"(2015 FW117)","estimated_diameter":{"meters":{"estimated_diameter_min":76.6575573531,"estimated_diameter_max":171.4115092306}},"is_potentially_hazardous_asteroid":false,"close_approach_data":[{"close_approach_date":"2085-03-30","relative_velocity":{"kilometers_per_second":"20.3369898724"},"miss_distance":{"kilometers":"12932313"}}]},{"name":"471487 (2011 VS5)","estimated_diameter":{"meters":{"estimated_diameter_min":319.5618867213,"estimated_diameter_max":714.5621017269}},"is_potentially_hazardous_asteroid":false,"close_approach_data":[{"close_approach_date":"2085-03-30","relative_velocity":{"kilometers_per_second":"12.8219151455"},"miss_distance":{"kilometers":"40592984"}}]}]