[{"name":"(2009 HD82)","estimated_diameter":{"meters":{"estimated_diameter_min":127.2198785394,"estimated_diameter_max":284.4722965033}},"is_potentially_hazardous_asteroid":false,"close_approach_data":[{"close_approach_date":"2085-05-09","relative_velocity":{"kilometers_per_second":"24.5302025862"},"miss_distance":{"kilometers":"50640788"}}]},{"name":"(2015 UC67)","estimated_diameter":{"meters":{"estimated_diameter_min":319.5618867213,"estimated_diameter_max":714.5621017269}},"is_potentially_hazardous_asteroid":false,"close_approach_data":[{"close_approach_date":"2085-05-09","relative_velocity":{"kilometers_per_second":"11.142136347"},"miss_distance":{"kilometers":"14587637"}}]},{"name":"(2015 CN62)","estimated_diameter":{"meters":{"estimated_diameter_min":244.3177254904,"estimated_diameter_max":546.3110423047}},"is_potentially_hazardous_asteroid":false,"close_approach_data":[{"close_approach_date":"2085-05-09","relative_velocity":{"kilometers_per_second":"1.1160386678"},"miss_distance":{"kilometers":"33093548"}}]}]