[{"name":"277810 (2006 FV35)","estimated_diameter":{"meters":{"estimated_diameter_min":116.0259082094,"estimated_diameter_max":259.4418179074}},"is_potentially_hazardous_asteroid":false,"close_approach_data":[{"close_approach_date":"2085-01-27","relative_velocity":{"kilometers_per_second":"8.7306589924"},"miss_distance":{"kilometers":"43222568"}}]},{"name":"(2007 US12)","estimated_diameter":{"meters":{"estimated_diameter_min":105.8168859331,"estimated_diameter_max":236.6137501138}},"is_potentially_hazardous_asteroid":true,"close_approach_data":[{"close_approach_date":"2085-01-27","relative_velocity":{"kilometers_per_second":"11.3731964384"},"miss_distance":{"kilometers":"34457012"}}]},{"name":"(2008 TC2)","estimated_diameter":{"meters":{"estimated_diameter_min":58.1507039646,"estimated_diameter_max":130.0289270043}},"is_potentially_hazardous_asteroid":false,"close_approach_data":[{"close_approach_date":"2085-01-27","relative_velocity":{"kilometers_per_second":"8.0396923895"},"miss_distance":{"kilometers":"53284732"}}]},{"name":"(2017 AH13)","estimated_diameter":{"meters":{"estimated_diameter_min":152.9519353442,"estimated_diameter_max":342.0109247198}},"is_potentially_hazardous_asteroid":false,"close_approach_data":[{"close_approach_date":"2085-01-27","relative_velocity":{"kilometers_per_second":"28.1508981255"},"miss_distance":{"kilometers":"46236056"}}]}]