[{"name":"443837 (2000 TJ1)","estimated_diameter":{"meters":{"estimated_diameter_min":319.5618867213,"estimated_diameter_max":714.5621017269}},"is_potentially_hazardous_asteroid":false,"close_approach_data":[{"close_approach_date":"2085-10-02","relative_velocity":{"kilometers_per_second":"19.2464750894"},"miss_distance":{"kilometers":"37403464"}}]},{"name":"(2002 LY1)","estimated_diameter":{"meters":{"estimated_diameter_min":92.1626548503,"estimated_diameter_max":206.0819612321}},"is_potentially_hazardous_asteroid":false,"close_approach_data":[{"close_approach_date":"2085-10-02","relative_velocity":{"kilometers_per_second":"15.3746998464"},"miss_distance":{"kilometers":"60494296"}}]},{"name":"(2012 SK8)","estimated_diameter":{"meters":{"estimated_diameter_min":211.1324447897,"estimated_diameter_max":472.1064988055}},"is_potentially_hazardous_asteroid":false,"close_approach_data":[{"close_approach_date":"2085-10-02","relative_velocity":{"kilometers_per_second":"12.0797468427"},"miss_distance":{"kilometers":"66123824"}}]},{"name":"(2014 SX261)","estimated_diameter":{"meters":{"estimated_diameter_min":84.0533402073,"estimated_diameter_max":187.9489824394}},"is_potentially_hazardous_asteroid":false,"close_approach_data":[{"close_approach_date":"2085-10-02","relative_velocity":{"kilometers_per_second":"28.400797109"},"miss_distance":{"kilometers":"6638984"}}]}]