[{"name":"(2003 TR9)","estimated_diameter":{"meters":{"estimated_diameter_min":152.9519353442,"estimated_diameter_max":342.0109247198}},"is_potentially_hazardous_asteroid":true,"close_approach_data":[{"close_approach_date":"2085-10-12","relative_velocity":{"kilometers_per_second":"27.2745214044"},"miss_distance":{"kilometers":"17913654"}}]},{"name":"(2010 TA55)","estimated_diameter":{"meters":{"estimated_diameter_min":105.8168859331,"estimated_diameter_max":236.6137501138}},"is_potentially_hazardous_asteroid":false,"close_approach_data":[{"close_approach_date":"2085-10-12","relative_velocity":{"kilometers_per_second":"7.811095683"},"miss_distance":{"kilometers":"55021388"}}]}]