[{"name":"(2006 OA5)","estimated_diameter":{"meters":{"estimated_diameter_min":305.1792325939,"estimated_diameter_max":682.4015094011}},"is_potentially_hazardous_asteroid":false,"close_approach_data":[{"close_approach_date":"2085-09-05","relative_velocity":{"kilometers_per_second":"8.6113708216"},"miss_distance":{"kilometers":"19141442"}}]},{"name":"(2016 DB1)","estimated_diameter":{"meters":{"estimated_diameter_min":13.3215566698,"estimated_diameter_max":29.7879062798}},"is_potentially_hazardous_asteroid":false,"close_approach_data":[{"close_approach_date":"2085-09-05","relative_velocity":{"kilometers_per_second":"8.1882948689"},"miss_distance":{"kilometers":"49137004"}}]},{"name":"(2017 BY93)","estimated_diameter":{"meters":{"estimated_diameter_min":63.7609789875,"estimated_diameter_max":142.5738833281}},"is_potentially_hazardous_asteroid":false,"close_approach_data":[{"close_approach_date":"2085-09-05","relative_velocity":{"kilometers_per_second":"11.020538783"},"miss_distance":{"kilometers":"42524432"}}]},{"name":"(2016 LJ49)","estimated_diameter":{"meters":{"estimated_diameter_min":110.8038821264,"estimated_diameter_max":247.7650126055}},"is_potentially_hazardous_asteroid":false,"close_approach_data":[{"close_approach_date":"2085-09-05","relative_velocity":{"kilometers_per_second":"19.8881910005"},"miss_distance":{"kilometers":"25738430"}}]}]