[{"name":"85804 (1998 WQ5)","estimated_diameter":{"meters":{"estimated_diameter_min":2315.0212221033,"estimated_diameter_max":5176.5448219775}},"is_potentially_hazardous_asteroid":false,"close_approach_data":[{"close_approach_date":"2085-01-25","relative_velocity":{"kilometers_per_second":"14.2094423781"},"miss_distance":{"kilometers":"65358052"}}]},{"name":"(2011 XE)","estimated_diameter":{"meters":{"estimated_diameter_min":366.9061375314,"estimated_diameter_max":820.4270648822}},"is_potentially_hazardous_asteroid":false,"close_approach_data":[{"close_approach_date":"2085-01-25","relative_velocity":{"kilometers_per_second":"18.8854859186"},"miss_distance":{"kilometers":"57840036"}}]},{"name":"(2015 DC1)","estimated_diameter":{"meters":{"estimated_diameter_min":29.1443904535,"estimated_diameter_max":65.1688382168}},"is_potentially_hazardous_asteroid":false,"close_approach_data":[{"close_approach_date":"2085-01-25","relative_velocity":{"kilometers_per_second":"6.9121869747"},"miss_distance":{"kilometers":"18243934"}}]},{"name":"(2016 VU2)","estimated_diameter":{"meters":{"estimated_diameter_min":110.8038821264,"estimated_diameter_max":247.7650126055}},"is_potentially_hazardous_asteroid":false,"close_approach_data":[{"close_approach_date":"2085-01-25","relative_velocity":{"kilometers_per_second":"22.2780206074"},"miss_distance":{"kilometers":"69010352"}}]},{"name":"(2017 BM3)","estimated_diameter":{"meters":{"estimated_diameter_min":66.7659413495,"estimated_diameter_max":149.2931834393}},"is_potentially_hazardous_asteroid":false,"close_approach_data":[{"close_approach_date":"2085-01-25","relative_velocity":{"kilometers_per_second":"20.6912138551"},"miss_distance":{"kilometers":"66864100"}}]}]