[{"name":"(2008 CH116)","estimated_diameter":{"meters":{"estimated_diameter_min":384.1978910643,"estimated_diameter_max":859.0926012318}},"is_potentially_hazardous_asteroid":false,"close_approach_data":[{"close_approach_date":"2085-01-24","relative_velocity":{"kilometers_per_second":"20.1767817538"},"miss_distance":{"kilometers":"36383056"}}]},{"name":"(2008 QV11)","estimated_diameter":{"meters":{"estimated_diameter_min":167.7084621628,"estimated_diameter_max":375.0075217981}},"is_potentially_hazardous_asteroid":false,"close_approach_data":[{"close_approach_date":"2085-01-24","relative_velocity":{"kilometers_per_second":"21.4129938506"},"miss_distance":{"kilometers":"72995576"}}]},{"name":"(2015 RV36)","estimated_diameter":{"meters":{"estimated_diameter_min":63.7609789875,"estimated_diameter_max":142.5738833281}},"is_potentially_hazardous_asteroid":false,"close_approach_data":[{"close_approach_date":"2085-01-24","relative_velocity":{"kilometers_per_second":"17.4537084511"},"miss_distance":{"kilometers":"65098744"}}]},{"name":"(2017 BQ6)","estimated_diameter":{"meters":{"estimated_diameter_min":139.4938229344,"estimated_diameter_max":311.9176705226}},"is_potentially_hazardous_asteroid":true,"close_approach_data":[{"close_approach_date":"2085-01-24","relative_velocity":{"kilometers_per_second":"15.3206468352"},"miss_distance":{"kilometers":"20595654"}}]}]