[{"name":"(2004 AD)","estimated_diameter":{"meters":{"estimated_diameter_min":35.0392641108,"estimated_diameter_max":78.3501764334}},"is_potentially_hazardous_asteroid":false,"close_approach_data":[{"close_approach_date":"2085-08-26","relative_velocity":{"kilometers_per_second":"3.8735286797"},"miss_distance":{"kilometers":"35375352"}}]},{"name":"(2007 CA27)","estimated_diameter":{"meters":{"estimated_diameter_min":146.0679642714,"estimated_diameter_max":326.6178974458}},"is_potentially_hazardous_asteroid":false,"close_approach_data":[{"close_approach_date":"2085-08-26","relative_velocity":{"kilometers_per_second":"24.0382400803"},"miss_distance":{"kilometers":"72116768"}}]},{"name":"(2012 UD34)","estimated_diameter":{"meters":{"estimated_diameter_min":334.6223744549,"estimated_diameter_max":748.2383760735}},"is_potentially_hazardous_asteroid":false,"close_approach_data":[{"close_approach_date":"2085-08-26","relative_velocity":{"kilometers_per_second":"0.7448477833"},"miss_distance":{"kilometers":"53296252"}}]}]