[{"name":"(2006 RK1)","estimated_diameter":{"meters":{"estimated_diameter_min":116.0259082094,"estimated_diameter_max":259.4418179074}},"is_potentially_hazardous_asteroid":true,"close_approach_data":[{"close_approach_date":"2085-08-03","relative_velocity":{"kilometers_per_second":"9.7513243144"},"miss_distance":{"kilometers":"13481374"}}]},{"name":"(2017 KD3)","estimated_diameter":{"meters":{"estimated_diameter_min":87.9741291764,"estimated_diameter_max":196.7161330997}},"is_potentially_hazardous_asteroid":false,"close_approach_data":[{"close_approach_date":"2085-08-03","relative_velocity":{"kilometers_per_second":"8.3742123809"},"miss_distance":{"kilometers":"56641696"}}]}]