[{"name":"192559 (1998 VO)","estimated_diameter":{"meters":{"estimated_diameter_min":253.8370293645,"estimated_diameter_max":567.5968528656}},"is_potentially_hazardous_asteroid":true,"close_approach_data":[{"close_approach_date":"2085-04-20","relative_velocity":{"kilometers_per_second":"14.1656281923"},"miss_distance":{"kilometers":"30910236"}}]},{"name":"(2007 VZ137)","estimated_diameter":{"meters":{"estimated_diameter_min":127.2198785394,"estimated_diameter_max":284.4722965033}},"is_potentially_hazardous_asteroid":true,"close_approach_data":[{"close_approach_date":"2085-04-20","relative_velocity":{"kilometers_per_second":"17.713044134"},"miss_distance":{"kilometers":"4935210.5"}}]},{"name":"(2014 VG2)","estimated_diameter":{"meters":{"estimated_diameter_min":76.6575573531,"estimated_diameter_max":171.4115092306}},"is_potentially_hazardous_asteroid":false,"close_approach_data":[{"close_approach_date":"2085-04-20","relative_velocity":{"kilometers_per_second":"4.279512217"},"miss_distance":{"kilometers":"28964090"}}]},{"name":"(2015 OV)","estimated_diameter":{"meters":{"estimated_diameter_min":50.6471458835,"estimated_diameter_max":113.2504610618}},"is_potentially_hazardous_asteroid":false,"close_approach_data":[{"close_approach_date":"2085-04-20","relative_velocity":{"kilometers_per_second":"5.7640420218"},"miss_distance":{"kilometers":"49342340"}}]}]