[{"name":"(2011 WV4)","estimated_diameter":{"meters":{"estimated_diameter_min":76.6575573531,"estimated_diameter_max":171.4115092306}},"is_potentially_hazardous_asteroid":false,"close_approach_data":[{"close_approach_date":"2085-12-12","relative_velocity":{"kilometers_per_second":"7.9026200249"},"miss_distance":{"kilometers":"63626080"}}]},{"name":"(2009 WD11)","estimated_diameter":{"meters":{"estimated_diameter_min":105.8168859331,"estimated_diameter_max":236.6137501138}},"is_potentially_hazardous_asteroid":false,"close_approach_data":[{"close_approach_date":"2085-12-12","relative_velocity":{"kilometers_per_second":"18.3153183616"},"miss_distance":{"kilometers":"27221908"}}]},{"name":"(2017 FR91)","estimated_diameter":{"meters":{"estimated_diameter_min":10.928359587,"estimated_diameter_max":24.436554919}},"is_potentially_hazardous_asteroid":false,"close_approach_data":[{"close_approach_date":"2085-12-12","relative_velocity":{"kilometers_per_second":"7.432816603"},"miss_distance":{"kilometers":"12296032"}}]},{"name":"(2017 VX1)","estimated_diameter":{"meters":{"estimated_diameter_min":252.787140133,"estimated_diameter_max":565.2492291752}},"is_potentially_hazardous_asteroid":true,"close_approach_data":[{"close_approach_date":"2085-12-12","relative_velocity":{"kilometers_per_second":"17.9181562116"},"miss_distance":{"kilometers":"40116932"}}]}]