[{"name":"(2002 JX8)","estimated_diameter":{"meters":{"estimated_diameter_min":231.5021222103,"estimated_diameter_max":517.6544821978}},"is_potentially_hazardous_asteroid":true,"close_approach_data":[{"close_approach_date":"2071-04-15","relative_velocity":{"kilometers_per_second":"9.4385432071"},"miss_distance":{"kilometers":"22202330"}}]},{"name":"(2010 HA)","estimated_diameter":{"meters":{"estimated_diameter_min":44.1118199997,"estimated_diameter_max":98.6370281305}},"is_potentially_hazardous_asteroid":false,"close_approach_data":[{"close_approach_date":"2071-04-15","relative_velocity":{"kilometers_per_second":"17.1160852933"},"miss_distance":{"kilometers":"59099196"}}]},{"name":"(2014 FQ38)","estimated_diameter":{"meters":{"estimated_diameter_min":25.3837029364,"estimated_diameter_max":56.7596852866}},"is_potentially_hazardous_asteroid":false,"close_approach_data":[{"close_approach_date":"2071-04-15","relative_velocity":{"kilometers_per_second":"30.9457709942"},"miss_distance":{"kilometers":"68146752"}}]},{"name":"(2016 JH12)","estimated_diameter":{"meters":{"estimated_diameter_min":92.1626548503,"estimated_diameter_max":206.0819612321}},"is_potentially_hazardous_asteroid":false,"close_approach_data":[{"close_approach_date":"2071-04-15","relative_velocity":{"kilometers_per_second":"11.0541222307"},"miss_distance":{"kilometers":"33356104"}}]}]