[{"name":"11500 Tomaiyowit (1989 UR)","estimated_diameter":{"meters":{"estimated_diameter_min":555.334911581,"estimated_diameter_max":1241.766612574}},"is_potentially_hazardous_asteroid":true,"close_approach_data":[{"close_approach_date":"2071-11-16","relative_velocity":{"kilometers_per_second":"19.7584234852"},"miss_distance":{"kilometers":"42123792"}}]},{"name":"87684 (2000 SY2)","estimated_diameter":{"meters":{"estimated_diameter_min":1601.6033797856,"estimated_diameter_max":3581.2940301941}},"is_potentially_hazardous_asteroid":true,"close_approach_data":[{"close_approach_date":"2071-11-16","relative_velocity":{"kilometers_per_second":"14.6689668519"},"miss_distance":{"kilometers":"70989112"}}]},{"name":"443104 (2013 XK22)","estimated_diameter":{"meters":{"estimated_diameter_min":36.6906137531,"estimated_diameter_max":82.0427064882}},"is_potentially_hazardous_asteroid":false,"close_approach_data":[{"close_approach_date":"2071-11-16","relative_velocity":{"kilometers_per_second":"4.9604974134"},"miss_distance":{"kilometers":"31979322"}}]},{"name":"(2006 VX2)","estimated_diameter":{"meters":{"estimated_diameter_min":31.9561886721,"estimated_diameter_max":71.4562101727}},"is_potentially_hazardous_asteroid":false,"close_approach_data":[{"close_approach_date":"2071-11-16","relative_velocity":{"kilometers_per_second":"11.0103081061"},"miss_distance":{"kilometers":"9146576"}}]},{"name":"(2016 RG17)","estimated_diameter":{"meters":{"estimated_diameter_min":66.7659413495,"estimated_diameter_max":149.2931834393}},"is_potentially_hazardous_asteroid":false,"close_approach_data":[{"close_approach_date":"2071-11-16","relative_velocity":{"kilometers_per_second":"18.9471048853"},"miss_distance":{"kilometers":"53704164"}}]},{"name":"(2010 XM69)","estimated_diameter":{"meters":{"estimated_diameter_min":334.6223744549,"estimated_diameter_max":748.2383760735}},"is_potentially_hazardous_asteroid":false,"close_approach_data":[{"close_approach_date":"2071-11-16","relative_velocity":{"kilometers_per_second":"27.6851897008"},"miss_distance":{"kilometers":"44333764"}}]}]