[{"name":"(2013 ML3)","estimated_diameter":{"meters":{"estimated_diameter_min":88.0146520901,"estimated_diameter_max":196.8067450894}},"is_potentially_hazardous_asteroid":false,"close_approach_data":[{"close_approach_date":"2071-08-01","relative_velocity":{"kilometers_per_second":"18.4716809879"},"miss_distance":{"kilometers":"55514436"}}]},{"name":"(2015 FK290)","estimated_diameter":{"meters":{"estimated_diameter_min":139.4938229344,"estimated_diameter_max":311.9176705226}},"is_potentially_hazardous_asteroid":false,"close_approach_data":[{"close_approach_date":"2071-08-01","relative_velocity":{"kilometers_per_second":"15.2705201568"},"miss_distance":{"kilometers":"36197036"}}]},{"name":"(2017 DB)","estimated_diameter":{"meters":{"estimated_diameter_min":10.5816885933,"estimated_diameter_max":23.6613750114}},"is_potentially_hazardous_asteroid":false,"close_approach_data":[{"close_approach_date":"2071-08-01","relative_velocity":{"kilometers_per_second":"14.4876788579"},"miss_distance":{"kilometers":"36463064"}}]}]