[{"name":"25916 (2001 CP44)","estimated_diameter":{"meters":{"estimated_diameter_min":5064.7145883463,"estimated_diameter_max":11325.0461061772}},"is_potentially_hazardous_asteroid":false,"close_approach_data":[{"close_approach_date":"2071-07-05","relative_velocity":{"kilometers_per_second":"10.0681106321"},"miss_distance":{"kilometers":"37770484"}}]},{"name":"(2006 VG13)","estimated_diameter":{"meters":{"estimated_diameter_min":133.2155666981,"estimated_diameter_max":297.8790627982}},"is_potentially_hazardous_asteroid":true,"close_approach_data":[{"close_approach_date":"2071-07-05","relative_velocity":{"kilometers_per_second":"9.3979253363"},"miss_distance":{"kilometers":"51454712"}}]},{"name":"(2008 MN1)","estimated_diameter":{"meters":{"estimated_diameter_min":253.8370293645,"estimated_diameter_max":567.5968528656}},"is_potentially_hazardous_asteroid":false,"close_approach_data":[{"close_approach_date":"2071-07-05","relative_velocity":{"kilometers_per_second":"23.0375571752"},"miss_distance":{"kilometers":"48743904"}}]},{"name":"(2012 XO134)","estimated_diameter":{"meters":{"estimated_diameter_min":44.1118199997,"estimated_diameter_max":98.6370281305}},"is_potentially_hazardous_asteroid":false,"close_approach_data":[{"close_approach_date":"2071-07-05","relative_velocity":{"kilometers_per_second":"12.8137359222"},"miss_distance":{"kilometers":"54960064"}}]},{"name":"(2013 MZ5)","estimated_diameter":{"meters":{"estimated_diameter_min":253.8370293645,"estimated_diameter_max":567.5968528656}},"is_potentially_hazardous_asteroid":false,"close_approach_data":[{"close_approach_date":"2071-07-05","relative_velocity":{"kilometers_per_second":"14.3311848197"},"miss_distance":{"kilometers":"73343248"}}]},{"name":"(2016 FA)","estimated_diameter":{"meters":{"estimated_diameter_min":23.150212221,"estimated_diameter_max":51.7654482198}},"is_potentially_hazardous_asteroid":false,"close_approach_data":[{"close_approach_date":"2071-07-05","relative_velocity":{"kilometers_per_second":"13.4116897249"},"miss_distance":{"kilometers":"56583024"}}]},{"name":"470594 (2008 MN1)","estimated_diameter":{"meters":{"estimated_diameter_min":242.4124811008,"estimated_diameter_max":542.0507863358}},"is_potentially_hazardous_asteroid":false,"close_approach_data":[{"close_approach_date":"2071-07-05","relative_velocity":{"kilometers_per_second":"23.0376556443"},"miss_distance":{"kilometers":"48744772"}}]},{"name":"(2015 SY2)","estimated_diameter":{"meters":{"estimated_diameter_min":366.9061375314,"estimated_diameter_max":820.4270648822}},"is_potentially_hazardous_asteroid":false,"close_approach_data":[{"close_approach_date":"2071-07-05","relative_velocity":{"kilometers_per_second":"13.6066609538"},"miss_distance":{"kilometers":"69879792"}}]},{"name":"(2017 WZ14)","estimated_diameter":{"meters":{"estimated_diameter_min":25.0238988904,"estimated_diameter_max":55.955138981}},"is_potentially_hazardous_asteroid":false,"close_approach_data":[{"close_approach_date":"2071-07-05","relative_velocity":{"kilometers_per_second":"3.6981327633"},"miss_distance":{"kilometers":"17424572"}}]}]