[{"name":"154656 (2004 FE3)","estimated_diameter":{"meters":{"estimated_diameter_min":1460.6796427136,"estimated_diameter_max":3266.1789744576}},"is_potentially_hazardous_asteroid":false,"close_approach_data":[{"close_approach_date":"2071-05-28","relative_velocity":{"kilometers_per_second":"23.442084232"},"miss_distance":{"kilometers":"74606440"}}]},{"name":"(2015 OQ21)","estimated_diameter":{"meters":{"estimated_diameter_min":6.9912523225,"estimated_diameter_max":15.6329154409}},"is_potentially_hazardous_asteroid":false,"close_approach_data":[{"close_approach_date":"2071-05-28","relative_velocity":{"kilometers_per_second":"14.6714878019"},"miss_distance":{"kilometers":"33032716"}}]},{"name":"(2016 LJ49)","estimated_diameter":{"meters":{"estimated_diameter_min":110.8038821264,"estimated_diameter_max":247.7650126055}},"is_potentially_hazardous_asteroid":false,"close_approach_data":[{"close_approach_date":"2071-05-28","relative_velocity":{"kilometers_per_second":"28.9921739385"},"miss_distance":{"kilometers":"47766284"}}]}]