[{"name":"137199 (1999 KX4)","estimated_diameter":{"meters":{"estimated_diameter_min":1108.0388212642,"estimated_diameter_max":2477.6501260554}},"is_potentially_hazardous_asteroid":false,"close_approach_data":[{"close_approach_date":"2071-01-16","relative_velocity":{"kilometers_per_second":"8.8115452303"},"miss_distance":{"kilometers":"48817564"}}]},{"name":"(2009 SX1)","estimated_diameter":{"meters":{"estimated_diameter_min":461.9074602816,"estimated_diameter_max":1032.8564805039}},"is_potentially_hazardous_asteroid":false,"close_approach_data":[{"close_approach_date":"2071-01-16","relative_velocity":{"kilometers_per_second":"7.2001549207"},"miss_distance":{"kilometers":"15395647"}}]},{"name":"(2010 BK2)","estimated_diameter":{"meters":{"estimated_diameter_min":105.8168859331,"estimated_diameter_max":236.6137501138}},"is_potentially_hazardous_asteroid":true,"close_approach_data":[{"close_approach_date":"2071-01-16","relative_velocity":{"kilometers_per_second":"13.605155273"},"miss_distance":{"kilometers":"5141386.5"}}]}]