[{"name":"53429 (1999 TF5)","estimated_diameter":{"meters":{"estimated_diameter_min":441.1181999969,"estimated_diameter_max":986.3702813054}},"is_potentially_hazardous_asteroid":true,"close_approach_data":[{"close_approach_date":"2071-05-22","relative_velocity":{"kilometers_per_second":"17.7459550554"},"miss_distance":{"kilometers":"60524140"}}]},{"name":"438990 (2010 SG13)","estimated_diameter":{"meters":{"estimated_diameter_min":581.5070396458,"estimated_diameter_max":1300.2892700427}},"is_potentially_hazardous_asteroid":false,"close_approach_data":[{"close_approach_date":"2071-05-22","relative_velocity":{"kilometers_per_second":"22.0252291977"},"miss_distance":{"kilometers":"44020320"}}]},{"name":"(2002 SR)","estimated_diameter":{"meters":{"estimated_diameter_min":127.2198785394,"estimated_diameter_max":284.4722965033}},"is_potentially_hazardous_asteroid":false,"close_approach_data":[{"close_approach_date":"2071-05-22","relative_velocity":{"kilometers_per_second":"6.4962676102"},"miss_distance":{"kilometers":"59644260"}}]},{"name":"(2010 GD35)","estimated_diameter":{"meters":{"estimated_diameter_min":33.4622374455,"estimated_diameter_max":74.8238376074}},"is_potentially_hazardous_asteroid":false,"close_approach_data":[{"close_approach_date":"2071-05-22","relative_velocity":{"kilometers_per_second":"23.0514795881"},"miss_distance":{"kilometers":"54175284"}}]},{"name":"(2015 KF19)","estimated_diameter":{"meters":{"estimated_diameter_min":92.1626548503,"estimated_diameter_max":206.0819612321}},"is_potentially_hazardous_asteroid":false,"close_approach_data":[{"close_approach_date":"2071-05-22","relative_velocity":{"kilometers_per_second":"5.772698965"},"miss_distance":{"kilometers":"44658276"}}]},{"name":"(2016 CH30)","estimated_diameter":{"meters":{"estimated_diameter_min":6.676594135,"estimated_diameter_max":14.9293183439}},"is_potentially_hazardous_asteroid":false,"close_approach_data":[{"close_approach_date":"2071-05-22","relative_velocity":{"kilometers_per_second":"7.4397491361"},"miss_distance":{"kilometers":"36642076"}}]},{"name":"(2017 EH1)","estimated_diameter":{"meters":{"estimated_diameter_min":58.1507039646,"estimated_diameter_max":130.0289270043}},"is_potentially_hazardous_asteroid":false,"close_approach_data":[{"close_approach_date":"2071-05-22","relative_velocity":{"kilometers_per_second":"8.9543239727"},"miss_distance":{"kilometers":"31299110"}}]},{"name":"488615 (2002 SR)","estimated_diameter":{"meters":{"estimated_diameter_min":127.2198785394,"estimated_diameter_max":284.4722965033}},"is_potentially_hazardous_asteroid":false,"close_approach_data":[{"close_approach_date":"2071-05-22","relative_velocity":{"kilometers_per_second":"6.4962676643"},"miss_distance":{"kilometers":"59644260"}}]}]