[{"name":"66063 (1998 RO1)","estimated_diameter":{"meters":{"estimated_diameter_min":637.6097898754,"estimated_diameter_max":1425.7388332807}},"is_potentially_hazardous_asteroid":false,"close_approach_data":[{"close_approach_date":"2071-09-27","relative_velocity":{"kilometers_per_second":"18.1279327277"},"miss_distance":{"kilometers":"50676096"}}]},{"name":"(2001 SQ263)","estimated_diameter":{"meters":{"estimated_diameter_min":88.0146520901,"estimated_diameter_max":196.8067450894}},"is_potentially_hazardous_asteroid":false,"close_approach_data":[{"close_approach_date":"2071-09-27","relative_velocity":{"kilometers_per_second":"22.7121985979"},"miss_distance":{"kilometers":"36075324"}}]},{"name":"(2010 SJ)","estimated_diameter":{"meters":{"estimated_diameter_min":46.1907460282,"estimated_diameter_max":103.2856480504}},"is_potentially_hazardous_asteroid":false,"close_approach_data":[{"close_approach_date":"2071-09-27","relative_velocity":{"kilometers_per_second":"6.4067160765"},"miss_distance":{"kilometers":"8707768"}}]},{"name":"(2008 TP26)","estimated_diameter":{"meters":{"estimated_diameter_min":46.1907460282,"estimated_diameter_max":103.2856480504}},"is_potentially_hazardous_asteroid":false,"close_approach_data":[{"close_approach_date":"2071-09-27","relative_velocity":{"kilometers_per_second":"8.336728842"},"miss_distance":{"kilometers":"32577548"}}]},{"name":"(2016 TB57)","estimated_diameter":{"meters":{"estimated_diameter_min":16.7708462163,"estimated_diameter_max":37.5007521798}},"is_potentially_hazardous_asteroid":false,"close_approach_data":[{"close_approach_date":"2071-09-27","relative_velocity":{"kilometers_per_second":"16.5401613977"},"miss_distance":{"kilometers":"71714664"}}]}]