[{"name":"85585 Mjolnir (1998 FG2)","estimated_diameter":{"meters":{"estimated_diameter_min":127.2198785394,"estimated_diameter_max":284.4722965033}},"is_potentially_hazardous_asteroid":true,"close_approach_data":[{"close_approach_date":"2071-09-26","relative_velocity":{"kilometers_per_second":"22.944162781"},"miss_distance":{"kilometers":"70007688"}}]},{"name":"335746 (2007 EJ26)","estimated_diameter":{"meters":{"estimated_diameter_min":581.5070396458,"estimated_diameter_max":1300.2892700427}},"is_potentially_hazardous_asteroid":false,"close_approach_data":[{"close_approach_date":"2071-09-26","relative_velocity":{"kilometers_per_second":"18.2270150856"},"miss_distance":{"kilometers":"66872812"}}]},{"name":"(2004 SD26)","estimated_diameter":{"meters":{"estimated_diameter_min":483.6764882185,"estimated_diameter_max":1081.533506775}},"is_potentially_hazardous_asteroid":false,"close_approach_data":[{"close_approach_date":"2071-09-26","relative_velocity":{"kilometers_per_second":"31.3317140547"},"miss_distance":{"kilometers":"35679748"}}]},{"name":"(2011 LJ1)","estimated_diameter":{"meters":{"estimated_diameter_min":366.9061375314,"estimated_diameter_max":820.4270648822}},"is_potentially_hazardous_asteroid":false,"close_approach_data":[{"close_approach_date":"2071-09-26","relative_velocity":{"kilometers_per_second":"16.1947546328"},"miss_distance":{"kilometers":"42713576"}}]},{"name":"(2013 UH9)","estimated_diameter":{"meters":{"estimated_diameter_min":506.4714588346,"estimated_diameter_max":1132.5046106177}},"is_potentially_hazardous_asteroid":true,"close_approach_data":[{"close_approach_date":"2071-09-26","relative_velocity":{"kilometers_per_second":"18.5983250863"},"miss_distance":{"kilometers":"50825772"}}]}]