[{"name":"164207 (2004 GU9)","estimated_diameter":{"meters":{"estimated_diameter_min":160.1603379786,"estimated_diameter_max":358.1294030194}},"is_potentially_hazardous_asteroid":true,"close_approach_data":[{"close_approach_date":"2071-05-04","relative_velocity":{"kilometers_per_second":"7.0452970044"},"miss_distance":{"kilometers":"23897908"}}]},{"name":"260277 (2004 TR12)","estimated_diameter":{"meters":{"estimated_diameter_min":608.9126221057,"estimated_diameter_max":1361.5700153859}},"is_potentially_hazardous_asteroid":false,"close_approach_data":[{"close_approach_date":"2071-05-04","relative_velocity":{"kilometers_per_second":"10.382157729"},"miss_distance":{"kilometers":"60355544"}}]},{"name":"436030 (2009 JO2)","estimated_diameter":{"meters":{"estimated_diameter_min":350.3926411083,"estimated_diameter_max":783.5017643338}},"is_potentially_hazardous_asteroid":false,"close_approach_data":[{"close_approach_date":"2071-05-04","relative_velocity":{"kilometers_per_second":"25.5330699698"},"miss_distance":{"kilometers":"48816896"}}]},{"name":"(2012 HW1)","estimated_diameter":{"meters":{"estimated_diameter_min":278.3267680719,"estimated_diameter_max":622.3575733667}},"is_potentially_hazardous_asteroid":false,"close_approach_data":[{"close_approach_date":"2071-05-04","relative_velocity":{"kilometers_per_second":"24.9125681626"},"miss_distance":{"kilometers":"64515456"}}]},{"name":"(2012 SK8)","estimated_diameter":{"meters":{"estimated_diameter_min":211.1324447897,"estimated_diameter_max":472.1064988055}},"is_potentially_hazardous_asteroid":false,"close_approach_data":[{"close_approach_date":"2071-05-04","relative_velocity":{"kilometers_per_second":"14.7138799959"},"miss_distance":{"kilometers":"64318900"}}]}]