[{"name":"337866 (2001 WL15)","estimated_diameter":{"meters":{"estimated_diameter_min":461.9074602816,"estimated_diameter_max":1032.8564805039}},"is_potentially_hazardous_asteroid":false,"close_approach_data":[{"close_approach_date":"2071-12-20","relative_velocity":{"kilometers_per_second":"15.5562468888"},"miss_distance":{"kilometers":"52803352"}}]},{"name":"(2005 WK56)","estimated_diameter":{"meters":{"estimated_diameter_min":80.2703167283,"estimated_diameter_max":179.4898847799}},"is_potentially_hazardous_asteroid":false,"close_approach_data":[{"close_approach_date":"2071-12-20","relative_velocity":{"kilometers_per_second":"14.5912208462"},"miss_distance":{"kilometers":"40189512"}}]},{"name":"(2010 WR7)","estimated_diameter":{"meters":{"estimated_diameter_min":53.0340723319,"estimated_diameter_max":118.5877908577}},"is_potentially_hazardous_asteroid":false,"close_approach_data":[{"close_approach_date":"2071-12-20","relative_velocity":{"kilometers_per_second":"9.0551720078"},"miss_distance":{"kilometers":"11031389"}}]},{"name":"(2011 QE38)","estimated_diameter":{"meters":{"estimated_diameter_min":96.5061469579,"estimated_diameter_max":215.7943048444}},"is_potentially_hazardous_asteroid":false,"close_approach_data":[{"close_approach_date":"2071-12-20","relative_velocity":{"kilometers_per_second":"22.0713215741"},"miss_distance":{"kilometers":"72340440"}}]},{"name":"(2014 YU43)","estimated_diameter":{"meters":{"estimated_diameter_min":305.1792325939,"estimated_diameter_max":682.4015094011}},"is_potentially_hazardous_asteroid":false,"close_approach_data":[{"close_approach_date":"2071-12-20","relative_velocity":{"kilometers_per_second":"11.7199205047"},"miss_distance":{"kilometers":"58160808"}}]}]