[{"name":"(2002 XP37)","estimated_diameter":{"meters":{"estimated_diameter_min":221.0828103591,"estimated_diameter_max":494.3561926196}},"is_potentially_hazardous_asteroid":false,"close_approach_data":[{"close_approach_date":"2071-06-09","relative_velocity":{"kilometers_per_second":"18.2511937428"},"miss_distance":{"kilometers":"56081492"}}]},{"name":"(2006 HX30)","estimated_diameter":{"meters":{"estimated_diameter_min":15.2951935344,"estimated_diameter_max":34.201092472}},"is_potentially_hazardous_asteroid":false,"close_approach_data":[{"close_approach_date":"2071-06-09","relative_velocity":{"kilometers_per_second":"8.075188915"},"miss_distance":{"kilometers":"18843936"}}]},{"name":"480922 (2002 XP37)","estimated_diameter":{"meters":{"estimated_diameter_min":211.1324447897,"estimated_diameter_max":472.1064988055}},"is_potentially_hazardous_asteroid":false,"close_approach_data":[{"close_approach_date":"2071-06-09","relative_velocity":{"kilometers_per_second":"18.2511992003"},"miss_distance":{"kilometers":"56081524"}}]},{"name":"(2017 DV36)","estimated_diameter":{"meters":{"estimated_diameter_min":6.9912523225,"estimated_diameter_max":15.6329154409}},"is_potentially_hazardous_asteroid":false,"close_approach_data":[{"close_approach_date":"2071-06-09","relative_velocity":{"kilometers_per_second":"13.4490451862"},"miss_distance":{"kilometers":"26766986"}}]},{"name":"(2014 UJ192)","estimated_diameter":{"meters":{"estimated_diameter_min":127.2198785394,"estimated_diameter_max":284.4722965033}},"is_potentially_hazardous_asteroid":false,"close_approach_data":[{"close_approach_date":"2071-06-09","relative_velocity":{"kilometers_per_second":"7.8523728816"},"miss_distance":{"kilometers":"48280484"}}]}]