[{"name":"22753 (1998 WT)","estimated_diameter":{"meters":{"estimated_diameter_min":766.5755735311,"estimated_diameter_max":1714.1150923063}},"is_potentially_hazardous_asteroid":true,"close_approach_data":[{"close_approach_date":"2071-02-16","relative_velocity":{"kilometers_per_second":"30.8213060325"},"miss_distance":{"kilometers":"59592888"}}]},{"name":"(2007 DA)","estimated_diameter":{"meters":{"estimated_diameter_min":88.0146520901,"estimated_diameter_max":196.8067450894}},"is_potentially_hazardous_asteroid":false,"close_approach_data":[{"close_approach_date":"2071-02-16","relative_velocity":{"kilometers_per_second":"11.722697148"},"miss_distance":{"kilometers":"44319168"}}]},{"name":"(2009 BO58)","estimated_diameter":{"meters":{"estimated_diameter_min":110.8038821264,"estimated_diameter_max":247.7650126055}},"is_potentially_hazardous_asteroid":false,"close_approach_data":[{"close_approach_date":"2071-02-16","relative_velocity":{"kilometers_per_second":"14.744085852"},"miss_distance":{"kilometers":"46613104"}}]},{"name":"(2009 WN8)","estimated_diameter":{"meters":{"estimated_diameter_min":24.2412481101,"estimated_diameter_max":54.2050786336}},"is_potentially_hazardous_asteroid":false,"close_approach_data":[{"close_approach_date":"2071-02-16","relative_velocity":{"kilometers_per_second":"9.1858873432"},"miss_distance":{"kilometers":"33279838"}}]},{"name":"(2014 WE365)","estimated_diameter":{"meters":{"estimated_diameter_min":167.7084621628,"estimated_diameter_max":375.0075217981}},"is_potentially_hazardous_asteroid":true,"close_approach_data":[{"close_approach_date":"2071-02-16","relative_velocity":{"kilometers_per_second":"12.2678585985"},"miss_distance":{"kilometers":"44679420"}}]},{"name":"(2015 BY512)","estimated_diameter":{"meters":{"estimated_diameter_min":139.4938229344,"estimated_diameter_max":311.9176705226}},"is_potentially_hazardous_asteroid":false,"close_approach_data":[{"close_approach_date":"2071-02-16","relative_velocity":{"kilometers_per_second":"17.8910828081"},"miss_distance":{"kilometers":"72338528"}}]},{"name":"(2016 TD18)","estimated_diameter":{"meters":{"estimated_diameter_min":50.6471458835,"estimated_diameter_max":113.2504610618}},"is_potentially_hazardous_asteroid":false,"close_approach_data":[{"close_approach_date":"2071-02-16","relative_velocity":{"kilometers_per_second":"18.92085609"},"miss_distance":{"kilometers":"63059488"}}]}]