[{"name":"(1999 RM45)","estimated_diameter":{"meters":{"estimated_diameter_min":350.3926411083,"estimated_diameter_max":783.5017643338}},"is_potentially_hazardous_asteroid":true,"close_approach_data":[{"close_approach_date":"2071-09-01","relative_velocity":{"kilometers_per_second":"18.0236361699"},"miss_distance":{"kilometers":"13576269"}}]},{"name":"(2001 QJ142)","estimated_diameter":{"meters":{"estimated_diameter_min":48.3676488219,"estimated_diameter_max":108.1533506775}},"is_potentially_hazardous_asteroid":false,"close_approach_data":[{"close_approach_date":"2071-09-01","relative_velocity":{"kilometers_per_second":"17.1977758129"},"miss_distance":{"kilometers":"74164016"}}]},{"name":"(2011 JP29)","estimated_diameter":{"meters":{"estimated_diameter_min":421.2646105562,"estimated_diameter_max":941.9763057186}},"is_potentially_hazardous_asteroid":false,"close_approach_data":[{"close_approach_date":"2071-09-01","relative_velocity":{"kilometers_per_second":"13.008984303"},"miss_distance":{"kilometers":"38692032"}}]},{"name":"(2012 PW)","estimated_diameter":{"meters":{"estimated_diameter_min":461.9074602816,"estimated_diameter_max":1032.8564805039}},"is_potentially_hazardous_asteroid":false,"close_approach_data":[{"close_approach_date":"2071-09-01","relative_velocity":{"kilometers_per_second":"18.8194921852"},"miss_distance":{"kilometers":"63578576"}}]},{"name":"(2017 EV2)","estimated_diameter":{"meters":{"estimated_diameter_min":192.5550781879,"estimated_diameter_max":430.566244241}},"is_potentially_hazardous_asteroid":false,"close_approach_data":[{"close_approach_date":"2071-09-01","relative_velocity":{"kilometers_per_second":"20.2991395725"},"miss_distance":{"kilometers":"70629944"}}]}]