[{"name":"208023 (1999 AQ10)","estimated_diameter":{"meters":{"estimated_diameter_min":221.0828103591,"estimated_diameter_max":494.3561926196}},"is_potentially_hazardous_asteroid":true,"close_approach_data":[{"close_approach_date":"2071-08-27","relative_velocity":{"kilometers_per_second":"7.0098988066"},"miss_distance":{"kilometers":"33359820"}}]},{"name":"307493 (2002 XP90)","estimated_diameter":{"meters":{"estimated_diameter_min":506.4714588346,"estimated_diameter_max":1132.5046106177}},"is_potentially_hazardous_asteroid":false,"close_approach_data":[{"close_approach_date":"2071-08-27","relative_velocity":{"kilometers_per_second":"19.0349239895"},"miss_distance":{"kilometers":"70057064"}}]}]