[{"name":"(2001 YM4)","estimated_diameter":{"meters":{"estimated_diameter_min":278.3267680719,"estimated_diameter_max":622.3575733667}},"is_potentially_hazardous_asteroid":false,"close_approach_data":[{"close_approach_date":"2071-12-27","relative_velocity":{"kilometers_per_second":"13.5116567443"},"miss_distance":{"kilometers":"63370932"}}]},{"name":"(2005 YQ96)","estimated_diameter":{"meters":{"estimated_diameter_min":221.0828103591,"estimated_diameter_max":494.3561926196}},"is_potentially_hazardous_asteroid":true,"close_approach_data":[{"close_approach_date":"2071-12-27","relative_velocity":{"kilometers_per_second":"12.2080754248"},"miss_distance":{"kilometers":"23515594"}}]},{"name":"(2008 MN1)","estimated_diameter":{"meters":{"estimated_diameter_min":253.8370293645,"estimated_diameter_max":567.5968528656}},"is_potentially_hazardous_asteroid":false,"close_approach_data":[{"close_approach_date":"2071-12-27","relative_velocity":{"kilometers_per_second":"18.7156157974"},"miss_distance":{"kilometers":"62778932"}}]},{"name":"(2011 YC29)","estimated_diameter":{"meters":{"estimated_diameter_min":88.0146520901,"estimated_diameter_max":196.8067450894}},"is_potentially_hazardous_asteroid":false,"close_approach_data":[{"close_approach_date":"2071-12-27","relative_velocity":{"kilometers_per_second":"12.2907547282"},"miss_distance":{"kilometers":"50853728"}}]},{"name":"(2012 QH8)","estimated_diameter":{"meters":{"estimated_diameter_min":152.9519353442,"estimated_diameter_max":342.0109247198}},"is_potentially_hazardous_asteroid":false,"close_approach_data":[{"close_approach_date":"2071-12-27","relative_velocity":{"kilometers_per_second":"16.5613157018"},"miss_distance":{"kilometers":"60401700"}}]},{"name":"470594 (2008 MN1)","estimated_diameter":{"meters":{"estimated_diameter_min":242.4124811008,"estimated_diameter_max":542.0507863358}},"is_potentially_hazardous_asteroid":false,"close_approach_data":[{"close_approach_date":"2071-12-27","relative_velocity":{"kilometers_per_second":"18.7155910749"},"miss_distance":{"kilometers":"62779096"}}]}]