[{"name":"275611 (1999 XX262)","estimated_diameter":{"meters":{"estimated_diameter_min":637.6097898754,"estimated_diameter_max":1425.7388332807}},"is_potentially_hazardous_asteroid":false,"close_approach_data":[{"close_approach_date":"2071-10-31","relative_velocity":{"kilometers_per_second":"3.0838994698"},"miss_distance":{"kilometers":"52567080"}}]},{"name":"277810 (2006 FV35)","estimated_diameter":{"meters":{"estimated_diameter_min":116.0259082094,"estimated_diameter_max":259.4418179074}},"is_potentially_hazardous_asteroid":false,"close_approach_data":[{"close_approach_date":"2071-10-31","relative_velocity":{"kilometers_per_second":"11.5446248593"},"miss_distance":{"kilometers":"47770796"}}]},{"name":"(2011 FR29)","estimated_diameter":{"meters":{"estimated_diameter_min":105.8168859331,"estimated_diameter_max":236.6137501138}},"is_potentially_hazardous_asteroid":false,"close_approach_data":[{"close_approach_date":"2071-10-31","relative_velocity":{"kilometers_per_second":"11.7491143197"},"miss_distance":{"kilometers":"44999888"}}]},{"name":"(2016 HO3)","estimated_diameter":{"meters":{"estimated_diameter_min":38.7217499927,"estimated_diameter_max":86.5844651915}},"is_potentially_hazardous_asteroid":false,"close_approach_data":[{"close_approach_date":"2071-10-31","relative_velocity":{"kilometers_per_second":"4.3141121947"},"miss_distance":{"kilometers":"18160908"}}]},{"name":"469219 (2016 HO3)","estimated_diameter":{"meters":{"estimated_diameter_min":38.4197891064,"estimated_diameter_max":85.9092601232}},"is_potentially_hazardous_asteroid":false,"close_approach_data":[{"close_approach_date":"2071-10-31","relative_velocity":{"kilometers_per_second":"4.3141006576"},"miss_distance":{"kilometers":"18161000"}}]}]