[{"name":"(2007 WX4)","estimated_diameter":{"meters":{"estimated_diameter_min":253.8370293645,"estimated_diameter_max":567.5968528656}},"is_potentially_hazardous_asteroid":false,"close_approach_data":[{"close_approach_date":"2071-11-11","relative_velocity":{"kilometers_per_second":"14.3982607834"},"miss_distance":{"kilometers":"70755848"}}]},{"name":"(2017 QQ32)","estimated_diameter":{"meters":{"estimated_diameter_min":279.9980305462,"estimated_diameter_max":626.0946298673}},"is_potentially_hazardous_asteroid":false,"close_approach_data":[{"close_approach_date":"2071-11-11","relative_velocity":{"kilometers_per_second":"5.0083063836"},"miss_distance":{"kilometers":"67617360"}}]}]