[{"name":"(2003 MS2)","estimated_diameter":{"meters":{"estimated_diameter_min":152.9519353442,"estimated_diameter_max":342.0109247198}},"is_potentially_hazardous_asteroid":true,"close_approach_data":[{"close_approach_date":"2071-07-29","relative_velocity":{"kilometers_per_second":"12.4391573418"},"miss_distance":{"kilometers":"53686520"}}]},{"name":"(2010 VB)","estimated_diameter":{"meters":{"estimated_diameter_min":20.1629919443,"estimated_diameter_max":45.0858206172}},"is_potentially_hazardous_asteroid":false,"close_approach_data":[{"close_approach_date":"2071-07-29","relative_velocity":{"kilometers_per_second":"21.0345017181"},"miss_distance":{"kilometers":"58055800"}}]},{"name":"(2013 CT36)","estimated_diameter":{"meters":{"estimated_diameter_min":384.1978910643,"estimated_diameter_max":859.0926012318}},"is_potentially_hazardous_asteroid":false,"close_approach_data":[{"close_approach_date":"2071-07-29","relative_velocity":{"kilometers_per_second":"19.4157175458"},"miss_distance":{"kilometers":"29135892"}}]},{"name":"(2017 SX17)","estimated_diameter":{"meters":{"estimated_diameter_min":6.2799325126,"estimated_diameter_max":14.0423559922}},"is_potentially_hazardous_asteroid":false,"close_approach_data":[{"close_approach_date":"2071-07-29","relative_velocity":{"kilometers_per_second":"6.4007351173"},"miss_distance":{"kilometers":"53411892"}}]}]