[{"name":"275677 (2000 RS11)","estimated_diameter":{"meters":{"estimated_diameter_min":402.3045798343,"estimated_diameter_max":899.5803881691}},"is_potentially_hazardous_asteroid":true,"close_approach_data":[{"close_approach_date":"2071-10-06","relative_velocity":{"kilometers_per_second":"9.703408154"},"miss_distance":{"kilometers":"48670100"}}]},{"name":"331471 (1984 QY1)","estimated_diameter":{"meters":{"estimated_diameter_min":2016.2991944276,"estimated_diameter_max":4508.5820617181}},"is_potentially_hazardous_asteroid":false,"close_approach_data":[{"close_approach_date":"2071-10-06","relative_velocity":{"kilometers_per_second":"21.2445600078"},"miss_distance":{"kilometers":"59489704"}}]},{"name":"(2015 RV36)","estimated_diameter":{"meters":{"estimated_diameter_min":63.7609789875,"estimated_diameter_max":142.5738833281}},"is_potentially_hazardous_asteroid":false,"close_approach_data":[{"close_approach_date":"2071-10-06","relative_velocity":{"kilometers_per_second":"10.5556496633"},"miss_distance":{"kilometers":"40185240"}}]},{"name":"(2015 SY2)","estimated_diameter":{"meters":{"estimated_diameter_min":366.9061375314,"estimated_diameter_max":820.4270648822}},"is_potentially_hazardous_asteroid":false,"close_approach_data":[{"close_approach_date":"2071-10-06","relative_velocity":{"kilometers_per_second":"8.3404813872"},"miss_distance":{"kilometers":"63403776"}}]}]