[{"name":"(2004 VJ1)","estimated_diameter":{"meters":{"estimated_diameter_min":38.4197891064,"estimated_diameter_max":85.9092601232}},"is_potentially_hazardous_asteroid":false,"close_approach_data":[{"close_approach_date":"2071-12-16","relative_velocity":{"kilometers_per_second":"12.6112885688"},"miss_distance":{"kilometers":"38080856"}}]},{"name":"(2016 HS6)","estimated_diameter":{"meters":{"estimated_diameter_min":183.8886720703,"estimated_diameter_max":411.1875710413}},"is_potentially_hazardous_asteroid":false,"close_approach_data":[{"close_approach_date":"2071-12-16","relative_velocity":{"kilometers_per_second":"24.4297684167"},"miss_distance":{"kilometers":"60148076"}}]}]