[{"name":"341843 (2008 EV5)","estimated_diameter":{"meters":{"estimated_diameter_min":265.8,"estimated_diameter_max":594.3468684194}},"is_potentially_hazardous_asteroid":true,"close_approach_data":[{"close_approach_date":"2071-01-06","relative_velocity":{"kilometers_per_second":"4.10651122"},"miss_distance":{"kilometers":"12221119"}}]},{"name":"366746 (2004 LJ)","estimated_diameter":{"meters":{"estimated_diameter_min":242.4124811008,"estimated_diameter_max":542.0507863358}},"is_potentially_hazardous_asteroid":true,"close_approach_data":[{"close_approach_date":"2071-01-06","relative_velocity":{"kilometers_per_second":"15.658982681"},"miss_distance":{"kilometers":"58876712"}}]},{"name":"(2016 PQ8)","estimated_diameter":{"meters":{"estimated_diameter_min":101.054341542,"estimated_diameter_max":225.9643771094}},"is_potentially_hazardous_asteroid":false,"close_approach_data":[{"close_approach_date":"2071-01-06","relative_velocity":{"kilometers_per_second":"6.9833114124"},"miss_distance":{"kilometers":"48023396"}}]}]