[{"name":"105141 (2000 NF11)","estimated_diameter":{"meters":{"estimated_diameter_min":441.1181999969,"estimated_diameter_max":986.3702813054}},"is_potentially_hazardous_asteroid":false,"close_approach_data":[{"close_approach_date":"2071-02-27","relative_velocity":{"kilometers_per_second":"7.8918100391"},"miss_distance":{"kilometers":"60115204"}}]},{"name":"(2008 EO6)","estimated_diameter":{"meters":{"estimated_diameter_min":350.3926411083,"estimated_diameter_max":783.5017643338}},"is_potentially_hazardous_asteroid":false,"close_approach_data":[{"close_approach_date":"2071-02-27","relative_velocity":{"kilometers_per_second":"9.8854925579"},"miss_distance":{"kilometers":"48050700"}}]},{"name":"(2017 HW4)","estimated_diameter":{"meters":{"estimated_diameter_min":104.3650238292,"estimated_diameter_max":233.3672877555}},"is_potentially_hazardous_asteroid":false,"close_approach_data":[{"close_approach_date":"2071-02-27","relative_velocity":{"kilometers_per_second":"10.3131758332"},"miss_distance":{"kilometers":"71624232"}}]}]