[{"name":"152754 (1999 GS6)","estimated_diameter":{"meters":{"estimated_diameter_min":402.3045798343,"estimated_diameter_max":899.5803881691}},"is_potentially_hazardous_asteroid":true,"close_approach_data":[{"close_approach_date":"2071-09-10","relative_velocity":{"kilometers_per_second":"14.5406763191"},"miss_distance":{"kilometers":"3427939.5"}}]},{"name":"163348 (2002 NN4)","estimated_diameter":{"meters":{"estimated_diameter_min":253.8370293645,"estimated_diameter_max":567.5968528656}},"is_potentially_hazardous_asteroid":true,"close_approach_data":[{"close_approach_date":"2071-09-10","relative_velocity":{"kilometers_per_second":"15.7906185379"},"miss_distance":{"kilometers":"24040992"}}]},{"name":"347634 (2001 SW269)","estimated_diameter":{"meters":{"estimated_diameter_min":334.6223744549,"estimated_diameter_max":748.2383760735}},"is_potentially_hazardous_asteroid":false,"close_approach_data":[{"close_approach_date":"2071-09-10","relative_velocity":{"kilometers_per_second":"22.9736977126"},"miss_distance":{"kilometers":"38096332"}}]},{"name":"369986 (1998 SO)","estimated_diameter":{"meters":{"estimated_diameter_min":201.6299194428,"estimated_diameter_max":450.8582061718}},"is_potentially_hazardous_asteroid":false,"close_approach_data":[{"close_approach_date":"2071-09-10","relative_velocity":{"kilometers_per_second":"32.6300167554"},"miss_distance":{"kilometers":"65389216"}}]},{"name":"401885 (2001 RV17)","estimated_diameter":{"meters":{"estimated_diameter_min":211.1324447897,"estimated_diameter_max":472.1064988055}},"is_potentially_hazardous_asteroid":false,"close_approach_data":[{"close_approach_date":"2071-09-10","relative_velocity":{"kilometers_per_second":"8.3356888611"},"miss_distance":{"kilometers":"32648432"}}]},{"name":"(2006 XK2)","estimated_diameter":{"meters":{"estimated_diameter_min":211.1324447897,"estimated_diameter_max":472.1064988055}},"is_potentially_hazardous_asteroid":false,"close_approach_data":[{"close_approach_date":"2071-09-10","relative_velocity":{"kilometers_per_second":"21.9277291191"},"miss_distance":{"kilometers":"70479704"}}]},{"name":"(2007 WU3)","estimated_diameter":{"meters":{"estimated_diameter_min":46.1907460282,"estimated_diameter_max":103.2856480504}},"is_potentially_hazardous_asteroid":false,"close_approach_data":[{"close_approach_date":"2071-09-10","relative_velocity":{"kilometers_per_second":"5.5884989927"},"miss_distance":{"kilometers":"31423248"}}]},{"name":"(2013 RV9)","estimated_diameter":{"meters":{"estimated_diameter_min":50.6471458835,"estimated_diameter_max":113.2504610618}},"is_potentially_hazardous_asteroid":false,"close_approach_data":[{"close_approach_date":"2071-09-10","relative_velocity":{"kilometers_per_second":"3.2674104679"},"miss_distance":{"kilometers":"30028074"}}]},{"name":"(2017 HX3)","estimated_diameter":{"meters":{"estimated_diameter_min":116.7763714923,"estimated_diameter_max":261.1199048226}},"is_potentially_hazardous_asteroid":true,"close_approach_data":[{"close_approach_date":"2071-09-10","relative_velocity":{"kilometers_per_second":"9.6315449943"},"miss_distance":{"kilometers":"43885432"}}]}]