[{"name":"99799 (2002 LJ3)","estimated_diameter":{"meters":{"estimated_diameter_min":581.5070396458,"estimated_diameter_max":1300.2892700427}},"is_potentially_hazardous_asteroid":false,"close_approach_data":[{"close_approach_date":"2071-10-21","relative_velocity":{"kilometers_per_second":"7.3596744992"},"miss_distance":{"kilometers":"36254260"}}]},{"name":"(1999 NW2)","estimated_diameter":{"meters":{"estimated_diameter_min":60.8912622106,"estimated_diameter_max":136.1570015386}},"is_potentially_hazardous_asteroid":false,"close_approach_data":[{"close_approach_date":"2071-10-21","relative_velocity":{"kilometers_per_second":"6.0915778771"},"miss_distance":{"kilometers":"29094680"}}]},{"name":"(2004 RF84)","estimated_diameter":{"meters":{"estimated_diameter_min":555.334911581,"estimated_diameter_max":1241.766612574}},"is_potentially_hazardous_asteroid":true,"close_approach_data":[{"close_approach_date":"2071-10-21","relative_velocity":{"kilometers_per_second":"22.4517480486"},"miss_distance":{"kilometers":"68121240"}}]},{"name":"(2008 SQ7)","estimated_diameter":{"meters":{"estimated_diameter_min":278.3267680719,"estimated_diameter_max":622.3575733667}},"is_potentially_hazardous_asteroid":false,"close_approach_data":[{"close_approach_date":"2071-10-21","relative_velocity":{"kilometers_per_second":"11.972913044"},"miss_distance":{"kilometers":"28155076"}}]},{"name":"494880 (2008 SQ7)","estimated_diameter":{"meters":{"estimated_diameter_min":278.3267680719,"estimated_diameter_max":622.3575733667}},"is_potentially_hazardous_asteroid":false,"close_approach_data":[{"close_approach_date":"2071-10-21","relative_velocity":{"kilometers_per_second":"11.9729127932"},"miss_distance":{"kilometers":"28155074"}}]}]