[{"name":"237442 (1999 TA10)","estimated_diameter":{"meters":{"estimated_diameter_min":637.6097898754,"estimated_diameter_max":1425.7388332807}},"is_potentially_hazardous_asteroid":false,"close_approach_data":[{"close_approach_date":"2071-05-25","relative_velocity":{"kilometers_per_second":"12.0173411531"},"miss_distance":{"kilometers":"50020484"}}]},{"name":"(1998 MS2)","estimated_diameter":{"meters":{"estimated_diameter_min":221.0828103591,"estimated_diameter_max":494.3561926196}},"is_potentially_hazardous_asteroid":false,"close_approach_data":[{"close_approach_date":"2071-05-25","relative_velocity":{"kilometers_per_second":"11.4310501577"},"miss_distance":{"kilometers":"44079532"}}]},{"name":"(2007 UY1)","estimated_diameter":{"meters":{"estimated_diameter_min":69.9125232246,"estimated_diameter_max":156.3291544087}},"is_potentially_hazardous_asteroid":false,"close_approach_data":[{"close_approach_date":"2071-05-25","relative_velocity":{"kilometers_per_second":"7.0420917844"},"miss_distance":{"kilometers":"34314508"}}]},{"name":"(2009 HC21)","estimated_diameter":{"meters":{"estimated_diameter_min":96.5061469579,"estimated_diameter_max":215.7943048444}},"is_potentially_hazardous_asteroid":false,"close_approach_data":[{"close_approach_date":"2071-05-25","relative_velocity":{"kilometers_per_second":"17.466325694"},"miss_distance":{"kilometers":"72988280"}}]},{"name":"(2011 LT17)","estimated_diameter":{"meters":{"estimated_diameter_min":127.2198785394,"estimated_diameter_max":284.4722965033}},"is_potentially_hazardous_asteroid":true,"close_approach_data":[{"close_approach_date":"2071-05-25","relative_velocity":{"kilometers_per_second":"25.0275876651"},"miss_distance":{"kilometers":"69952232"}}]},{"name":"(2012 FS62)","estimated_diameter":{"meters":{"estimated_diameter_min":242.4124811008,"estimated_diameter_max":542.0507863358}},"is_potentially_hazardous_asteroid":false,"close_approach_data":[{"close_approach_date":"2071-05-25","relative_velocity":{"kilometers_per_second":"23.2775194292"},"miss_distance":{"kilometers":"60699240"}}]},{"name":"(2015 FD134)","estimated_diameter":{"meters":{"estimated_diameter_min":221.0828103591,"estimated_diameter_max":494.3561926196}},"is_potentially_hazardous_asteroid":false,"close_approach_data":[{"close_approach_date":"2071-05-25","relative_velocity":{"kilometers_per_second":"4.6734840766"},"miss_distance":{"kilometers":"22862050"}}]}]