[{"name":"(2010 JV34)","estimated_diameter":{"meters":{"estimated_diameter_min":183.8886720703,"estimated_diameter_max":411.1875710413}},"is_potentially_hazardous_asteroid":true,"close_approach_data":[{"close_approach_date":"2071-08-06","relative_velocity":{"kilometers_per_second":"12.3990552896"},"miss_distance":{"kilometers":"38088116"}}]},{"name":"(2011 LA19)","estimated_diameter":{"meters":{"estimated_diameter_min":402.3045798343,"estimated_diameter_max":899.5803881691}},"is_potentially_hazardous_asteroid":true,"close_approach_data":[{"close_approach_date":"2071-08-06","relative_velocity":{"kilometers_per_second":"14.3797490743"},"miss_distance":{"kilometers":"39833576"}}]},{"name":"(2012 PP17)","estimated_diameter":{"meters":{"estimated_diameter_min":127.2198785394,"estimated_diameter_max":284.4722965033}},"is_potentially_hazardous_asteroid":false,"close_approach_data":[{"close_approach_date":"2071-08-06","relative_velocity":{"kilometers_per_second":"6.0982391842"},"miss_distance":{"kilometers":"20622354"}}]}]