[{"name":"(2005 UO)","estimated_diameter":{"meters":{"estimated_diameter_min":101.054341542,"estimated_diameter_max":225.9643771094}},"is_potentially_hazardous_asteroid":false,"close_approach_data":[{"close_approach_date":"2071-07-19","relative_velocity":{"kilometers_per_second":"19.6668179057"},"miss_distance":{"kilometers":"67653432"}}]},{"name":"475016 (2005 UO)","estimated_diameter":{"meters":{"estimated_diameter_min":101.054341542,"estimated_diameter_max":225.9643771094}},"is_potentially_hazardous_asteroid":false,"close_approach_data":[{"close_approach_date":"2071-07-19","relative_velocity":{"kilometers_per_second":"19.6668191544"},"miss_distance":{"kilometers":"67653432"}}]}]