[{"name":"105140 (2000 NL10)","estimated_diameter":{"meters":{"estimated_diameter_min":1838.8867207025,"estimated_diameter_max":4111.8757104125}},"is_potentially_hazardous_asteroid":false,"close_approach_data":[{"close_approach_date":"2071-10-27","relative_velocity":{"kilometers_per_second":"26.2976496516"},"miss_distance":{"kilometers":"59710592"}}]},{"name":"141851 (2002 PM6)","estimated_diameter":{"meters":{"estimated_diameter_min":766.5755735311,"estimated_diameter_max":1714.1150923063}},"is_potentially_hazardous_asteroid":true,"close_approach_data":[{"close_approach_date":"2071-10-27","relative_velocity":{"kilometers_per_second":"26.9373616739"},"miss_distance":{"kilometers":"50970640"}}]},{"name":"(2002 QH10)","estimated_diameter":{"meters":{"estimated_diameter_min":231.5021222103,"estimated_diameter_max":517.6544821978}},"is_potentially_hazardous_asteroid":true,"close_approach_data":[{"close_approach_date":"2071-10-27","relative_velocity":{"kilometers_per_second":"7.5760195992"},"miss_distance":{"kilometers":"11832459"}}]},{"name":"(2008 CL1)","estimated_diameter":{"meters":{"estimated_diameter_min":334.6223744549,"estimated_diameter_max":748.2383760735}},"is_potentially_hazardous_asteroid":false,"close_approach_data":[{"close_approach_date":"2071-10-27","relative_velocity":{"kilometers_per_second":"20.7300988048"},"miss_distance":{"kilometers":"74434072"}}]},{"name":"(2012 LA11)","estimated_diameter":{"meters":{"estimated_diameter_min":16.0160337979,"estimated_diameter_max":35.8129403019}},"is_potentially_hazardous_asteroid":false,"close_approach_data":[{"close_approach_date":"2071-10-27","relative_velocity":{"kilometers_per_second":"14.2632109961"},"miss_distance":{"kilometers":"58612380"}}]},{"name":"(2016 PD1)","estimated_diameter":{"meters":{"estimated_diameter_min":48.3676488219,"estimated_diameter_max":108.1533506775}},"is_potentially_hazardous_asteroid":false,"close_approach_data":[{"close_approach_date":"2071-10-27","relative_velocity":{"kilometers_per_second":"13.5918768654"},"miss_distance":{"kilometers":"56498868"}}]}]