[{"name":"152671 (1998 HL3)","estimated_diameter":{"meters":{"estimated_diameter_min":253.8370293645,"estimated_diameter_max":567.5968528656}},"is_potentially_hazardous_asteroid":true,"close_approach_data":[{"close_approach_date":"2071-02-10","relative_velocity":{"kilometers_per_second":"10.0906801259"},"miss_distance":{"kilometers":"72823104"}}]},{"name":"450237 (2002 XY38)","estimated_diameter":{"meters":{"estimated_diameter_min":69.9125232246,"estimated_diameter_max":156.3291544087}},"is_potentially_hazardous_asteroid":false,"close_approach_data":[{"close_approach_date":"2071-02-10","relative_velocity":{"kilometers_per_second":"20.9335175684"},"miss_distance":{"kilometers":"68698464"}}]},{"name":"(2016 PO39)","estimated_diameter":{"meters":{"estimated_diameter_min":366.9061375314,"estimated_diameter_max":820.4270648822}},"is_potentially_hazardous_asteroid":true,"close_approach_data":[{"close_approach_date":"2071-02-10","relative_velocity":{"kilometers_per_second":"25.3463745084"},"miss_distance":{"kilometers":"34685564"}}]}]