[{"name":"(2010 CO1)","estimated_diameter":{"meters":{"estimated_diameter_min":116.0259082094,"estimated_diameter_max":259.4418179074}},"is_potentially_hazardous_asteroid":true,"close_approach_data":[{"close_approach_date":"2071-09-11","relative_velocity":{"kilometers_per_second":"12.2603243998"},"miss_distance":{"kilometers":"24825684"}}]},{"name":"(2012 CQ36)","estimated_diameter":{"meters":{"estimated_diameter_min":110.8038821264,"estimated_diameter_max":247.7650126055}},"is_potentially_hazardous_asteroid":false,"close_approach_data":[{"close_approach_date":"2071-09-11","relative_velocity":{"kilometers_per_second":"21.7488941509"},"miss_distance":{"kilometers":"36594524"}}]},{"name":"504800 (2010 CO1)","estimated_diameter":{"meters":{"estimated_diameter_min":116.0259082094,"estimated_diameter_max":259.4418179074}},"is_potentially_hazardous_asteroid":true,"close_approach_data":[{"close_approach_date":"2071-09-11","relative_velocity":{"kilometers_per_second":"12.2603244246"},"miss_distance":{"kilometers":"24825682"}}]}]