[{"name":"374158 (2004 UL)","estimated_diameter":{"meters":{"estimated_diameter_min":461.9074602816,"estimated_diameter_max":1032.8564805039}},"is_potentially_hazardous_asteroid":true,"close_approach_data":[{"close_approach_date":"2071-11-10","relative_velocity":{"kilometers_per_second":"26.0219115244"},"miss_distance":{"kilometers":"60144736"}}]},{"name":"(2010 MP1)","estimated_diameter":{"meters":{"estimated_diameter_min":139.4938229344,"estimated_diameter_max":311.9176705226}},"is_potentially_hazardous_asteroid":false,"close_approach_data":[{"close_approach_date":"2071-11-10","relative_velocity":{"kilometers_per_second":"18.3168915585"},"miss_distance":{"kilometers":"66549436"}}]},{"name":"(2013 JO4)","estimated_diameter":{"meters":{"estimated_diameter_min":221.0828103591,"estimated_diameter_max":494.3561926196}},"is_potentially_hazardous_asteroid":false,"close_approach_data":[{"close_approach_date":"2071-11-10","relative_velocity":{"kilometers_per_second":"28.5280402055"},"miss_distance":{"kilometers":"62786920"}}]},{"name":"(2015 VZ2)","estimated_diameter":{"meters":{"estimated_diameter_min":76.6575573531,"estimated_diameter_max":171.4115092306}},"is_potentially_hazardous_asteroid":false,"close_approach_data":[{"close_approach_date":"2071-11-10","relative_velocity":{"kilometers_per_second":"10.7517704694"},"miss_distance":{"kilometers":"7829275"}}]}]