[{"name":"5604 (1992 FE)","estimated_diameter":{"meters":{"estimated_diameter_min":965.0614695789,"estimated_diameter_max":2157.9430484443}},"is_potentially_hazardous_asteroid":true,"close_approach_data":[{"close_approach_date":"2071-06-15","relative_velocity":{"kilometers_per_second":"18.264511618"},"miss_distance":{"kilometers":"32078482"}}]},{"name":"333478 (2004 SD20)","estimated_diameter":{"meters":{"estimated_diameter_min":608.9126221057,"estimated_diameter_max":1361.5700153859}},"is_potentially_hazardous_asteroid":false,"close_approach_data":[{"close_approach_date":"2071-06-15","relative_velocity":{"kilometers_per_second":"19.3957302197"},"miss_distance":{"kilometers":"37410860"}}]},{"name":"(2016 PD2)","estimated_diameter":{"meters":{"estimated_diameter_min":31.9561886721,"estimated_diameter_max":71.4562101727}},"is_potentially_hazardous_asteroid":false,"close_approach_data":[{"close_approach_date":"2071-06-15","relative_velocity":{"kilometers_per_second":"7.7730295757"},"miss_distance":{"kilometers":"71942816"}}]},{"name":"(2008 MG1)","estimated_diameter":{"meters":{"estimated_diameter_min":278.3267680719,"estimated_diameter_max":622.3575733667}},"is_potentially_hazardous_asteroid":false,"close_approach_data":[{"close_approach_date":"2071-06-15","relative_velocity":{"kilometers_per_second":"18.7720547813"},"miss_distance":{"kilometers":"49953348"}}]},{"name":"(2009 ME9)","estimated_diameter":{"meters":{"estimated_diameter_min":152.9519353442,"estimated_diameter_max":342.0109247198}},"is_potentially_hazardous_asteroid":false,"close_approach_data":[{"close_approach_date":"2071-06-15","relative_velocity":{"kilometers_per_second":"19.7374555864"},"miss_distance":{"kilometers":"24501074"}}]}]