[{"name":"414960 (2011 CS4)","estimated_diameter":{"meters":{"estimated_diameter_min":265.8,"estimated_diameter_max":594.3468684194}},"is_potentially_hazardous_asteroid":false,"close_approach_data":[{"close_approach_date":"2071-11-20","relative_velocity":{"kilometers_per_second":"9.7070939088"},"miss_distance":{"kilometers":"42511320"}}]},{"name":"417655 (2006 YF13)","estimated_diameter":{"meters":{"estimated_diameter_min":278.3267680719,"estimated_diameter_max":622.3575733667}},"is_potentially_hazardous_asteroid":false,"close_approach_data":[{"close_approach_date":"2071-11-20","relative_velocity":{"kilometers_per_second":"12.7794052682"},"miss_distance":{"kilometers":"16371484"}}]},{"name":"(2002 XP37)","estimated_diameter":{"meters":{"estimated_diameter_min":221.0828103591,"estimated_diameter_max":494.3561926196}},"is_potentially_hazardous_asteroid":false,"close_approach_data":[{"close_approach_date":"2071-11-20","relative_velocity":{"kilometers_per_second":"12.352703041"},"miss_distance":{"kilometers":"60714260"}}]},{"name":"(2011 UV63)","estimated_diameter":{"meters":{"estimated_diameter_min":121.4940407996,"estimated_diameter_max":271.6689340891}},"is_potentially_hazardous_asteroid":true,"close_approach_data":[{"close_approach_date":"2071-11-20","relative_velocity":{"kilometers_per_second":"6.7170840021"},"miss_distance":{"kilometers":"53580064"}}]},{"name":"(2015 WY1)","estimated_diameter":{"meters":{"estimated_diameter_min":101.054341542,"estimated_diameter_max":225.9643771094}},"is_potentially_hazardous_asteroid":false,"close_approach_data":[{"close_approach_date":"2071-11-20","relative_velocity":{"kilometers_per_second":"20.7877319053"},"miss_distance":{"kilometers":"57647944"}}]},{"name":"480922 (2002 XP37)","estimated_diameter":{"meters":{"estimated_diameter_min":211.1324447897,"estimated_diameter_max":472.1064988055}},"is_potentially_hazardous_asteroid":false,"close_approach_data":[{"close_approach_date":"2071-11-20","relative_velocity":{"kilometers_per_second":"12.3527051908"},"miss_distance":{"kilometers":"60714240"}}]}]