[{"name":"(2004 SB56)","estimated_diameter":{"meters":{"estimated_diameter_min":384.1978910643,"estimated_diameter_max":859.0926012318}},"is_potentially_hazardous_asteroid":false,"close_approach_data":[{"close_approach_date":"2071-03-11","relative_velocity":{"kilometers_per_second":"13.4592439871"},"miss_distance":{"kilometers":"58226968"}}]},{"name":"(2007 EW)","estimated_diameter":{"meters":{"estimated_diameter_min":461.9074602816,"estimated_diameter_max":1032.8564805039}},"is_potentially_hazardous_asteroid":false,"close_approach_data":[{"close_approach_date":"2071-03-11","relative_velocity":{"kilometers_per_second":"15.0975583794"},"miss_distance":{"kilometers":"71536016"}}]},{"name":"(2013 TV5)","estimated_diameter":{"meters":{"estimated_diameter_min":384.1978910643,"estimated_diameter_max":859.0926012318}},"is_potentially_hazardous_asteroid":false,"close_approach_data":[{"close_approach_date":"2071-03-11","relative_velocity":{"kilometers_per_second":"10.7257398989"},"miss_distance":{"kilometers":"66923136"}}]},{"name":"474611 (2004 SB56)","estimated_diameter":{"meters":{"estimated_diameter_min":384.1978910643,"estimated_diameter_max":859.0926012318}},"is_potentially_hazardous_asteroid":false,"close_approach_data":[{"close_approach_date":"2071-03-11","relative_velocity":{"kilometers_per_second":"13.459235532"},"miss_distance":{"kilometers":"58226668"}}]},{"name":"479325 (2013 TV5)","estimated_diameter":{"meters":{"estimated_diameter_min":366.9061375314,"estimated_diameter_max":820.4270648822}},"is_potentially_hazardous_asteroid":false,"close_approach_data":[{"close_approach_date":"2071-03-11","relative_velocity":{"kilometers_per_second":"10.7257182353"},"miss_distance":{"kilometers":"66922184"}}]},{"name":"(2017 FX64)","estimated_diameter":{"meters":{"estimated_diameter_min":247.4884732993,"estimated_diameter_max":553.401049945}},"is_potentially_hazardous_asteroid":false,"close_approach_data":[{"close_approach_date":"2071-03-11","relative_velocity":{"kilometers_per_second":"22.7100017408"},"miss_distance":{"kilometers":"40258000"}}]}]