[{"name":"10150 (1994 PN)","estimated_diameter":{"meters":{"estimated_diameter_min":2210.8281035909,"estimated_diameter_max":4943.5619261962}},"is_potentially_hazardous_asteroid":false,"close_approach_data":[{"close_approach_date":"2071-07-24","relative_velocity":{"kilometers_per_second":"24.0967987013"},"miss_distance":{"kilometers":"40230220"}}]},{"name":"138013 (2000 CN101)","estimated_diameter":{"meters":{"estimated_diameter_min":3051.7923259387,"estimated_diameter_max":6824.0150940112}},"is_potentially_hazardous_asteroid":false,"close_approach_data":[{"close_approach_date":"2071-07-24","relative_velocity":{"kilometers_per_second":"21.1480440437"},"miss_distance":{"kilometers":"70530960"}}]},{"name":"187026 (2005 EK70)","estimated_diameter":{"meters":{"estimated_diameter_min":921.6265485028,"estimated_diameter_max":2060.8196123208}},"is_potentially_hazardous_asteroid":false,"close_approach_data":[{"close_approach_date":"2071-07-24","relative_velocity":{"kilometers_per_second":"18.2817187992"},"miss_distance":{"kilometers":"51428592"}}]},{"name":"(2008 KT)","estimated_diameter":{"meters":{"estimated_diameter_min":6.0891262211,"estimated_diameter_max":13.6157001539}},"is_potentially_hazardous_asteroid":false,"close_approach_data":[{"close_approach_date":"2071-07-24","relative_velocity":{"kilometers_per_second":"2.4759276747"},"miss_distance":{"kilometers":"12424762"}}]},{"name":"(2010 GV147)","estimated_diameter":{"meters":{"estimated_diameter_min":530.3407233187,"estimated_diameter_max":1185.8779085771}},"is_potentially_hazardous_asteroid":false,"close_approach_data":[{"close_approach_date":"2071-07-24","relative_velocity":{"kilometers_per_second":"26.6115438169"},"miss_distance":{"kilometers":"64633216"}}]},{"name":"(2017 FS64)","estimated_diameter":{"meters":{"estimated_diameter_min":52.6447389645,"estimated_diameter_max":117.7172149823}},"is_potentially_hazardous_asteroid":false,"close_approach_data":[{"close_approach_date":"2071-07-24","relative_velocity":{"kilometers_per_second":"7.2863020031"},"miss_distance":{"kilometers":"27113696"}}]}]