[{"name":"168044 (2005 SG)","estimated_diameter":{"meters":{"estimated_diameter_min":421.2646105562,"estimated_diameter_max":941.9763057186}},"is_potentially_hazardous_asteroid":false,"close_approach_data":[{"close_approach_date":"2071-10-11","relative_velocity":{"kilometers_per_second":"25.20650024"},"miss_distance":{"kilometers":"72934504"}}]},{"name":"(2012 TV)","estimated_diameter":{"meters":{"estimated_diameter_min":24.2412481101,"estimated_diameter_max":54.2050786336}},"is_potentially_hazardous_asteroid":false,"close_approach_data":[{"close_approach_date":"2071-10-11","relative_velocity":{"kilometers_per_second":"15.6021661532"},"miss_distance":{"kilometers":"5600606.5"}}]},{"name":"(2015 TD144)","estimated_diameter":{"meters":{"estimated_diameter_min":80.2703167283,"estimated_diameter_max":179.4898847799}},"is_potentially_hazardous_asteroid":false,"close_approach_data":[{"close_approach_date":"2071-10-11","relative_velocity":{"kilometers_per_second":"30.2603917617"},"miss_distance":{"kilometers":"32333128"}}]}]