[{"name":"419472 (2010 DW1)","estimated_diameter":{"meters":{"estimated_diameter_min":278.3267680719,"estimated_diameter_max":622.3575733667}},"is_potentially_hazardous_asteroid":true,"close_approach_data":[{"close_approach_date":"2071-03-01","relative_velocity":{"kilometers_per_second":"13.253624566"},"miss_distance":{"kilometers":"8005739"}}]},{"name":"(2001 XX4)","estimated_diameter":{"meters":{"estimated_diameter_min":101.054341542,"estimated_diameter_max":225.9643771094}},"is_potentially_hazardous_asteroid":true,"close_approach_data":[{"close_approach_date":"2071-03-01","relative_velocity":{"kilometers_per_second":"13.3553843324"},"miss_distance":{"kilometers":"74435528"}}]},{"name":"(2015 VH65)","estimated_diameter":{"meters":{"estimated_diameter_min":7.6657557353,"estimated_diameter_max":17.1411509231}},"is_potentially_hazardous_asteroid":false,"close_approach_data":[{"close_approach_date":"2071-03-01","relative_velocity":{"kilometers_per_second":"10.2524788949"},"miss_distance":{"kilometers":"53127532"}}]}]