[{"name":"462238 (2008 CN1)","estimated_diameter":{"meters":{"estimated_diameter_min":201.6299194428,"estimated_diameter_max":450.8582061718}},"is_potentially_hazardous_asteroid":true,"close_approach_data":[{"close_approach_date":"2071-03-16","relative_velocity":{"kilometers_per_second":"22.3269104458"},"miss_distance":{"kilometers":"66474624"}}]},{"name":"(2002 CD14)","estimated_diameter":{"meters":{"estimated_diameter_min":201.6299194428,"estimated_diameter_max":450.8582061718}},"is_potentially_hazardous_asteroid":true,"close_approach_data":[{"close_approach_date":"2071-03-16","relative_velocity":{"kilometers_per_second":"27.6267280921"},"miss_distance":{"kilometers":"59163328"}}]},{"name":"(2008 GD110)","estimated_diameter":{"meters":{"estimated_diameter_min":33.4622374455,"estimated_diameter_max":74.8238376074}},"is_potentially_hazardous_asteroid":false,"close_approach_data":[{"close_approach_date":"2071-03-16","relative_velocity":{"kilometers_per_second":"6.3568625054"},"miss_distance":{"kilometers":"36982400"}}]},{"name":"(2015 SZ16)","estimated_diameter":{"meters":{"estimated_diameter_min":76.6575573531,"estimated_diameter_max":171.4115092306}},"is_potentially_hazardous_asteroid":false,"close_approach_data":[{"close_approach_date":"2071-03-16","relative_velocity":{"kilometers_per_second":"13.3500508175"},"miss_distance":{"kilometers":"13840719"}}]}]