[{"name":"(2014 AD16)","estimated_diameter":{"meters":{"estimated_diameter_min":8.801465209,"estimated_diameter_max":19.6806745089}},"is_potentially_hazardous_asteroid":false,"close_approach_data":[{"close_approach_date":"2071-11-27","relative_velocity":{"kilometers_per_second":"5.9222684977"},"miss_distance":{"kilometers":"66307120"}}]},{"name":"(2014 VH2)","estimated_diameter":{"meters":{"estimated_diameter_min":127.2198785394,"estimated_diameter_max":284.4722965033}},"is_potentially_hazardous_asteroid":false,"close_approach_data":[{"close_approach_date":"2071-11-27","relative_velocity":{"kilometers_per_second":"9.9783098676"},"miss_distance":{"kilometers":"28685164"}}]}]