[{"name":"(2012 EJ8)","estimated_diameter":{"meters":{"estimated_diameter_min":42.1264610556,"estimated_diameter_max":94.1976305719}},"is_potentially_hazardous_asteroid":false,"close_approach_data":[{"close_approach_date":"2071-08-10","relative_velocity":{"kilometers_per_second":"16.5849718759"},"miss_distance":{"kilometers":"32664516"}}]},{"name":"4581 Asclepius (1989 FC)","estimated_diameter":{"meters":{"estimated_diameter_min":192.5550781879,"estimated_diameter_max":430.566244241}},"is_potentially_hazardous_asteroid":true,"close_approach_data":[{"close_approach_date":"2071-08-10","relative_velocity":{"kilometers_per_second":"18.7046480774"},"miss_distance":{"kilometers":"41546756"}}]},{"name":"(2003 YN107)","estimated_diameter":{"meters":{"estimated_diameter_min":13.3215566698,"estimated_diameter_max":29.7879062798}},"is_potentially_hazardous_asteroid":false,"close_approach_data":[{"close_approach_date":"2071-08-10","relative_velocity":{"kilometers_per_second":"13.962787814"},"miss_distance":{"kilometers":"71186096"}}]},{"name":"(2012 PP28)","estimated_diameter":{"meters":{"estimated_diameter_min":366.9061375314,"estimated_diameter_max":820.4270648822}},"is_potentially_hazardous_asteroid":true,"close_approach_data":[{"close_approach_date":"2071-08-10","relative_velocity":{"kilometers_per_second":"16.6218017325"},"miss_distance":{"kilometers":"16424055"}}]},{"name":"(2016 UP41)","estimated_diameter":{"meters":{"estimated_diameter_min":127.2198785394,"estimated_diameter_max":284.4722965033}},"is_potentially_hazardous_asteroid":false,"close_approach_data":[{"close_approach_date":"2071-08-10","relative_velocity":{"kilometers_per_second":"11.1431809442"},"miss_distance":{"kilometers":"29193178"}}]}]