[{"name":"138127 (2000 EE14)","estimated_diameter":{"meters":{"estimated_diameter_min":1010.5434154201,"estimated_diameter_max":2259.643771094}},"is_potentially_hazardous_asteroid":true,"close_approach_data":[{"close_approach_date":"2071-02-26","relative_velocity":{"kilometers_per_second":"19.0457717136"},"miss_distance":{"kilometers":"21496814"}}]},{"name":"(2006 SJ198)","estimated_diameter":{"meters":{"estimated_diameter_min":732.0739893473,"estimated_diameter_max":1636.96720474}},"is_potentially_hazardous_asteroid":false,"close_approach_data":[{"close_approach_date":"2071-02-26","relative_velocity":{"kilometers_per_second":"0.6458929015"},"miss_distance":{"kilometers":"68722008"}}]},{"name":"(2012 DK31)","estimated_diameter":{"meters":{"estimated_diameter_min":116.0259082094,"estimated_diameter_max":259.4418179074}},"is_potentially_hazardous_asteroid":true,"close_approach_data":[{"close_approach_date":"2071-02-26","relative_velocity":{"kilometers_per_second":"20.1566759665"},"miss_distance":{"kilometers":"24389348"}}]}]