[{"name":"252091 (2000 UP30)","estimated_diameter":{"meters":{"estimated_diameter_min":965.0614695789,"estimated_diameter_max":2157.9430484443}},"is_potentially_hazardous_asteroid":false,"close_approach_data":[{"close_approach_date":"2071-07-03","relative_velocity":{"kilometers_per_second":"21.010764652"},"miss_distance":{"kilometers":"67282008"}}]},{"name":"(2009 KW2)","estimated_diameter":{"meters":{"estimated_diameter_min":12.7219878539,"estimated_diameter_max":28.4472296503}},"is_potentially_hazardous_asteroid":false,"close_approach_data":[{"close_approach_date":"2071-07-03","relative_velocity":{"kilometers_per_second":"7.1432751299"},"miss_distance":{"kilometers":"17059078"}}]},{"name":"(2013 MR)","estimated_diameter":{"meters":{"estimated_diameter_min":121.4940407996,"estimated_diameter_max":271.6689340891}},"is_potentially_hazardous_asteroid":false,"close_approach_data":[{"close_approach_date":"2071-07-03","relative_velocity":{"kilometers_per_second":"13.1389639371"},"miss_distance":{"kilometers":"47084276"}}]},{"name":"(2015 KJ157)","estimated_diameter":{"meters":{"estimated_diameter_min":384.1978910643,"estimated_diameter_max":859.0926012318}},"is_potentially_hazardous_asteroid":false,"close_approach_data":[{"close_approach_date":"2071-07-03","relative_velocity":{"kilometers_per_second":"21.7830353702"},"miss_distance":{"kilometers":"53444504"}}]}]