[{"name":"10302 (1989 ML)","estimated_diameter":{"meters":{"estimated_diameter_min":366.9061375314,"estimated_diameter_max":820.4270648822}},"is_potentially_hazardous_asteroid":false,"close_approach_data":[{"close_approach_date":"2071-12-21","relative_velocity":{"kilometers_per_second":"7.3743356638"},"miss_distance":{"kilometers":"67823184"}}]},{"name":"87311 (2000 QJ1)","estimated_diameter":{"meters":{"estimated_diameter_min":1394.9382293439,"estimated_diameter_max":3119.1767052261}},"is_potentially_hazardous_asteroid":false,"close_approach_data":[{"close_approach_date":"2071-12-21","relative_velocity":{"kilometers_per_second":"22.8884008902"},"miss_distance":{"kilometers":"51473764"}}]},{"name":"(2016 XE18)","estimated_diameter":{"meters":{"estimated_diameter_min":23.150212221,"estimated_diameter_max":51.7654482198}},"is_potentially_hazardous_asteroid":false,"close_approach_data":[{"close_approach_date":"2071-12-21","relative_velocity":{"kilometers_per_second":"8.7816164253"},"miss_distance":{"kilometers":"18878314"}}]}]