[{"name":"154276 (2002 SY50)","estimated_diameter":{"meters":{"estimated_diameter_min":802.7031672829,"estimated_diameter_max":1794.8988477988}},"is_potentially_hazardous_asteroid":true,"close_approach_data":[{"close_approach_date":"2071-10-30","relative_velocity":{"kilometers_per_second":"21.4139098635"},"miss_distance":{"kilometers":"1312582.875"}}]},{"name":"(2007 CT26)","estimated_diameter":{"meters":{"estimated_diameter_min":55.5334911581,"estimated_diameter_max":124.1766612574}},"is_potentially_hazardous_asteroid":false,"close_approach_data":[{"close_approach_date":"2071-10-30","relative_velocity":{"kilometers_per_second":"16.5894978637"},"miss_distance":{"kilometers":"67142856"}}]},{"name":"(2014 QK362)","estimated_diameter":{"meters":{"estimated_diameter_min":127.2198785394,"estimated_diameter_max":284.4722965033}},"is_potentially_hazardous_asteroid":false,"close_approach_data":[{"close_approach_date":"2071-10-30","relative_velocity":{"kilometers_per_second":"23.3234726774"},"miss_distance":{"kilometers":"48818420"}}]},{"name":"(2015 XR55)","estimated_diameter":{"meters":{"estimated_diameter_min":242.4124811008,"estimated_diameter_max":542.0507863358}},"is_potentially_hazardous_asteroid":false,"close_approach_data":[{"close_approach_date":"2071-10-30","relative_velocity":{"kilometers_per_second":"16.1868063689"},"miss_distance":{"kilometers":"59781060"}}]}]