[{"name":"162510 (2000 QW69)","estimated_diameter":{"meters":{"estimated_diameter_min":840.5334020728,"estimated_diameter_max":1879.4898243938}},"is_potentially_hazardous_asteroid":true,"close_approach_data":[{"close_approach_date":"2071-02-17","relative_velocity":{"kilometers_per_second":"27.1252207558"},"miss_distance":{"kilometers":"60331608"}}]},{"name":"(2002 CC14)","estimated_diameter":{"meters":{"estimated_diameter_min":29.1443904535,"estimated_diameter_max":65.1688382168}},"is_potentially_hazardous_asteroid":false,"close_approach_data":[{"close_approach_date":"2071-02-17","relative_velocity":{"kilometers_per_second":"25.9912144017"},"miss_distance":{"kilometers":"67263192"}}]},{"name":"(2005 ES70)","estimated_diameter":{"meters":{"estimated_diameter_min":46.1907460282,"estimated_diameter_max":103.2856480504}},"is_potentially_hazardous_asteroid":false,"close_approach_data":[{"close_approach_date":"2071-02-17","relative_velocity":{"kilometers_per_second":"18.4443300077"},"miss_distance":{"kilometers":"53393428"}}]},{"name":"(2007 DW)","estimated_diameter":{"meters":{"estimated_diameter_min":211.1324447897,"estimated_diameter_max":472.1064988055}},"is_potentially_hazardous_asteroid":false,"close_approach_data":[{"close_approach_date":"2071-02-17","relative_velocity":{"kilometers_per_second":"30.8075617655"},"miss_distance":{"kilometers":"48899436"}}]},{"name":"(2009 FU23)","estimated_diameter":{"meters":{"estimated_diameter_min":265.8,"estimated_diameter_max":594.3468684194}},"is_potentially_hazardous_asteroid":true,"close_approach_data":[{"close_approach_date":"2071-02-17","relative_velocity":{"kilometers_per_second":"11.236790316"},"miss_distance":{"kilometers":"40071756"}}]},{"name":"(2016 DL)","estimated_diameter":{"meters":{"estimated_diameter_min":146.0679642714,"estimated_diameter_max":326.6178974458}},"is_potentially_hazardous_asteroid":true,"close_approach_data":[{"close_approach_date":"2071-02-17","relative_velocity":{"kilometers_per_second":"15.4660491917"},"miss_distance":{"kilometers":"52606228"}}]},{"name":"(2016 EE85)","estimated_diameter":{"meters":{"estimated_diameter_min":69.9125232246,"estimated_diameter_max":156.3291544087}},"is_potentially_hazardous_asteroid":false,"close_approach_data":[{"close_approach_date":"2071-02-17","relative_velocity":{"kilometers_per_second":"17.7290290516"},"miss_distance":{"kilometers":"50963152"}}]},{"name":"483656 (2005 ES70)","estimated_diameter":{"meters":{"estimated_diameter_min":46.1907460282,"estimated_diameter_max":103.2856480504}},"is_potentially_hazardous_asteroid":false,"close_approach_data":[{"close_approach_date":"2071-02-17","relative_velocity":{"kilometers_per_second":"18.444344983"},"miss_distance":{"kilometers":"53393428"}}]},{"name":"(2017 VR12)","estimated_diameter":{"meters":{"estimated_diameter_min":209.2931317604,"estimated_diameter_max":467.9936698401}},"is_potentially_hazardous_asteroid":true,"close_approach_data":[{"close_approach_date":"2071-02-17","relative_velocity":{"kilometers_per_second":"8.026097984"},"miss_distance":{"kilometers":"17507104"}}]}]