[{"name":"(1998 WL4)","estimated_diameter":{"meters":{"estimated_diameter_min":334.6223744549,"estimated_diameter_max":748.2383760735}},"is_potentially_hazardous_asteroid":false,"close_approach_data":[{"close_approach_date":"2071-03-21","relative_velocity":{"kilometers_per_second":"25.5374255613"},"miss_distance":{"kilometers":"47920772"}}]},{"name":"(2012 DK4)","estimated_diameter":{"meters":{"estimated_diameter_min":50.6471458835,"estimated_diameter_max":113.2504610618}},"is_potentially_hazardous_asteroid":false,"close_approach_data":[{"close_approach_date":"2071-03-21","relative_velocity":{"kilometers_per_second":"7.1410830745"},"miss_distance":{"kilometers":"9987377"}}]},{"name":"(2014 OP344)","estimated_diameter":{"meters":{"estimated_diameter_min":192.5550781879,"estimated_diameter_max":430.566244241}},"is_potentially_hazardous_asteroid":false,"close_approach_data":[{"close_approach_date":"2071-03-21","relative_velocity":{"kilometers_per_second":"17.4937444432"},"miss_distance":{"kilometers":"36415360"}}]},{"name":"(2017 FF128)","estimated_diameter":{"meters":{"estimated_diameter_min":20.2374121547,"estimated_diameter_max":45.2522292666}},"is_potentially_hazardous_asteroid":false,"close_approach_data":[{"close_approach_date":"2071-03-21","relative_velocity":{"kilometers_per_second":"19.657742528"},"miss_distance":{"kilometers":"40032880"}}]},{"name":"(2016 CL136)","estimated_diameter":{"meters":{"estimated_diameter_min":139.4938229344,"estimated_diameter_max":311.9176705226}},"is_potentially_hazardous_asteroid":true,"close_approach_data":[{"close_approach_date":"2071-03-21","relative_velocity":{"kilometers_per_second":"17.9793531628"},"miss_distance":{"kilometers":"42501684"}}]}]