[{"name":"436116 (2009 TB3)","estimated_diameter":{"meters":{"estimated_diameter_min":146.0679642714,"estimated_diameter_max":326.6178974458}},"is_potentially_hazardous_asteroid":false,"close_approach_data":[{"close_approach_date":"2071-08-20","relative_velocity":{"kilometers_per_second":"8.402345822"},"miss_distance":{"kilometers":"35201500"}}]},{"name":"(2014 HN178)","estimated_diameter":{"meters":{"estimated_diameter_min":53.0340723319,"estimated_diameter_max":118.5877908577}},"is_potentially_hazardous_asteroid":false,"close_approach_data":[{"close_approach_date":"2071-08-20","relative_velocity":{"kilometers_per_second":"14.4667837253"},"miss_distance":{"kilometers":"38932788"}}]},{"name":"(2014 SD224)","estimated_diameter":{"meters":{"estimated_diameter_min":96.5061469579,"estimated_diameter_max":215.7943048444}},"is_potentially_hazardous_asteroid":false,"close_approach_data":[{"close_approach_date":"2071-08-20","relative_velocity":{"kilometers_per_second":"17.6881590907"},"miss_distance":{"kilometers":"37952384"}}]},{"name":"(2015 NK3)","estimated_diameter":{"meters":{"estimated_diameter_min":146.0679642714,"estimated_diameter_max":326.6178974458}},"is_potentially_hazardous_asteroid":false,"close_approach_data":[{"close_approach_date":"2071-08-20","relative_velocity":{"kilometers_per_second":"15.0551270232"},"miss_distance":{"kilometers":"36474700"}}]},{"name":"501647 (2014 SD224)","estimated_diameter":{"meters":{"estimated_diameter_min":96.5061469579,"estimated_diameter_max":215.7943048444}},"is_potentially_hazardous_asteroid":false,"close_approach_data":[{"close_approach_date":"2071-08-20","relative_velocity":{"kilometers_per_second":"17.6880745206"},"miss_distance":{"kilometers":"37951984"}}]}]