[{"name":"162421 (2000 ET70)","estimated_diameter":{"meters":{"estimated_diameter_min":667.6594134952,"estimated_diameter_max":1492.931834393}},"is_potentially_hazardous_asteroid":true,"close_approach_data":[{"close_approach_date":"2071-09-06","relative_velocity":{"kilometers_per_second":"12.85080165"},"miss_distance":{"kilometers":"29336742"}}]},{"name":"276111 (2002 GM9)","estimated_diameter":{"meters":{"estimated_diameter_min":506.4714588346,"estimated_diameter_max":1132.5046106177}},"is_potentially_hazardous_asteroid":false,"close_approach_data":[{"close_approach_date":"2071-09-06","relative_velocity":{"kilometers_per_second":"6.9016878204"},"miss_distance":{"kilometers":"57689852"}}]},{"name":"342866 (2008 YU32)","estimated_diameter":{"meters":{"estimated_diameter_min":253.8370293645,"estimated_diameter_max":567.5968528656}},"is_potentially_hazardous_asteroid":true,"close_approach_data":[{"close_approach_date":"2071-09-06","relative_velocity":{"kilometers_per_second":"16.5728505349"},"miss_distance":{"kilometers":"54488780"}}]},{"name":"(2008 SQ)","estimated_diameter":{"meters":{"estimated_diameter_min":334.6223744549,"estimated_diameter_max":748.2383760735}},"is_potentially_hazardous_asteroid":false,"close_approach_data":[{"close_approach_date":"2071-09-06","relative_velocity":{"kilometers_per_second":"7.3895034073"},"miss_distance":{"kilometers":"23974802"}}]},{"name":"(2012 UC34)","estimated_diameter":{"meters":{"estimated_diameter_min":60.8912622106,"estimated_diameter_max":136.1570015386}},"is_potentially_hazardous_asteroid":false,"close_approach_data":[{"close_approach_date":"2071-09-06","relative_velocity":{"kilometers_per_second":"6.2607174831"},"miss_distance":{"kilometers":"15023308"}}]},{"name":"(2014 BW32)","estimated_diameter":{"meters":{"estimated_diameter_min":12.7219878539,"estimated_diameter_max":28.4472296503}},"is_potentially_hazardous_asteroid":false,"close_approach_data":[{"close_approach_date":"2071-09-06","relative_velocity":{"kilometers_per_second":"9.3636815549"},"miss_distance":{"kilometers":"51820048"}}]},{"name":"(2017 UQ6)","estimated_diameter":{"meters":{"estimated_diameter_min":9.9301309722,"estimated_diameter_max":22.2044478794}},"is_potentially_hazardous_asteroid":false,"close_approach_data":[{"close_approach_date":"2071-09-06","relative_velocity":{"kilometers_per_second":"17.1576083699"},"miss_distance":{"kilometers":"69764400"}}]}]