[{"name":"(2000 TU28)","estimated_diameter":{"meters":{"estimated_diameter_min":183.8886720703,"estimated_diameter_max":411.1875710413}},"is_potentially_hazardous_asteroid":true,"close_approach_data":[{"close_approach_date":"2071-08-30","relative_velocity":{"kilometers_per_second":"7.2227397869"},"miss_distance":{"kilometers":"54399168"}}]},{"name":"(2007 GZ5)","estimated_diameter":{"meters":{"estimated_diameter_min":152.9519353442,"estimated_diameter_max":342.0109247198}},"is_potentially_hazardous_asteroid":false,"close_approach_data":[{"close_approach_date":"2071-08-30","relative_velocity":{"kilometers_per_second":"13.4230968215"},"miss_distance":{"kilometers":"48356804"}}]},{"name":"(2016 CV246)","estimated_diameter":{"meters":{"estimated_diameter_min":22.1082810359,"estimated_diameter_max":49.435619262}},"is_potentially_hazardous_asteroid":false,"close_approach_data":[{"close_approach_date":"2071-08-30","relative_velocity":{"kilometers_per_second":"5.3942546508"},"miss_distance":{"kilometers":"1012566"}}]},{"name":"(2017 KE5)","estimated_diameter":{"meters":{"estimated_diameter_min":145.9334926405,"estimated_diameter_max":326.3172097381}},"is_potentially_hazardous_asteroid":false,"close_approach_data":[{"close_approach_date":"2071-08-30","relative_velocity":{"kilometers_per_second":"13.1106820443"},"miss_distance":{"kilometers":"41245164"}}]}]