[{"name":"(1999 CG9)","estimated_diameter":{"meters":{"estimated_diameter_min":24.2412481101,"estimated_diameter_max":54.2050786336}},"is_potentially_hazardous_asteroid":false,"close_approach_data":[{"close_approach_date":"2071-01-31","relative_velocity":{"kilometers_per_second":"4.1088676316"},"miss_distance":{"kilometers":"12034076"}}]},{"name":"(2005 BS27)","estimated_diameter":{"meters":{"estimated_diameter_min":221.0828103591,"estimated_diameter_max":494.3561926196}},"is_potentially_hazardous_asteroid":false,"close_approach_data":[{"close_approach_date":"2071-01-31","relative_velocity":{"kilometers_per_second":"24.9531773398"},"miss_distance":{"kilometers":"63797124"}}]},{"name":"(2015 BG92)","estimated_diameter":{"meters":{"estimated_diameter_min":25.3837029364,"estimated_diameter_max":56.7596852866}},"is_potentially_hazardous_asteroid":false,"close_approach_data":[{"close_approach_date":"2071-01-31","relative_velocity":{"kilometers_per_second":"16.1156334195"},"miss_distance":{"kilometers":"74603496"}}]},{"name":"(2006 OH15)","estimated_diameter":{"meters":{"estimated_diameter_min":441.1181999969,"estimated_diameter_max":986.3702813054}},"is_potentially_hazardous_asteroid":false,"close_approach_data":[{"close_approach_date":"2071-01-31","relative_velocity":{"kilometers_per_second":"20.1082504633"},"miss_distance":{"kilometers":"41920272"}}]}]