[{"name":"418797 (2008 VF)","estimated_diameter":{"meters":{"estimated_diameter_min":334.6223744549,"estimated_diameter_max":748.2383760735}},"is_potentially_hazardous_asteroid":false,"close_approach_data":[{"close_approach_date":"2071-05-14","relative_velocity":{"kilometers_per_second":"21.74424016"},"miss_distance":{"kilometers":"59731804"}}]},{"name":"(2010 GZ33)","estimated_diameter":{"meters":{"estimated_diameter_min":92.1626548503,"estimated_diameter_max":206.0819612321}},"is_potentially_hazardous_asteroid":false,"close_approach_data":[{"close_approach_date":"2071-05-14","relative_velocity":{"kilometers_per_second":"15.767577724"},"miss_distance":{"kilometers":"65596956"}}]}]