[{"name":"(2008 LG2)","estimated_diameter":{"meters":{"estimated_diameter_min":24.2412481101,"estimated_diameter_max":54.2050786336}},"is_potentially_hazardous_asteroid":false,"close_approach_data":[{"close_approach_date":"2071-06-24","relative_velocity":{"kilometers_per_second":"5.3281237591"},"miss_distance":{"kilometers":"2223988.25"}}]},{"name":"(2012 OA1)","estimated_diameter":{"meters":{"estimated_diameter_min":146.0679642714,"estimated_diameter_max":326.6178974458}},"is_potentially_hazardous_asteroid":false,"close_approach_data":[{"close_approach_date":"2071-06-24","relative_velocity":{"kilometers_per_second":"10.0233538805"},"miss_distance":{"kilometers":"33698060"}}]},{"name":"(2017 HZ)","estimated_diameter":{"meters":{"estimated_diameter_min":10.5719469848,"estimated_diameter_max":23.6395921126}},"is_potentially_hazardous_asteroid":false,"close_approach_data":[{"close_approach_date":"2071-06-24","relative_velocity":{"kilometers_per_second":"18.7636213236"},"miss_distance":{"kilometers":"69502616"}}]}]