[{"name":"(2012 DL31)","estimated_diameter":{"meters":{"estimated_diameter_min":73.2073989347,"estimated_diameter_max":163.696720474}},"is_potentially_hazardous_asteroid":false,"close_approach_data":[{"close_approach_date":"2071-01-20","relative_velocity":{"kilometers_per_second":"10.7073101013"},"miss_distance":{"kilometers":"25232332"}}]},{"name":"(2013 RX80)","estimated_diameter":{"meters":{"estimated_diameter_min":667.6594134952,"estimated_diameter_max":1492.931834393}},"is_potentially_hazardous_asteroid":false,"close_approach_data":[{"close_approach_date":"2071-01-20","relative_velocity":{"kilometers_per_second":"21.1531886003"},"miss_distance":{"kilometers":"59479528"}}]},{"name":"(2015 AJ44)","estimated_diameter":{"meters":{"estimated_diameter_min":92.1626548503,"estimated_diameter_max":206.0819612321}},"is_potentially_hazardous_asteroid":false,"close_approach_data":[{"close_approach_date":"2071-01-20","relative_velocity":{"kilometers_per_second":"11.6064480328"},"miss_distance":{"kilometers":"47519008"}}]}]