[{"name":"414287 (2008 OB9)","estimated_diameter":{"meters":{"estimated_diameter_min":766.5755735311,"estimated_diameter_max":1714.1150923063}},"is_potentially_hazardous_asteroid":true,"close_approach_data":[{"close_approach_date":"2071-11-26","relative_velocity":{"kilometers_per_second":"15.4709730735"},"miss_distance":{"kilometers":"38036576"}}]},{"name":"(2004 MD6)","estimated_diameter":{"meters":{"estimated_diameter_min":221.0828103591,"estimated_diameter_max":494.3561926196}},"is_potentially_hazardous_asteroid":true,"close_approach_data":[{"close_approach_date":"2071-11-26","relative_velocity":{"kilometers_per_second":"24.904047572"},"miss_distance":{"kilometers":"66120432"}}]},{"name":"(2008 WB59)","estimated_diameter":{"meters":{"estimated_diameter_min":366.9061375314,"estimated_diameter_max":820.4270648822}},"is_potentially_hazardous_asteroid":false,"close_approach_data":[{"close_approach_date":"2071-11-26","relative_velocity":{"kilometers_per_second":"13.4123012834"},"miss_distance":{"kilometers":"39108380"}}]},{"name":"(2014 WU365)","estimated_diameter":{"meters":{"estimated_diameter_min":183.8886720703,"estimated_diameter_max":411.1875710413}},"is_potentially_hazardous_asteroid":false,"close_approach_data":[{"close_approach_date":"2071-11-26","relative_velocity":{"kilometers_per_second":"9.5869808354"},"miss_distance":{"kilometers":"65067504"}}]},{"name":"(2006 YP)","estimated_diameter":{"meters":{"estimated_diameter_min":48.3676488219,"estimated_diameter_max":108.1533506775}},"is_potentially_hazardous_asteroid":false,"close_approach_data":[{"close_approach_date":"2071-11-26","relative_velocity":{"kilometers_per_second":"4.6886344147"},"miss_distance":{"kilometers":"33967316"}}]},{"name":"(2001 XP31)","estimated_diameter":{"meters":{"estimated_diameter_min":116.0259082094,"estimated_diameter_max":259.4418179074}},"is_potentially_hazardous_asteroid":true,"close_approach_data":[{"close_approach_date":"2071-11-26","relative_velocity":{"kilometers_per_second":"17.8104039117"},"miss_distance":{"kilometers":"27399476"}}]}]