[{"name":"153349 (2001 PJ9)","estimated_diameter":{"meters":{"estimated_diameter_min":530.3407233187,"estimated_diameter_max":1185.8779085771}},"is_potentially_hazardous_asteroid":false,"close_approach_data":[{"close_approach_date":"2071-06-02","relative_velocity":{"kilometers_per_second":"15.7464518347"},"miss_distance":{"kilometers":"48488812"}}]},{"name":"(2004 VA1)","estimated_diameter":{"meters":{"estimated_diameter_min":211.1324447897,"estimated_diameter_max":472.1064988055}},"is_potentially_hazardous_asteroid":false,"close_approach_data":[{"close_approach_date":"2071-06-02","relative_velocity":{"kilometers_per_second":"22.9193608901"},"miss_distance":{"kilometers":"73176008"}}]},{"name":"481025 (2004 VA1)","estimated_diameter":{"meters":{"estimated_diameter_min":201.6299194428,"estimated_diameter_max":450.8582061718}},"is_potentially_hazardous_asteroid":false,"close_approach_data":[{"close_approach_date":"2071-06-02","relative_velocity":{"kilometers_per_second":"22.9193499271"},"miss_distance":{"kilometers":"73175992"}}]},{"name":"(2017 XA1)","estimated_diameter":{"meters":{"estimated_diameter_min":139.9442234604,"estimated_diameter_max":312.9247967158}},"is_potentially_hazardous_asteroid":true,"close_approach_data":[{"close_approach_date":"2071-06-02","relative_velocity":{"kilometers_per_second":"13.8790889291"},"miss_distance":{"kilometers":"50740544"}}]}]