[{"name":"(2013 AS27)","estimated_diameter":{"meters":{"estimated_diameter_min":139.4938229344,"estimated_diameter_max":311.9176705226}},"is_potentially_hazardous_asteroid":true,"close_approach_data":[{"close_approach_date":"2071-01-07","relative_velocity":{"kilometers_per_second":"23.8084875155"},"miss_distance":{"kilometers":"55167528"}}]},{"name":"(2017 WQ1)","estimated_diameter":{"meters":{"estimated_diameter_min":26.4456944961,"estimated_diameter_max":59.1343706056}},"is_potentially_hazardous_asteroid":false,"close_approach_data":[{"close_approach_date":"2071-01-07","relative_velocity":{"kilometers_per_second":"7.9868307651"},"miss_distance":{"kilometers":"11493107"}}]}]