[{"name":"357618 (2005 EM30)","estimated_diameter":{"meters":{"estimated_diameter_min":421.2646105562,"estimated_diameter_max":941.9763057186}},"is_potentially_hazardous_asteroid":false,"close_approach_data":[{"close_approach_date":"2071-09-21","relative_velocity":{"kilometers_per_second":"28.4511963007"},"miss_distance":{"kilometers":"18627712"}}]},{"name":"(2001 CQ36)","estimated_diameter":{"meters":{"estimated_diameter_min":84.0533402073,"estimated_diameter_max":187.9489824394}},"is_potentially_hazardous_asteroid":false,"close_approach_data":[{"close_approach_date":"2071-09-21","relative_velocity":{"kilometers_per_second":"6.7991655695"},"miss_distance":{"kilometers":"33538402"}}]},{"name":"(2002 LS32)","estimated_diameter":{"meters":{"estimated_diameter_min":608.9126221057,"estimated_diameter_max":1361.5700153859}},"is_potentially_hazardous_asteroid":false,"close_approach_data":[{"close_approach_date":"2071-09-21","relative_velocity":{"kilometers_per_second":"19.9656450021"},"miss_distance":{"kilometers":"64045116"}}]},{"name":"(2003 OA3)","estimated_diameter":{"meters":{"estimated_diameter_min":334.6223744549,"estimated_diameter_max":748.2383760735}},"is_potentially_hazardous_asteroid":false,"close_approach_data":[{"close_approach_date":"2071-09-21","relative_velocity":{"kilometers_per_second":"9.8350343689"},"miss_distance":{"kilometers":"30318530"}}]},{"name":"(2003 YS17)","estimated_diameter":{"meters":{"estimated_diameter_min":127.2198785394,"estimated_diameter_max":284.4722965033}},"is_potentially_hazardous_asteroid":true,"close_approach_data":[{"close_approach_date":"2071-09-21","relative_velocity":{"kilometers_per_second":"14.0811117913"},"miss_distance":{"kilometers":"27452634"}}]},{"name":"(2010 PM58)","estimated_diameter":{"meters":{"estimated_diameter_min":175.6123184804,"estimated_diameter_max":392.6810818086}},"is_potentially_hazardous_asteroid":false,"close_approach_data":[{"close_approach_date":"2071-09-21","relative_velocity":{"kilometers_per_second":"12.7461727835"},"miss_distance":{"kilometers":"38671640"}}]},{"name":"(2016 FC13)","estimated_diameter":{"meters":{"estimated_diameter_min":105.8168859331,"estimated_diameter_max":236.6137501138}},"is_potentially_hazardous_asteroid":false,"close_approach_data":[{"close_approach_date":"2071-09-21","relative_velocity":{"kilometers_per_second":"21.624967093"},"miss_distance":{"kilometers":"73173360"}}]},{"name":"483471 (2002 LS32)","estimated_diameter":{"meters":{"estimated_diameter_min":581.5070396458,"estimated_diameter_max":1300.2892700427}},"is_potentially_hazardous_asteroid":false,"close_approach_data":[{"close_approach_date":"2071-09-21","relative_velocity":{"kilometers_per_second":"19.965738479"},"miss_distance":{"kilometers":"64045272"}}]}]