[{"name":"326388 (2001 QD96)","estimated_diameter":{"meters":{"estimated_diameter_min":608.9126221057,"estimated_diameter_max":1361.5700153859}},"is_potentially_hazardous_asteroid":false,"close_approach_data":[{"close_approach_date":"2071-04-28","relative_velocity":{"kilometers_per_second":"23.6595029801"},"miss_distance":{"kilometers":"56586776"}}]},{"name":"407338 (2010 RQ30)","estimated_diameter":{"meters":{"estimated_diameter_min":608.9126221057,"estimated_diameter_max":1361.5700153859}},"is_potentially_hazardous_asteroid":false,"close_approach_data":[{"close_approach_date":"2071-04-28","relative_velocity":{"kilometers_per_second":"15.1202147756"},"miss_distance":{"kilometers":"22815478"}}]},{"name":"(2016 LV10)","estimated_diameter":{"meters":{"estimated_diameter_min":63.7609789875,"estimated_diameter_max":142.5738833281}},"is_potentially_hazardous_asteroid":false,"close_approach_data":[{"close_approach_date":"2071-04-28","relative_velocity":{"kilometers_per_second":"20.6041077823"},"miss_distance":{"kilometers":"70233920"}}]},{"name":"(2016 PN39)","estimated_diameter":{"meters":{"estimated_diameter_min":20.1629919443,"estimated_diameter_max":45.0858206172}},"is_potentially_hazardous_asteroid":false,"close_approach_data":[{"close_approach_date":"2071-04-28","relative_velocity":{"kilometers_per_second":"23.3589587332"},"miss_distance":{"kilometers":"60813820"}}]}]