[{"name":"(2002 XB)","estimated_diameter":{"meters":{"estimated_diameter_min":116.0259082094,"estimated_diameter_max":259.4418179074}},"is_potentially_hazardous_asteroid":false,"close_approach_data":[{"close_approach_date":"2071-11-30","relative_velocity":{"kilometers_per_second":"13.2985461361"},"miss_distance":{"kilometers":"19350740"}}]},{"name":"(2011 GC62)","estimated_diameter":{"meters":{"estimated_diameter_min":50.6471458835,"estimated_diameter_max":113.2504610618}},"is_potentially_hazardous_asteroid":false,"close_approach_data":[{"close_approach_date":"2071-11-30","relative_velocity":{"kilometers_per_second":"20.8004873079"},"miss_distance":{"kilometers":"65506724"}}]},{"name":"(2013 BT18)","estimated_diameter":{"meters":{"estimated_diameter_min":50.6471458835,"estimated_diameter_max":113.2504610618}},"is_potentially_hazardous_asteroid":false,"close_approach_data":[{"close_approach_date":"2071-11-30","relative_velocity":{"kilometers_per_second":"20.3660656614"},"miss_distance":{"kilometers":"21818066"}}]},{"name":"(2016 AU65)","estimated_diameter":{"meters":{"estimated_diameter_min":69.9125232246,"estimated_diameter_max":156.3291544087}},"is_potentially_hazardous_asteroid":false,"close_approach_data":[{"close_approach_date":"2071-11-30","relative_velocity":{"kilometers_per_second":"12.45441708"},"miss_distance":{"kilometers":"31221218"}}]},{"name":"(2015 XF261)","estimated_diameter":{"meters":{"estimated_diameter_min":26.58,"estimated_diameter_max":59.4346868419}},"is_potentially_hazardous_asteroid":false,"close_approach_data":[{"close_approach_date":"2071-11-30","relative_velocity":{"kilometers_per_second":"16.7999789197"},"miss_distance":{"kilometers":"32857822"}}]},{"name":"(2014 YR15)","estimated_diameter":{"meters":{"estimated_diameter_min":133.2155666981,"estimated_diameter_max":297.8790627982}},"is_potentially_hazardous_asteroid":true,"close_approach_data":[{"close_approach_date":"2071-11-30","relative_velocity":{"kilometers_per_second":"21.287001782"},"miss_distance":{"kilometers":"53450544"}}]}]