[{"name":"(2008 HV4)","estimated_diameter":{"meters":{"estimated_diameter_min":319.5618867213,"estimated_diameter_max":714.5621017269}},"is_potentially_hazardous_asteroid":false,"close_approach_data":[{"close_approach_date":"2071-04-13","relative_velocity":{"kilometers_per_second":"10.8088611679"},"miss_distance":{"kilometers":"55490940"}}]},{"name":"(2009 UM)","estimated_diameter":{"meters":{"estimated_diameter_min":192.5550781879,"estimated_diameter_max":430.566244241}},"is_potentially_hazardous_asteroid":false,"close_approach_data":[{"close_approach_date":"2071-04-13","relative_velocity":{"kilometers_per_second":"14.7705652224"},"miss_distance":{"kilometers":"39063660"}}]},{"name":"(2015 FQ117)","estimated_diameter":{"meters":{"estimated_diameter_min":201.6299194428,"estimated_diameter_max":450.8582061718}},"is_potentially_hazardous_asteroid":true,"close_approach_data":[{"close_approach_date":"2071-04-13","relative_velocity":{"kilometers_per_second":"13.6577639264"},"miss_distance":{"kilometers":"48636804"}}]},{"name":"498550 (2008 HV4)","estimated_diameter":{"meters":{"estimated_diameter_min":319.5618867213,"estimated_diameter_max":714.5621017269}},"is_potentially_hazardous_asteroid":false,"close_approach_data":[{"close_approach_date":"2071-04-13","relative_velocity":{"kilometers_per_second":"10.8088680539"},"miss_distance":{"kilometers":"55491176"}}]}]