[{"name":"(2008 ER)","estimated_diameter":{"meters":{"estimated_diameter_min":146.0679642714,"estimated_diameter_max":326.6178974458}},"is_potentially_hazardous_asteroid":false,"close_approach_data":[{"close_approach_date":"2071-04-29","relative_velocity":{"kilometers_per_second":"4.249090642"},"miss_distance":{"kilometers":"45397256"}}]},{"name":"(2017 HX3)","estimated_diameter":{"meters":{"estimated_diameter_min":116.7763714923,"estimated_diameter_max":261.1199048226}},"is_potentially_hazardous_asteroid":true,"close_approach_data":[{"close_approach_date":"2071-04-29","relative_velocity":{"kilometers_per_second":"8.5165295624"},"miss_distance":{"kilometers":"71182392"}}]}]