[{"name":"2063 Bacchus (1977 HB)","estimated_diameter":{"meters":{"estimated_diameter_min":921.6265485028,"estimated_diameter_max":2060.8196123208}},"is_potentially_hazardous_asteroid":false,"close_approach_data":[{"close_approach_date":"2071-01-11","relative_velocity":{"kilometers_per_second":"10.5851507899"},"miss_distance":{"kilometers":"45107128"}}]},{"name":"(2010 AJ3)","estimated_diameter":{"meters":{"estimated_diameter_min":33.4622374455,"estimated_diameter_max":74.8238376074}},"is_potentially_hazardous_asteroid":false,"close_approach_data":[{"close_approach_date":"2071-01-11","relative_velocity":{"kilometers_per_second":"12.9412349907"},"miss_distance":{"kilometers":"5741293"}}]},{"name":"(2013 LV28)","estimated_diameter":{"meters":{"estimated_diameter_min":461.9074602816,"estimated_diameter_max":1032.8564805039}},"is_potentially_hazardous_asteroid":false,"close_approach_data":[{"close_approach_date":"2071-01-11","relative_velocity":{"kilometers_per_second":"25.2551877405"},"miss_distance":{"kilometers":"66808408"}}]},{"name":"(2014 WL368)","estimated_diameter":{"meters":{"estimated_diameter_min":319.5618867213,"estimated_diameter_max":714.5621017269}},"is_potentially_hazardous_asteroid":false,"close_approach_data":[{"close_approach_date":"2071-01-11","relative_velocity":{"kilometers_per_second":"4.6497436209"},"miss_distance":{"kilometers":"68633984"}}]}]