[{"name":"4544 Xanthus (1989 FB)","estimated_diameter":{"meters":{"estimated_diameter_min":1010.5434154201,"estimated_diameter_max":2259.643771094}},"is_potentially_hazardous_asteroid":false,"close_approach_data":[{"close_approach_date":"2071-05-23","relative_velocity":{"kilometers_per_second":"14.2360306378"},"miss_distance":{"kilometers":"40814924"}}]},{"name":"(2008 PR9)","estimated_diameter":{"meters":{"estimated_diameter_min":84.0533402073,"estimated_diameter_max":187.9489824394}},"is_potentially_hazardous_asteroid":false,"close_approach_data":[{"close_approach_date":"2071-05-23","relative_velocity":{"kilometers_per_second":"10.7586678814"},"miss_distance":{"kilometers":"46869628"}}]},{"name":"(2006 DX)","estimated_diameter":{"meters":{"estimated_diameter_min":44.1118199997,"estimated_diameter_max":98.6370281305}},"is_potentially_hazardous_asteroid":false,"close_approach_data":[{"close_approach_date":"2071-05-23","relative_velocity":{"kilometers_per_second":"5.8911507321"},"miss_distance":{"kilometers":"51807568"}}]},{"name":"(2017 BO32)","estimated_diameter":{"meters":{"estimated_diameter_min":36.6906137531,"estimated_diameter_max":82.0427064882}},"is_potentially_hazardous_asteroid":false,"close_approach_data":[{"close_approach_date":"2071-05-23","relative_velocity":{"kilometers_per_second":"7.0319335012"},"miss_distance":{"kilometers":"65775800"}}]}]