[{"name":"(2001 QM142)","estimated_diameter":{"meters":{"estimated_diameter_min":80.2703167283,"estimated_diameter_max":179.4898847799}},"is_potentially_hazardous_asteroid":false,"close_approach_data":[{"close_approach_date":"2071-09-17","relative_velocity":{"kilometers_per_second":"12.362688858"},"miss_distance":{"kilometers":"6109566"}}]},{"name":"(2007 BX48)","estimated_diameter":{"meters":{"estimated_diameter_min":265.8,"estimated_diameter_max":594.3468684194}},"is_potentially_hazardous_asteroid":false,"close_approach_data":[{"close_approach_date":"2071-09-17","relative_velocity":{"kilometers_per_second":"12.2753151757"},"miss_distance":{"kilometers":"32863562"}}]},{"name":"(2008 SD85)","estimated_diameter":{"meters":{"estimated_diameter_min":69.9125232246,"estimated_diameter_max":156.3291544087}},"is_potentially_hazardous_asteroid":false,"close_approach_data":[{"close_approach_date":"2071-09-17","relative_velocity":{"kilometers_per_second":"20.0070794778"},"miss_distance":{"kilometers":"32938820"}}]},{"name":"(2013 QV1)","estimated_diameter":{"meters":{"estimated_diameter_min":105.8168859331,"estimated_diameter_max":236.6137501138}},"is_potentially_hazardous_asteroid":false,"close_approach_data":[{"close_approach_date":"2071-09-17","relative_velocity":{"kilometers_per_second":"10.1533491889"},"miss_distance":{"kilometers":"56855776"}}]},{"name":"489453 (2007 BX48)","estimated_diameter":{"meters":{"estimated_diameter_min":265.8,"estimated_diameter_max":594.3468684194}},"is_potentially_hazardous_asteroid":false,"close_approach_data":[{"close_approach_date":"2071-09-17","relative_velocity":{"kilometers_per_second":"12.2753151259"},"miss_distance":{"kilometers":"32863562"}}]},{"name":"(2016 SL3)","estimated_diameter":{"meters":{"estimated_diameter_min":26.58,"estimated_diameter_max":59.4346868419}},"is_potentially_hazardous_asteroid":false,"close_approach_data":[{"close_approach_date":"2071-09-17","relative_velocity":{"kilometers_per_second":"10.1581994053"},"miss_distance":{"kilometers":"19778126"}}]},{"name":"(2017 VD14)","estimated_diameter":{"meters":{"estimated_diameter_min":16.5103004537,"estimated_diameter_max":36.9181541435}},"is_potentially_hazardous_asteroid":false,"close_approach_data":[{"close_approach_date":"2071-09-17","relative_velocity":{"kilometers_per_second":"5.4667906559"},"miss_distance":{"kilometers":"68248472"}}]}]