[{"name":"382758 (2003 GY)","estimated_diameter":{"meters":{"estimated_diameter_min":242.4124811008,"estimated_diameter_max":542.0507863358}},"is_potentially_hazardous_asteroid":true,"close_approach_data":[{"close_approach_date":"2071-04-03","relative_velocity":{"kilometers_per_second":"6.8059798023"},"miss_distance":{"kilometers":"72250176"}}]},{"name":"(1998 WB2)","estimated_diameter":{"meters":{"estimated_diameter_min":116.0259082094,"estimated_diameter_max":259.4418179074}},"is_potentially_hazardous_asteroid":true,"close_approach_data":[{"close_approach_date":"2071-04-03","relative_velocity":{"kilometers_per_second":"14.098760667"},"miss_distance":{"kilometers":"5247364.5"}}]},{"name":"(2008 GP20)","estimated_diameter":{"meters":{"estimated_diameter_min":350.3926411083,"estimated_diameter_max":783.5017643338}},"is_potentially_hazardous_asteroid":false,"close_approach_data":[{"close_approach_date":"2071-04-03","relative_velocity":{"kilometers_per_second":"21.4339436489"},"miss_distance":{"kilometers":"73616888"}}]},{"name":"(2011 GP59)","estimated_diameter":{"meters":{"estimated_diameter_min":36.6906137531,"estimated_diameter_max":82.0427064882}},"is_potentially_hazardous_asteroid":false,"close_approach_data":[{"close_approach_date":"2071-04-03","relative_velocity":{"kilometers_per_second":"22.4251115239"},"miss_distance":{"kilometers":"71727664"}}]},{"name":"(2012 UW68)","estimated_diameter":{"meters":{"estimated_diameter_min":29.1443904535,"estimated_diameter_max":65.1688382168}},"is_potentially_hazardous_asteroid":false,"close_approach_data":[{"close_approach_date":"2071-04-03","relative_velocity":{"kilometers_per_second":"15.011086268"},"miss_distance":{"kilometers":"59686208"}}]},{"name":"(2017 EB3)","estimated_diameter":{"meters":{"estimated_diameter_min":26.58,"estimated_diameter_max":59.4346868419}},"is_potentially_hazardous_asteroid":false,"close_approach_data":[{"close_approach_date":"2071-04-03","relative_velocity":{"kilometers_per_second":"4.1443020214"},"miss_distance":{"kilometers":"5979027.5"}}]}]