[{"name":"(2002 XB)","estimated_diameter":{"meters":{"estimated_diameter_min":116.0259082094,"estimated_diameter_max":259.4418179074}},"is_potentially_hazardous_asteroid":false,"close_approach_data":[{"close_approach_date":"2071-07-02","relative_velocity":{"kilometers_per_second":"17.3667967764"},"miss_distance":{"kilometers":"54240656"}}]},{"name":"(2009 WF)","estimated_diameter":{"meters":{"estimated_diameter_min":291.4439045349,"estimated_diameter_max":651.6883821679}},"is_potentially_hazardous_asteroid":false,"close_approach_data":[{"close_approach_date":"2071-07-02","relative_velocity":{"kilometers_per_second":"12.274236909"},"miss_distance":{"kilometers":"15055815"}}]}]