[{"name":"304640 (2006 WW1)","estimated_diameter":{"meters":{"estimated_diameter_min":402.3045798343,"estimated_diameter_max":899.5803881691}},"is_potentially_hazardous_asteroid":false,"close_approach_data":[{"close_approach_date":"2071-07-23","relative_velocity":{"kilometers_per_second":"22.3046383076"},"miss_distance":{"kilometers":"42303420"}}]},{"name":"322775 (2001 HA8)","estimated_diameter":{"meters":{"estimated_diameter_min":965.0614695789,"estimated_diameter_max":2157.9430484443}},"is_potentially_hazardous_asteroid":false,"close_approach_data":[{"close_approach_date":"2071-07-23","relative_velocity":{"kilometers_per_second":"8.5189814936"},"miss_distance":{"kilometers":"29859452"}}]},{"name":"(2006 TU7)","estimated_diameter":{"meters":{"estimated_diameter_min":110.8038821264,"estimated_diameter_max":247.7650126055}},"is_potentially_hazardous_asteroid":true,"close_approach_data":[{"close_approach_date":"2071-07-23","relative_velocity":{"kilometers_per_second":"10.7509276313"},"miss_distance":{"kilometers":"13121661"}}]},{"name":"(2007 YN56)","estimated_diameter":{"meters":{"estimated_diameter_min":66.7659413495,"estimated_diameter_max":149.2931834393}},"is_potentially_hazardous_asteroid":false,"close_approach_data":[{"close_approach_date":"2071-07-23","relative_velocity":{"kilometers_per_second":"9.6511916307"},"miss_distance":{"kilometers":"36699404"}}]},{"name":"(2015 NA14)","estimated_diameter":{"meters":{"estimated_diameter_min":105.8168859331,"estimated_diameter_max":236.6137501138}},"is_potentially_hazardous_asteroid":false,"close_approach_data":[{"close_approach_date":"2071-07-23","relative_velocity":{"kilometers_per_second":"4.8417345629"},"miss_distance":{"kilometers":"11537483"}}]},{"name":"(2017 OO1)","estimated_diameter":{"meters":{"estimated_diameter_min":33.2318850232,"estimated_diameter_max":74.3087539323}},"is_potentially_hazardous_asteroid":false,"close_approach_data":[{"close_approach_date":"2071-07-23","relative_velocity":{"kilometers_per_second":"14.6193824794"},"miss_distance":{"kilometers":"47591264"}}]}]