[{"name":"141053 (2001 XT1)","estimated_diameter":{"meters":{"estimated_diameter_min":461.9074602816,"estimated_diameter_max":1032.8564805039}},"is_potentially_hazardous_asteroid":true,"close_approach_data":[{"close_approach_date":"2071-08-31","relative_velocity":{"kilometers_per_second":"17.0146312448"},"miss_distance":{"kilometers":"54331384"}}]},{"name":"434786 (2006 PW)","estimated_diameter":{"meters":{"estimated_diameter_min":637.6097898754,"estimated_diameter_max":1425.7388332807}},"is_potentially_hazardous_asteroid":false,"close_approach_data":[{"close_approach_date":"2071-08-31","relative_velocity":{"kilometers_per_second":"21.4104133243"},"miss_distance":{"kilometers":"54803760"}}]},{"name":"(2010 PK9)","estimated_diameter":{"meters":{"estimated_diameter_min":116.0259082094,"estimated_diameter_max":259.4418179074}},"is_potentially_hazardous_asteroid":true,"close_approach_data":[{"close_approach_date":"2071-08-31","relative_velocity":{"kilometers_per_second":"24.9295581785"},"miss_distance":{"kilometers":"44383576"}}]},{"name":"(2012 RN6)","estimated_diameter":{"meters":{"estimated_diameter_min":160.1603379786,"estimated_diameter_max":358.1294030194}},"is_potentially_hazardous_asteroid":false,"close_approach_data":[{"close_approach_date":"2071-08-31","relative_velocity":{"kilometers_per_second":"20.7137790023"},"miss_distance":{"kilometers":"8157600"}}]}]