[{"name":"187026 (2005 EK70)","estimated_diameter":{"meters":{"estimated_diameter_min":921.6265485028,"estimated_diameter_max":2060.8196123208}},"is_potentially_hazardous_asteroid":false,"close_approach_data":[{"close_approach_date":"2071-02-20","relative_velocity":{"kilometers_per_second":"15.1136042537"},"miss_distance":{"kilometers":"14510838"}}]},{"name":"422686 (2000 AC6)","estimated_diameter":{"meters":{"estimated_diameter_min":133.2155666981,"estimated_diameter_max":297.8790627982}},"is_potentially_hazardous_asteroid":true,"close_approach_data":[{"close_approach_date":"2071-02-20","relative_velocity":{"kilometers_per_second":"8.2733102341"},"miss_distance":{"kilometers":"9804734"}}]},{"name":"(2014 OL339)","estimated_diameter":{"meters":{"estimated_diameter_min":69.9125232246,"estimated_diameter_max":156.3291544087}},"is_potentially_hazardous_asteroid":false,"close_approach_data":[{"close_approach_date":"2071-02-20","relative_velocity":{"kilometers_per_second":"16.726764276"},"miss_distance":{"kilometers":"66441132"}}]}]