[{"name":"(2004 YG1)","estimated_diameter":{"meters":{"estimated_diameter_min":139.4938229344,"estimated_diameter_max":311.9176705226}},"is_potentially_hazardous_asteroid":false,"close_approach_data":[{"close_approach_date":"2071-12-26","relative_velocity":{"kilometers_per_second":"16.2081536362"},"miss_distance":{"kilometers":"41430648"}}]},{"name":"(2006 QS23)","estimated_diameter":{"meters":{"estimated_diameter_min":253.8370293645,"estimated_diameter_max":567.5968528656}},"is_potentially_hazardous_asteroid":false,"close_approach_data":[{"close_approach_date":"2071-12-26","relative_velocity":{"kilometers_per_second":"18.533044971"},"miss_distance":{"kilometers":"67919968"}}]},{"name":"(2007 US12)","estimated_diameter":{"meters":{"estimated_diameter_min":105.8168859331,"estimated_diameter_max":236.6137501138}},"is_potentially_hazardous_asteroid":true,"close_approach_data":[{"close_approach_date":"2071-12-26","relative_velocity":{"kilometers_per_second":"12.3133153095"},"miss_distance":{"kilometers":"57525424"}}]},{"name":"(2015 YA)","estimated_diameter":{"meters":{"estimated_diameter_min":8.801465209,"estimated_diameter_max":19.6806745089}},"is_potentially_hazardous_asteroid":false,"close_approach_data":[{"close_approach_date":"2071-12-26","relative_velocity":{"kilometers_per_second":"5.5535282389"},"miss_distance":{"kilometers":"25818564"}}]}]