[{"name":"85770 (1998 UP1)","estimated_diameter":{"meters":{"estimated_diameter_min":211.1324447897,"estimated_diameter_max":472.1064988055}},"is_potentially_hazardous_asteroid":false,"close_approach_data":[{"close_approach_date":"2071-03-17","relative_velocity":{"kilometers_per_second":"23.4557846261"},"miss_distance":{"kilometers":"41640972"}}]},{"name":"(2004 BT58)","estimated_diameter":{"meters":{"estimated_diameter_min":101.054341542,"estimated_diameter_max":225.9643771094}},"is_potentially_hazardous_asteroid":false,"close_approach_data":[{"close_approach_date":"2071-03-17","relative_velocity":{"kilometers_per_second":"10.7517230825"},"miss_distance":{"kilometers":"65073652"}}]},{"name":"(2013 TQ5)","estimated_diameter":{"meters":{"estimated_diameter_min":291.4439045349,"estimated_diameter_max":651.6883821679}},"is_potentially_hazardous_asteroid":false,"close_approach_data":[{"close_approach_date":"2071-03-17","relative_velocity":{"kilometers_per_second":"10.4464865962"},"miss_distance":{"kilometers":"60604812"}}]}]