[{"name":"(2013 NJ)","estimated_diameter":{"meters":{"estimated_diameter_min":105.8168859331,"estimated_diameter_max":236.6137501138}},"is_potentially_hazardous_asteroid":false,"close_approach_data":[{"close_approach_date":"2071-01-26","relative_velocity":{"kilometers_per_second":"6.3035177101"},"miss_distance":{"kilometers":"61733840"}}]},{"name":"(2017 OE20)","estimated_diameter":{"meters":{"estimated_diameter_min":23.310681826,"estimated_diameter_max":52.1242691648}},"is_potentially_hazardous_asteroid":false,"close_approach_data":[{"close_approach_date":"2071-01-26","relative_velocity":{"kilometers_per_second":"6.7207292649"},"miss_distance":{"kilometers":"18001708"}}]}]