[{"name":"(2013 MR)","estimated_diameter":{"meters":{"estimated_diameter_min":121.4940407996,"estimated_diameter_max":271.6689340891}},"is_potentially_hazardous_asteroid":false,"close_approach_data":[{"close_approach_date":"2071-12-01","relative_velocity":{"kilometers_per_second":"23.3774656546"},"miss_distance":{"kilometers":"73628536"}}]},{"name":"(2017 WR13)","estimated_diameter":{"meters":{"estimated_diameter_min":302.9388529084,"estimated_diameter_max":677.3918681291}},"is_potentially_hazardous_asteroid":false,"close_approach_data":[{"close_approach_date":"2071-12-01","relative_velocity":{"kilometers_per_second":"37.1622374149"},"miss_distance":{"kilometers":"62091988"}}]}]