[{"name":"363814 (2005 ND7)","estimated_diameter":{"meters":{"estimated_diameter_min":699.1252322458,"estimated_diameter_max":1563.2915440869}},"is_potentially_hazardous_asteroid":false,"close_approach_data":[{"close_approach_date":"2071-07-25","relative_velocity":{"kilometers_per_second":"25.9203659815"},"miss_distance":{"kilometers":"62028376"}}]},{"name":"(2002 VE68)","estimated_diameter":{"meters":{"estimated_diameter_min":211.1324447897,"estimated_diameter_max":472.1064988055}},"is_potentially_hazardous_asteroid":true,"close_approach_data":[{"close_approach_date":"2071-07-25","relative_velocity":{"kilometers_per_second":"12.8189679315"},"miss_distance":{"kilometers":"71337552"}}]},{"name":"(2016 AC193)","estimated_diameter":{"meters":{"estimated_diameter_min":461.9074602816,"estimated_diameter_max":1032.8564805039}},"is_potentially_hazardous_asteroid":false,"close_approach_data":[{"close_approach_date":"2071-07-25","relative_velocity":{"kilometers_per_second":"20.4776345127"},"miss_distance":{"kilometers":"57567128"}}]},{"name":"(2016 UC31)","estimated_diameter":{"meters":{"estimated_diameter_min":31.9561886721,"estimated_diameter_max":71.4562101727}},"is_potentially_hazardous_asteroid":false,"close_approach_data":[{"close_approach_date":"2071-07-25","relative_velocity":{"kilometers_per_second":"14.9108392072"},"miss_distance":{"kilometers":"65322604"}}]},{"name":"(2017 PX24)","estimated_diameter":{"meters":{"estimated_diameter_min":127.8659697165,"estimated_diameter_max":285.9170002951}},"is_potentially_hazardous_asteroid":false,"close_approach_data":[{"close_approach_date":"2071-07-25","relative_velocity":{"kilometers_per_second":"19.1050744863"},"miss_distance":{"kilometers":"59563844"}}]}]