[{"name":"162142 (1998 VR)","estimated_diameter":{"meters":{"estimated_diameter_min":461.9074602816,"estimated_diameter_max":1032.8564805039}},"is_potentially_hazardous_asteroid":false,"close_approach_data":[{"close_approach_date":"2071-04-04","relative_velocity":{"kilometers_per_second":"18.698257506"},"miss_distance":{"kilometers":"63115988"}}]},{"name":"(2004 HC2)","estimated_diameter":{"meters":{"estimated_diameter_min":334.6223744549,"estimated_diameter_max":748.2383760735}},"is_potentially_hazardous_asteroid":false,"close_approach_data":[{"close_approach_date":"2071-04-04","relative_velocity":{"kilometers_per_second":"30.1608972345"},"miss_distance":{"kilometers":"23565678"}}]},{"name":"(2007 TS19)","estimated_diameter":{"meters":{"estimated_diameter_min":201.6299194428,"estimated_diameter_max":450.8582061718}},"is_potentially_hazardous_asteroid":true,"close_approach_data":[{"close_approach_date":"2071-04-04","relative_velocity":{"kilometers_per_second":"16.5388581505"},"miss_distance":{"kilometers":"56822804"}}]},{"name":"(2008 FX6)","estimated_diameter":{"meters":{"estimated_diameter_min":26.58,"estimated_diameter_max":59.4346868419}},"is_potentially_hazardous_asteroid":false,"close_approach_data":[{"close_approach_date":"2071-04-04","relative_velocity":{"kilometers_per_second":"9.941475134"},"miss_distance":{"kilometers":"24247018"}}]},{"name":"(2010 TM167)","estimated_diameter":{"meters":{"estimated_diameter_min":167.7084621628,"estimated_diameter_max":375.0075217981}},"is_potentially_hazardous_asteroid":false,"close_approach_data":[{"close_approach_date":"2071-04-04","relative_velocity":{"kilometers_per_second":"18.2213221755"},"miss_distance":{"kilometers":"62223416"}}]},{"name":"474585 (2004 HC2)","estimated_diameter":{"meters":{"estimated_diameter_min":334.6223744549,"estimated_diameter_max":748.2383760735}},"is_potentially_hazardous_asteroid":false,"close_approach_data":[{"close_approach_date":"2071-04-04","relative_velocity":{"kilometers_per_second":"30.1608688503"},"miss_distance":{"kilometers":"23565392"}}]},{"name":"(1999 SJ10)","estimated_diameter":{"meters":{"estimated_diameter_min":334.6223744549,"estimated_diameter_max":748.2383760735}},"is_potentially_hazardous_asteroid":false,"close_approach_data":[{"close_approach_date":"2071-04-04","relative_velocity":{"kilometers_per_second":"14.9213009711"},"miss_distance":{"kilometers":"36029824"}}]}]