[{"name":"382758 (2003 GY)","estimated_diameter":{"meters":{"estimated_diameter_min":242.4124811008,"estimated_diameter_max":542.0507863358}},"is_potentially_hazardous_asteroid":true,"close_approach_data":[{"close_approach_date":"2071-09-20","relative_velocity":{"kilometers_per_second":"13.3143797459"},"miss_distance":{"kilometers":"30763548"}}]},{"name":"461353 (1999 LS7)","estimated_diameter":{"meters":{"estimated_diameter_min":183.8886720703,"estimated_diameter_max":411.1875710413}},"is_potentially_hazardous_asteroid":false,"close_approach_data":[{"close_approach_date":"2071-09-20","relative_velocity":{"kilometers_per_second":"10.7081080065"},"miss_distance":{"kilometers":"51419276"}}]},{"name":"(2000 SM10)","estimated_diameter":{"meters":{"estimated_diameter_min":40.2304579834,"estimated_diameter_max":89.9580388169}},"is_potentially_hazardous_asteroid":false,"close_approach_data":[{"close_approach_date":"2071-09-20","relative_velocity":{"kilometers_per_second":"18.370428248"},"miss_distance":{"kilometers":"23017176"}}]},{"name":"(2006 NL)","estimated_diameter":{"meters":{"estimated_diameter_min":265.8,"estimated_diameter_max":594.3468684194}},"is_potentially_hazardous_asteroid":false,"close_approach_data":[{"close_approach_date":"2071-09-20","relative_velocity":{"kilometers_per_second":"24.8611810988"},"miss_distance":{"kilometers":"63245936"}}]}]