[{"name":"(2001 CP36)","estimated_diameter":{"meters":{"estimated_diameter_min":48.3676488219,"estimated_diameter_max":108.1533506775}},"is_potentially_hazardous_asteroid":false,"close_approach_data":[{"close_approach_date":"2071-01-27","relative_velocity":{"kilometers_per_second":"11.4418671108"},"miss_distance":{"kilometers":"18735114"}}]},{"name":"(2011 AB3)","estimated_diameter":{"meters":{"estimated_diameter_min":53.0340723319,"estimated_diameter_max":118.5877908577}},"is_potentially_hazardous_asteroid":false,"close_approach_data":[{"close_approach_date":"2071-01-27","relative_velocity":{"kilometers_per_second":"13.7479235014"},"miss_distance":{"kilometers":"38578132"}}]}]