[{"name":"267223 (2001 DQ8)","estimated_diameter":{"meters":{"estimated_diameter_min":637.6097898754,"estimated_diameter_max":1425.7388332807}},"is_potentially_hazardous_asteroid":false,"close_approach_data":[{"close_approach_date":"2071-01-21","relative_velocity":{"kilometers_per_second":"22.7120783734"},"miss_distance":{"kilometers":"65530164"}}]},{"name":"348306 (2005 AY28)","estimated_diameter":{"meters":{"estimated_diameter_min":139.4938229344,"estimated_diameter_max":311.9176705226}},"is_potentially_hazardous_asteroid":true,"close_approach_data":[{"close_approach_date":"2071-01-21","relative_velocity":{"kilometers_per_second":"13.0450161262"},"miss_distance":{"kilometers":"45161448"}}]},{"name":"(2002 PB)","estimated_diameter":{"meters":{"estimated_diameter_min":211.1324447897,"estimated_diameter_max":472.1064988055}},"is_potentially_hazardous_asteroid":false,"close_approach_data":[{"close_approach_date":"2071-01-21","relative_velocity":{"kilometers_per_second":"23.6426655478"},"miss_distance":{"kilometers":"39138828"}}]},{"name":"(2017 CP1)","estimated_diameter":{"meters":{"estimated_diameter_min":31.9561886721,"estimated_diameter_max":71.4562101727}},"is_potentially_hazardous_asteroid":false,"close_approach_data":[{"close_approach_date":"2071-01-21","relative_velocity":{"kilometers_per_second":"12.3428707859"},"miss_distance":{"kilometers":"38502680"}}]},{"name":"(2017 RV1)","estimated_diameter":{"meters":{"estimated_diameter_min":256.6581009923,"estimated_diameter_max":573.9049607949}},"is_potentially_hazardous_asteroid":true,"close_approach_data":[{"close_approach_date":"2071-01-21","relative_velocity":{"kilometers_per_second":"20.845301075"},"miss_distance":{"kilometers":"45077236"}}]}]