[{"name":"302169 (2001 TD45)","estimated_diameter":{"meters":{"estimated_diameter_min":278.3267680719,"estimated_diameter_max":622.3575733667}},"is_potentially_hazardous_asteroid":true,"close_approach_data":[{"close_approach_date":"2071-12-10","relative_velocity":{"kilometers_per_second":"35.3213017561"},"miss_distance":{"kilometers":"73622824"}}]},{"name":"(2015 MM116)","estimated_diameter":{"meters":{"estimated_diameter_min":96.5061469579,"estimated_diameter_max":215.7943048444}},"is_potentially_hazardous_asteroid":false,"close_approach_data":[{"close_approach_date":"2071-12-10","relative_velocity":{"kilometers_per_second":"7.2114001882"},"miss_distance":{"kilometers":"71785320"}}]}]