[{"name":"152680 (1998 KJ9)","estimated_diameter":{"meters":{"estimated_diameter_min":350.3926411083,"estimated_diameter_max":783.5017643338}},"is_potentially_hazardous_asteroid":true,"close_approach_data":[{"close_approach_date":"2071-10-17","relative_velocity":{"kilometers_per_second":"21.1139921559"},"miss_distance":{"kilometers":"71066640"}}]},{"name":"435548 (2008 QT3)","estimated_diameter":{"meters":{"estimated_diameter_min":461.9074602816,"estimated_diameter_max":1032.8564805039}},"is_potentially_hazardous_asteroid":true,"close_approach_data":[{"close_approach_date":"2071-10-17","relative_velocity":{"kilometers_per_second":"14.3493024084"},"miss_distance":{"kilometers":"32177706"}}]},{"name":"(2008 UB95)","estimated_diameter":{"meters":{"estimated_diameter_min":30.5179232594,"estimated_diameter_max":68.2401509401}},"is_potentially_hazardous_asteroid":false,"close_approach_data":[{"close_approach_date":"2071-10-17","relative_velocity":{"kilometers_per_second":"9.9931171068"},"miss_distance":{"kilometers":"6450527"}}]}]