[{"name":"48603 (1995 BC2)","estimated_diameter":{"meters":{"estimated_diameter_min":802.7031672829,"estimated_diameter_max":1794.8988477988}},"is_potentially_hazardous_asteroid":false,"close_approach_data":[{"close_approach_date":"2071-11-07","relative_velocity":{"kilometers_per_second":"4.105458714"},"miss_distance":{"kilometers":"20446526"}}]},{"name":"(2005 NW44)","estimated_diameter":{"meters":{"estimated_diameter_min":221.0828103591,"estimated_diameter_max":494.3561926196}},"is_potentially_hazardous_asteroid":false,"close_approach_data":[{"close_approach_date":"2071-11-07","relative_velocity":{"kilometers_per_second":"14.1708721294"},"miss_distance":{"kilometers":"70520208"}}]},{"name":"469737 (2005 NW44)","estimated_diameter":{"meters":{"estimated_diameter_min":221.0828103591,"estimated_diameter_max":494.3561926196}},"is_potentially_hazardous_asteroid":false,"close_approach_data":[{"close_approach_date":"2071-11-07","relative_velocity":{"kilometers_per_second":"14.1708689552"},"miss_distance":{"kilometers":"70520200"}}]}]