[{"name":"164120 (2003 YK)","estimated_diameter":{"meters":{"estimated_diameter_min":402.3045798343,"estimated_diameter_max":899.5803881691}},"is_potentially_hazardous_asteroid":false,"close_approach_data":[{"close_approach_date":"2071-02-06","relative_velocity":{"kilometers_per_second":"11.0973408471"},"miss_distance":{"kilometers":"15325520"}}]},{"name":"(2014 YY43)","estimated_diameter":{"meters":{"estimated_diameter_min":366.9061375314,"estimated_diameter_max":820.4270648822}},"is_potentially_hazardous_asteroid":false,"close_approach_data":[{"close_approach_date":"2071-02-06","relative_velocity":{"kilometers_per_second":"23.0667416548"},"miss_distance":{"kilometers":"63509992"}}]},{"name":"(2016 FR12)","estimated_diameter":{"meters":{"estimated_diameter_min":31.9561886721,"estimated_diameter_max":71.4562101727}},"is_potentially_hazardous_asteroid":false,"close_approach_data":[{"close_approach_date":"2071-02-06","relative_velocity":{"kilometers_per_second":"12.6230641539"},"miss_distance":{"kilometers":"48365360"}}]},{"name":"(2014 JU15)","estimated_diameter":{"meters":{"estimated_diameter_min":29.1443904535,"estimated_diameter_max":65.1688382168}},"is_potentially_hazardous_asteroid":false,"close_approach_data":[{"close_approach_date":"2071-02-06","relative_velocity":{"kilometers_per_second":"12.2510047791"},"miss_distance":{"kilometers":"70909560"}}]}]