[{"name":"88254 (2001 FM129)","estimated_diameter":{"meters":{"estimated_diameter_min":802.7031672829,"estimated_diameter_max":1794.8988477988}},"is_potentially_hazardous_asteroid":true,"close_approach_data":[{"close_approach_date":"2071-10-01","relative_velocity":{"kilometers_per_second":"20.8118444278"},"miss_distance":{"kilometers":"74407640"}}]},{"name":"164222 (2004 RN9)","estimated_diameter":{"meters":{"estimated_diameter_min":183.8886720703,"estimated_diameter_max":411.1875710413}},"is_potentially_hazardous_asteroid":false,"close_approach_data":[{"close_approach_date":"2071-10-01","relative_velocity":{"kilometers_per_second":"8.2642198502"},"miss_distance":{"kilometers":"34800784"}}]},{"name":"(2008 SU1)","estimated_diameter":{"meters":{"estimated_diameter_min":384.1978910643,"estimated_diameter_max":859.0926012318}},"is_potentially_hazardous_asteroid":false,"close_approach_data":[{"close_approach_date":"2071-10-01","relative_velocity":{"kilometers_per_second":"35.0726794442"},"miss_distance":{"kilometers":"64179576"}}]},{"name":"(2013 JE1)","estimated_diameter":{"meters":{"estimated_diameter_min":402.3045798343,"estimated_diameter_max":899.5803881691}},"is_potentially_hazardous_asteroid":false,"close_approach_data":[{"close_approach_date":"2071-10-01","relative_velocity":{"kilometers_per_second":"21.3267983698"},"miss_distance":{"kilometers":"26440036"}}]},{"name":"(2014 RP12)","estimated_diameter":{"meters":{"estimated_diameter_min":608.9126221057,"estimated_diameter_max":1361.5700153859}},"is_potentially_hazardous_asteroid":false,"close_approach_data":[{"close_approach_date":"2071-10-01","relative_velocity":{"kilometers_per_second":"28.7904548479"},"miss_distance":{"kilometers":"59613068"}}]},{"name":"(2015 SZ16)","estimated_diameter":{"meters":{"estimated_diameter_min":76.6575573531,"estimated_diameter_max":171.4115092306}},"is_potentially_hazardous_asteroid":false,"close_approach_data":[{"close_approach_date":"2071-10-01","relative_velocity":{"kilometers_per_second":"10.9756459358"},"miss_distance":{"kilometers":"56070812"}}]},{"name":"472263 (2014 RP12)","estimated_diameter":{"meters":{"estimated_diameter_min":608.9126221057,"estimated_diameter_max":1361.5700153859}},"is_potentially_hazardous_asteroid":false,"close_approach_data":[{"close_approach_date":"2071-10-01","relative_velocity":{"kilometers_per_second":"28.7904363481"},"miss_distance":{"kilometers":"59612964"}}]}]