[{"name":"9202 (1993 PB)","estimated_diameter":{"meters":{"estimated_diameter_min":1756.1231848042,"estimated_diameter_max":3926.8108180856}},"is_potentially_hazardous_asteroid":false,"close_approach_data":[{"close_approach_date":"2071-07-13","relative_velocity":{"kilometers_per_second":"22.062181801"},"miss_distance":{"kilometers":"68946832"}}]},{"name":"(2012 TQ78)","estimated_diameter":{"meters":{"estimated_diameter_min":350.3926411083,"estimated_diameter_max":783.5017643338}},"is_potentially_hazardous_asteroid":false,"close_approach_data":[{"close_approach_date":"2071-07-13","relative_velocity":{"kilometers_per_second":"7.6674846654"},"miss_distance":{"kilometers":"73582056"}}]},{"name":"(2014 KX99)","estimated_diameter":{"meters":{"estimated_diameter_min":608.9126221057,"estimated_diameter_max":1361.5700153859}},"is_potentially_hazardous_asteroid":false,"close_approach_data":[{"close_approach_date":"2071-07-13","relative_velocity":{"kilometers_per_second":"13.2282010177"},"miss_distance":{"kilometers":"73651632"}}]},{"name":"482505 (2012 TQ78)","estimated_diameter":{"meters":{"estimated_diameter_min":334.6223744549,"estimated_diameter_max":748.2383760735}},"is_potentially_hazardous_asteroid":false,"close_approach_data":[{"close_approach_date":"2071-07-13","relative_velocity":{"kilometers_per_second":"7.6674817268"},"miss_distance":{"kilometers":"73582056"}}]}]