[{"name":"(2009 UF2)","estimated_diameter":{"meters":{"estimated_diameter_min":35.0392641108,"estimated_diameter_max":78.3501764334}},"is_potentially_hazardous_asteroid":false,"close_approach_data":[{"close_approach_date":"2071-12-17","relative_velocity":{"kilometers_per_second":"11.8502224393"},"miss_distance":{"kilometers":"29966902"}}]},{"name":"(2016 LB)","estimated_diameter":{"meters":{"estimated_diameter_min":73.2073989347,"estimated_diameter_max":163.696720474}},"is_potentially_hazardous_asteroid":false,"close_approach_data":[{"close_approach_date":"2071-12-17","relative_velocity":{"kilometers_per_second":"17.9772244836"},"miss_distance":{"kilometers":"50148632"}}]},{"name":"(2014 WG498)","estimated_diameter":{"meters":{"estimated_diameter_min":211.1324447897,"estimated_diameter_max":472.1064988055}},"is_potentially_hazardous_asteroid":false,"close_approach_data":[{"close_approach_date":"2071-12-17","relative_velocity":{"kilometers_per_second":"5.2780598492"},"miss_distance":{"kilometers":"35899300"}}]}]