[{"name":"364136 (2006 CJ)","estimated_diameter":{"meters":{"estimated_diameter_min":242.4124811008,"estimated_diameter_max":542.0507863358}},"is_potentially_hazardous_asteroid":true,"close_approach_data":[{"close_approach_date":"2071-02-01","relative_velocity":{"kilometers_per_second":"20.5292112805"},"miss_distance":{"kilometers":"4162755.75"}}]},{"name":"415987 (2002 AE9)","estimated_diameter":{"meters":{"estimated_diameter_min":421.2646105562,"estimated_diameter_max":941.9763057186}},"is_potentially_hazardous_asteroid":false,"close_approach_data":[{"close_approach_date":"2071-02-01","relative_velocity":{"kilometers_per_second":"27.4815310371"},"miss_distance":{"kilometers":"49654320"}}]},{"name":"(2013 EH89)","estimated_diameter":{"meters":{"estimated_diameter_min":231.5021222103,"estimated_diameter_max":517.6544821978}},"is_potentially_hazardous_asteroid":false,"close_approach_data":[{"close_approach_date":"2071-02-01","relative_velocity":{"kilometers_per_second":"13.0734697099"},"miss_distance":{"kilometers":"17963776"}}]}]