[{"name":"(2002 VU114)","estimated_diameter":{"meters":{"estimated_diameter_min":73.2073989347,"estimated_diameter_max":163.696720474}},"is_potentially_hazardous_asteroid":false,"close_approach_data":[{"close_approach_date":"2071-06-18","relative_velocity":{"kilometers_per_second":"6.1262768805"},"miss_distance":{"kilometers":"52328724"}}]},{"name":"(2016 AX164)","estimated_diameter":{"meters":{"estimated_diameter_min":15.2951935344,"estimated_diameter_max":34.201092472}},"is_potentially_hazardous_asteroid":false,"close_approach_data":[{"close_approach_date":"2071-06-18","relative_velocity":{"kilometers_per_second":"8.3329668638"},"miss_distance":{"kilometers":"58226900"}}]}]