[{"name":"(2007 HA)","estimated_diameter":{"meters":{"estimated_diameter_min":231.5021222103,"estimated_diameter_max":517.6544821978}},"is_potentially_hazardous_asteroid":true,"close_approach_data":[{"close_approach_date":"2071-04-05","relative_velocity":{"kilometers_per_second":"16.5483468333"},"miss_distance":{"kilometers":"68612336"}}]},{"name":"(2015 BP515)","estimated_diameter":{"meters":{"estimated_diameter_min":160.1603379786,"estimated_diameter_max":358.1294030194}},"is_potentially_hazardous_asteroid":true,"close_approach_data":[{"close_approach_date":"2071-04-05","relative_velocity":{"kilometers_per_second":"7.8565110725"},"miss_distance":{"kilometers":"74606200"}}]},{"name":"(2015 LJ)","estimated_diameter":{"meters":{"estimated_diameter_min":30.5179232594,"estimated_diameter_max":68.2401509401}},"is_potentially_hazardous_asteroid":false,"close_approach_data":[{"close_approach_date":"2071-04-05","relative_velocity":{"kilometers_per_second":"3.9132418432"},"miss_distance":{"kilometers":"40809072"}}]},{"name":"(2016 TH56)","estimated_diameter":{"meters":{"estimated_diameter_min":88.0146520901,"estimated_diameter_max":196.8067450894}},"is_potentially_hazardous_asteroid":false,"close_approach_data":[{"close_approach_date":"2071-04-05","relative_velocity":{"kilometers_per_second":"16.7770028603"},"miss_distance":{"kilometers":"61610716"}}]}]