[{"name":"(2006 HV5)","estimated_diameter":{"meters":{"estimated_diameter_min":305.1792325939,"estimated_diameter_max":682.4015094011}},"is_potentially_hazardous_asteroid":true,"close_approach_data":[{"close_approach_date":"2071-04-18","relative_velocity":{"kilometers_per_second":"23.2070688552"},"miss_distance":{"kilometers":"42480560"}}]},{"name":"(2008 WL64)","estimated_diameter":{"meters":{"estimated_diameter_min":483.6764882185,"estimated_diameter_max":1081.533506775}},"is_potentially_hazardous_asteroid":false,"close_approach_data":[{"close_approach_date":"2071-04-18","relative_velocity":{"kilometers_per_second":"33.129950778"},"miss_distance":{"kilometers":"53524232"}}]}]