[{"name":"276111 (2002 GM9)","estimated_diameter":{"meters":{"estimated_diameter_min":506.4714588346,"estimated_diameter_max":1132.5046106177}},"is_potentially_hazardous_asteroid":false,"close_approach_data":[{"close_approach_date":"2071-07-15","relative_velocity":{"kilometers_per_second":"4.9502377912"},"miss_distance":{"kilometers":"58457064"}}]},{"name":"(2017 ES2)","estimated_diameter":{"meters":{"estimated_diameter_min":366.9061375314,"estimated_diameter_max":820.4270648822}},"is_potentially_hazardous_asteroid":false,"close_approach_data":[{"close_approach_date":"2071-07-15","relative_velocity":{"kilometers_per_second":"20.3232788471"},"miss_distance":{"kilometers":"58919328"}}]}]