[{"name":"(1999 UQ)","estimated_diameter":{"meters":{"estimated_diameter_min":116.0259082094,"estimated_diameter_max":259.4418179074}},"is_potentially_hazardous_asteroid":false,"close_approach_data":[{"close_approach_date":"2071-04-22","relative_velocity":{"kilometers_per_second":"14.1584001433"},"miss_distance":{"kilometers":"41115340"}}]},{"name":"(2009 UY19)","estimated_diameter":{"meters":{"estimated_diameter_min":55.5334911581,"estimated_diameter_max":124.1766612574}},"is_potentially_hazardous_asteroid":false,"close_approach_data":[{"close_approach_date":"2071-04-22","relative_velocity":{"kilometers_per_second":"5.2140631386"},"miss_distance":{"kilometers":"13984770"}}]},{"name":"(2011 GZ54)","estimated_diameter":{"meters":{"estimated_diameter_min":105.8168859331,"estimated_diameter_max":236.6137501138}},"is_potentially_hazardous_asteroid":false,"close_approach_data":[{"close_approach_date":"2071-04-22","relative_velocity":{"kilometers_per_second":"5.1401290555"},"miss_distance":{"kilometers":"25794022"}}]},{"name":"(2016 HF2)","estimated_diameter":{"meters":{"estimated_diameter_min":16.0160337979,"estimated_diameter_max":35.8129403019}},"is_potentially_hazardous_asteroid":false,"close_approach_data":[{"close_approach_date":"2071-04-22","relative_velocity":{"kilometers_per_second":"6.2070564208"},"miss_distance":{"kilometers":"1544141.25"}}]},{"name":"(2017 BR6)","estimated_diameter":{"meters":{"estimated_diameter_min":6.9912523225,"estimated_diameter_max":15.6329154409}},"is_potentially_hazardous_asteroid":false,"close_approach_data":[{"close_approach_date":"2071-04-22","relative_velocity":{"kilometers_per_second":"22.1271773526"},"miss_distance":{"kilometers":"62519020"}}]}]