[{"name":"162581 (2000 SA10)","estimated_diameter":{"meters":{"estimated_diameter_min":506.4714588346,"estimated_diameter_max":1132.5046106177}},"is_potentially_hazardous_asteroid":false,"close_approach_data":[{"close_approach_date":"2071-10-20","relative_velocity":{"kilometers_per_second":"8.2873464814"},"miss_distance":{"kilometers":"64613232"}}]},{"name":"194268 (2001 UY4)","estimated_diameter":{"meters":{"estimated_diameter_min":608.9126221057,"estimated_diameter_max":1361.5700153859}},"is_potentially_hazardous_asteroid":true,"close_approach_data":[{"close_approach_date":"2071-10-20","relative_velocity":{"kilometers_per_second":"23.1436892871"},"miss_distance":{"kilometers":"25811696"}}]},{"name":"450300 (2004 QD14)","estimated_diameter":{"meters":{"estimated_diameter_min":211.1324447897,"estimated_diameter_max":472.1064988055}},"is_potentially_hazardous_asteroid":true,"close_approach_data":[{"close_approach_date":"2071-10-20","relative_velocity":{"kilometers_per_second":"8.0747370759"},"miss_distance":{"kilometers":"39278532"}}]},{"name":"(2017 EE23)","estimated_diameter":{"meters":{"estimated_diameter_min":122.4489249646,"estimated_diameter_max":273.8041199927}},"is_potentially_hazardous_asteroid":false,"close_approach_data":[{"close_approach_date":"2071-10-20","relative_velocity":{"kilometers_per_second":"18.3830210653"},"miss_distance":{"kilometers":"72437488"}}]}]