[{"name":"35107 (1991 VH)","estimated_diameter":{"meters":{"estimated_diameter_min":1214.9404079963,"estimated_diameter_max":2716.6893408911}},"is_potentially_hazardous_asteroid":true,"close_approach_data":[{"close_approach_date":"2071-04-12","relative_velocity":{"kilometers_per_second":"6.1430061023"},"miss_distance":{"kilometers":"52887144"}}]},{"name":"(2004 HT59)","estimated_diameter":{"meters":{"estimated_diameter_min":9.6506146958,"estimated_diameter_max":21.5794304844}},"is_potentially_hazardous_asteroid":false,"close_approach_data":[{"close_approach_date":"2071-04-12","relative_velocity":{"kilometers_per_second":"20.3367035635"},"miss_distance":{"kilometers":"61723324"}}]},{"name":"(2012 FX35)","estimated_diameter":{"meters":{"estimated_diameter_min":18.388867207,"estimated_diameter_max":41.1187571041}},"is_potentially_hazardous_asteroid":false,"close_approach_data":[{"close_approach_date":"2071-04-12","relative_velocity":{"kilometers_per_second":"10.4356114035"},"miss_distance":{"kilometers":"43382936"}}]},{"name":"(2016 UW35)","estimated_diameter":{"meters":{"estimated_diameter_min":33.4622374455,"estimated_diameter_max":74.8238376074}},"is_potentially_hazardous_asteroid":false,"close_approach_data":[{"close_approach_date":"2071-04-12","relative_velocity":{"kilometers_per_second":"5.9135826198"},"miss_distance":{"kilometers":"35078304"}}]},{"name":"(2016 EK84)","estimated_diameter":{"meters":{"estimated_diameter_min":139.4938229344,"estimated_diameter_max":311.9176705226}},"is_potentially_hazardous_asteroid":false,"close_approach_data":[{"close_approach_date":"2071-04-12","relative_velocity":{"kilometers_per_second":"17.132478933"},"miss_distance":{"kilometers":"38058028"}}]}]