[{"name":"2063 Bacchus (1977 HB)","estimated_diameter":{"meters":{"estimated_diameter_min":921.6265485028,"estimated_diameter_max":2060.8196123208}},"is_potentially_hazardous_asteroid":false,"close_approach_data":[{"close_approach_date":"2071-05-03","relative_velocity":{"kilometers_per_second":"8.5338201243"},"miss_distance":{"kilometers":"49738564"}}]},{"name":"(2006 KZ86)","estimated_diameter":{"meters":{"estimated_diameter_min":732.0739893473,"estimated_diameter_max":1636.96720474}},"is_potentially_hazardous_asteroid":false,"close_approach_data":[{"close_approach_date":"2071-05-03","relative_velocity":{"kilometers_per_second":"28.1944071546"},"miss_distance":{"kilometers":"33067526"}}]},{"name":"(2015 NU2)","estimated_diameter":{"meters":{"estimated_diameter_min":175.6123184804,"estimated_diameter_max":392.6810818086}},"is_potentially_hazardous_asteroid":true,"close_approach_data":[{"close_approach_date":"2071-05-03","relative_velocity":{"kilometers_per_second":"19.2726682377"},"miss_distance":{"kilometers":"74729688"}}]},{"name":"(2014 KV76)","estimated_diameter":{"meters":{"estimated_diameter_min":167.7084621628,"estimated_diameter_max":375.0075217981}},"is_potentially_hazardous_asteroid":false,"close_approach_data":[{"close_approach_date":"2071-05-03","relative_velocity":{"kilometers_per_second":"9.1454293772"},"miss_distance":{"kilometers":"23552834"}}]},{"name":"(2017 FH128)","estimated_diameter":{"meters":{"estimated_diameter_min":133.5841639131,"estimated_diameter_max":298.7032712272}},"is_potentially_hazardous_asteroid":false,"close_approach_data":[{"close_approach_date":"2071-05-03","relative_velocity":{"kilometers_per_second":"18.9723409524"},"miss_distance":{"kilometers":"41430992"}}]}]