[{"name":"3361 Orpheus (1982 HR)","estimated_diameter":{"meters":{"estimated_diameter_min":415.484643414,"estimated_diameter_max":929.0519062809}},"is_potentially_hazardous_asteroid":true,"close_approach_data":[{"close_approach_date":"2071-05-09","relative_velocity":{"kilometers_per_second":"19.790078574"},"miss_distance":{"kilometers":"56681940"}}]},{"name":"162911 (2001 LL5)","estimated_diameter":{"meters":{"estimated_diameter_min":384.1978910643,"estimated_diameter_max":859.0926012318}},"is_potentially_hazardous_asteroid":false,"close_approach_data":[{"close_approach_date":"2071-05-09","relative_velocity":{"kilometers_per_second":"20.024877558"},"miss_distance":{"kilometers":"57861992"}}]},{"name":"(2002 JW15)","estimated_diameter":{"meters":{"estimated_diameter_min":242.4124811008,"estimated_diameter_max":542.0507863358}},"is_potentially_hazardous_asteroid":false,"close_approach_data":[{"close_approach_date":"2071-05-09","relative_velocity":{"kilometers_per_second":"7.8695226916"},"miss_distance":{"kilometers":"18410250"}}]},{"name":"(2008 JM20)","estimated_diameter":{"meters":{"estimated_diameter_min":167.7084621628,"estimated_diameter_max":375.0075217981}},"is_potentially_hazardous_asteroid":false,"close_approach_data":[{"close_approach_date":"2071-05-09","relative_velocity":{"kilometers_per_second":"23.8032587033"},"miss_distance":{"kilometers":"32348668"}}]},{"name":"(2009 BL2)","estimated_diameter":{"meters":{"estimated_diameter_min":366.9061375314,"estimated_diameter_max":820.4270648822}},"is_potentially_hazardous_asteroid":false,"close_approach_data":[{"close_approach_date":"2071-05-09","relative_velocity":{"kilometers_per_second":"10.0071208656"},"miss_distance":{"kilometers":"19483592"}}]},{"name":"(2014 HJ184)","estimated_diameter":{"meters":{"estimated_diameter_min":121.4940407996,"estimated_diameter_max":271.6689340891}},"is_potentially_hazardous_asteroid":false,"close_approach_data":[{"close_approach_date":"2071-05-09","relative_velocity":{"kilometers_per_second":"12.1516636037"},"miss_distance":{"kilometers":"39164976"}}]},{"name":"(2015 YU7)","estimated_diameter":{"meters":{"estimated_diameter_min":146.0679642714,"estimated_diameter_max":326.6178974458}},"is_potentially_hazardous_asteroid":true,"close_approach_data":[{"close_approach_date":"2071-05-09","relative_velocity":{"kilometers_per_second":"12.3722817563"},"miss_distance":{"kilometers":"61790692"}}]},{"name":"484757 (2009 BL2)","estimated_diameter":{"meters":{"estimated_diameter_min":366.9061375314,"estimated_diameter_max":820.4270648822}},"is_potentially_hazardous_asteroid":false,"close_approach_data":[{"close_approach_date":"2071-05-09","relative_velocity":{"kilometers_per_second":"10.0071151667"},"miss_distance":{"kilometers":"19483604"}}]},{"name":"(2015 RL82)","estimated_diameter":{"meters":{"estimated_diameter_min":555.334911581,"estimated_diameter_max":1241.766612574}},"is_potentially_hazardous_asteroid":false,"close_approach_data":[{"close_approach_date":"2071-05-09","relative_velocity":{"kilometers_per_second":"13.0974404516"},"miss_distance":{"kilometers":"27860244"}}]}]