[{"name":"85867 (1999 BY9)","estimated_diameter":{"meters":{"estimated_diameter_min":637.6097898754,"estimated_diameter_max":1425.7388332807}},"is_potentially_hazardous_asteroid":false,"close_approach_data":[{"close_approach_date":"2071-05-18","relative_velocity":{"kilometers_per_second":"2.9704816868"},"miss_distance":{"kilometers":"74460248"}}]},{"name":"(2009 DE47)","estimated_diameter":{"meters":{"estimated_diameter_min":483.6764882185,"estimated_diameter_max":1081.533506775}},"is_potentially_hazardous_asteroid":false,"close_approach_data":[{"close_approach_date":"2071-05-18","relative_velocity":{"kilometers_per_second":"11.1535565619"},"miss_distance":{"kilometers":"67498888"}}]},{"name":"(2014 HR124)","estimated_diameter":{"meters":{"estimated_diameter_min":73.2073989347,"estimated_diameter_max":163.696720474}},"is_potentially_hazardous_asteroid":false,"close_approach_data":[{"close_approach_date":"2071-05-18","relative_velocity":{"kilometers_per_second":"12.8858870844"},"miss_distance":{"kilometers":"11297799"}}]},{"name":"484795 (2009 DE47)","estimated_diameter":{"meters":{"estimated_diameter_min":483.6764882185,"estimated_diameter_max":1081.533506775}},"is_potentially_hazardous_asteroid":false,"close_approach_data":[{"close_approach_date":"2071-05-18","relative_velocity":{"kilometers_per_second":"11.153559071"},"miss_distance":{"kilometers":"67498928"}}]},{"name":"(2003 YP3)","estimated_diameter":{"meters":{"estimated_diameter_min":242.4124811008,"estimated_diameter_max":542.0507863358}},"is_potentially_hazardous_asteroid":false,"close_approach_data":[{"close_approach_date":"2071-05-18","relative_velocity":{"kilometers_per_second":"19.753796032"},"miss_distance":{"kilometers":"63686352"}}]}]