[{"name":"(2007 BJ29)","estimated_diameter":{"meters":{"estimated_diameter_min":461.9074602816,"estimated_diameter_max":1032.8564805039}},"is_potentially_hazardous_asteroid":true,"close_approach_data":[{"close_approach_date":"2071-05-08","relative_velocity":{"kilometers_per_second":"42.8970163644"},"miss_distance":{"kilometers":"70840104"}}]},{"name":"(2008 FN6)","estimated_diameter":{"meters":{"estimated_diameter_min":152.9519353442,"estimated_diameter_max":342.0109247198}},"is_potentially_hazardous_asteroid":false,"close_approach_data":[{"close_approach_date":"2071-05-08","relative_velocity":{"kilometers_per_second":"13.6308794991"},"miss_distance":{"kilometers":"35321696"}}]},{"name":"(2010 HW20)","estimated_diameter":{"meters":{"estimated_diameter_min":16.0160337979,"estimated_diameter_max":35.8129403019}},"is_potentially_hazardous_asteroid":false,"close_approach_data":[{"close_approach_date":"2071-05-08","relative_velocity":{"kilometers_per_second":"4.6939696934"},"miss_distance":{"kilometers":"15892992"}}]},{"name":"(2013 FD8)","estimated_diameter":{"meters":{"estimated_diameter_min":19.2555078188,"estimated_diameter_max":43.0566244241}},"is_potentially_hazardous_asteroid":false,"close_approach_data":[{"close_approach_date":"2071-05-08","relative_velocity":{"kilometers_per_second":"5.4725303324"},"miss_distance":{"kilometers":"37698316"}}]},{"name":"(2014 AE29)","estimated_diameter":{"meters":{"estimated_diameter_min":8.801465209,"estimated_diameter_max":19.6806745089}},"is_potentially_hazardous_asteroid":false,"close_approach_data":[{"close_approach_date":"2071-05-08","relative_velocity":{"kilometers_per_second":"7.1763209645"},"miss_distance":{"kilometers":"37007008"}}]},{"name":"(2011 JW10)","estimated_diameter":{"meters":{"estimated_diameter_min":63.7609789875,"estimated_diameter_max":142.5738833281}},"is_potentially_hazardous_asteroid":false,"close_approach_data":[{"close_approach_date":"2071-05-08","relative_velocity":{"kilometers_per_second":"11.095102267"},"miss_distance":{"kilometers":"39969156"}}]}]