[{"name":"398188 Agni (2010 LE15)","estimated_diameter":{"meters":{"estimated_diameter_min":334.6223744549,"estimated_diameter_max":748.2383760735}},"is_potentially_hazardous_asteroid":true,"close_approach_data":[{"close_approach_date":"2071-06-03","relative_velocity":{"kilometers_per_second":"8.9115728271"},"miss_distance":{"kilometers":"35145952"}}]},{"name":"(2012 GV17)","estimated_diameter":{"meters":{"estimated_diameter_min":160.1603379786,"estimated_diameter_max":358.1294030194}},"is_potentially_hazardous_asteroid":true,"close_approach_data":[{"close_approach_date":"2071-06-03","relative_velocity":{"kilometers_per_second":"14.6753412251"},"miss_distance":{"kilometers":"34600400"}}]},{"name":"(2014 HN2)","estimated_diameter":{"meters":{"estimated_diameter_min":13.3215566698,"estimated_diameter_max":29.7879062798}},"is_potentially_hazardous_asteroid":false,"close_approach_data":[{"close_approach_date":"2071-06-03","relative_velocity":{"kilometers_per_second":"17.6502770567"},"miss_distance":{"kilometers":"74358792"}}]},{"name":"(2015 FD35)","estimated_diameter":{"meters":{"estimated_diameter_min":211.1324447897,"estimated_diameter_max":472.1064988055}},"is_potentially_hazardous_asteroid":false,"close_approach_data":[{"close_approach_date":"2071-06-03","relative_velocity":{"kilometers_per_second":"23.0330927995"},"miss_distance":{"kilometers":"73898248"}}]}]