[{"name":"(2010 JU39)","estimated_diameter":{"meters":{"estimated_diameter_min":319.5618867213,"estimated_diameter_max":714.5621017269}},"is_potentially_hazardous_asteroid":true,"close_approach_data":[{"close_approach_date":"2071-06-25","relative_velocity":{"kilometers_per_second":"24.0833542831"},"miss_distance":{"kilometers":"7084383.5"}}]},{"name":"(2015 MO66)","estimated_diameter":{"meters":{"estimated_diameter_min":242.4124811008,"estimated_diameter_max":542.0507863358}},"is_potentially_hazardous_asteroid":false,"close_approach_data":[{"close_approach_date":"2071-06-25","relative_velocity":{"kilometers_per_second":"15.0303167108"},"miss_distance":{"kilometers":"65148468"}}]},{"name":"494999 (2010 JU39)","estimated_diameter":{"meters":{"estimated_diameter_min":319.5618867213,"estimated_diameter_max":714.5621017269}},"is_potentially_hazardous_asteroid":true,"close_approach_data":[{"close_approach_date":"2071-06-25","relative_velocity":{"kilometers_per_second":"24.0833543893"},"miss_distance":{"kilometers":"7084384"}}]}]