[{"name":"(2005 LW19)","estimated_diameter":{"meters":{"estimated_diameter_min":319.5618867213,"estimated_diameter_max":714.5621017269}},"is_potentially_hazardous_asteroid":false,"close_approach_data":[{"close_approach_date":"2071-06-23","relative_velocity":{"kilometers_per_second":"6.7645813468"},"miss_distance":{"kilometers":"24177840"}}]},{"name":"(2005 NW44)","estimated_diameter":{"meters":{"estimated_diameter_min":221.0828103591,"estimated_diameter_max":494.3561926196}},"is_potentially_hazardous_asteroid":false,"close_approach_data":[{"close_approach_date":"2071-06-23","relative_velocity":{"kilometers_per_second":"10.120481191"},"miss_distance":{"kilometers":"13224263"}}]},{"name":"469737 (2005 NW44)","estimated_diameter":{"meters":{"estimated_diameter_min":221.0828103591,"estimated_diameter_max":494.3561926196}},"is_potentially_hazardous_asteroid":false,"close_approach_data":[{"close_approach_date":"2071-06-23","relative_velocity":{"kilometers_per_second":"10.1204803432"},"miss_distance":{"kilometers":"13224260"}}]}]