[{"name":"228587 (2002 AP7)","estimated_diameter":{"meters":{"estimated_diameter_min":366.9061375314,"estimated_diameter_max":820.4270648822}},"is_potentially_hazardous_asteroid":false,"close_approach_data":[{"close_approach_date":"2071-07-18","relative_velocity":{"kilometers_per_second":"11.9829407517"},"miss_distance":{"kilometers":"55028616"}}]},{"name":"(2005 CN61)","estimated_diameter":{"meters":{"estimated_diameter_min":23.150212221,"estimated_diameter_max":51.7654482198}},"is_potentially_hazardous_asteroid":false,"close_approach_data":[{"close_approach_date":"2071-07-18","relative_velocity":{"kilometers_per_second":"8.5147769794"},"miss_distance":{"kilometers":"29138948"}}]}]