[{"name":"144901 (2004 WG1)","estimated_diameter":{"meters":{"estimated_diameter_min":880.1465209007,"estimated_diameter_max":1968.067450894}},"is_potentially_hazardous_asteroid":false,"close_approach_data":[{"close_approach_date":"2071-06-28","relative_velocity":{"kilometers_per_second":"13.1111821723"},"miss_distance":{"kilometers":"42789428"}}]},{"name":"(2010 AO2)","estimated_diameter":{"meters":{"estimated_diameter_min":80.2703167283,"estimated_diameter_max":179.4898847799}},"is_potentially_hazardous_asteroid":false,"close_approach_data":[{"close_approach_date":"2071-06-28","relative_velocity":{"kilometers_per_second":"16.4391692369"},"miss_distance":{"kilometers":"51207292"}}]},{"name":"(2013 LB)","estimated_diameter":{"meters":{"estimated_diameter_min":73.2073989347,"estimated_diameter_max":163.696720474}},"is_potentially_hazardous_asteroid":false,"close_approach_data":[{"close_approach_date":"2071-06-28","relative_velocity":{"kilometers_per_second":"8.7301382394"},"miss_distance":{"kilometers":"64630492"}}]},{"name":"(2013 YT102)","estimated_diameter":{"meters":{"estimated_diameter_min":26.58,"estimated_diameter_max":59.4346868419}},"is_potentially_hazardous_asteroid":false,"close_approach_data":[{"close_approach_date":"2071-06-28","relative_velocity":{"kilometers_per_second":"7.9102640294"},"miss_distance":{"kilometers":"19644776"}}]},{"name":"(2014 UN114)","estimated_diameter":{"meters":{"estimated_diameter_min":33.4622374455,"estimated_diameter_max":74.8238376074}},"is_potentially_hazardous_asteroid":false,"close_approach_data":[{"close_approach_date":"2071-06-28","relative_velocity":{"kilometers_per_second":"6.9275300118"},"miss_distance":{"kilometers":"37764380"}}]}]