[{"name":"(2001 UX4)","estimated_diameter":{"meters":{"estimated_diameter_min":402.3045798343,"estimated_diameter_max":899.5803881691}},"is_potentially_hazardous_asteroid":false,"close_approach_data":[{"close_approach_date":"2071-11-06","relative_velocity":{"kilometers_per_second":"26.6347161818"},"miss_distance":{"kilometers":"19574786"}}]},{"name":"(2001 UW17)","estimated_diameter":{"meters":{"estimated_diameter_min":211.1324447897,"estimated_diameter_max":472.1064988055}},"is_potentially_hazardous_asteroid":false,"close_approach_data":[{"close_approach_date":"2071-11-06","relative_velocity":{"kilometers_per_second":"6.7181816518"},"miss_distance":{"kilometers":"45013160"}}]},{"name":"(2012 UA34)","estimated_diameter":{"meters":{"estimated_diameter_min":334.6223744549,"estimated_diameter_max":748.2383760735}},"is_potentially_hazardous_asteroid":false,"close_approach_data":[{"close_approach_date":"2071-11-06","relative_velocity":{"kilometers_per_second":"35.5407424033"},"miss_distance":{"kilometers":"43454004"}}]},{"name":"(2009 MW)","estimated_diameter":{"meters":{"estimated_diameter_min":183.8886720703,"estimated_diameter_max":411.1875710413}},"is_potentially_hazardous_asteroid":false,"close_approach_data":[{"close_approach_date":"2071-11-06","relative_velocity":{"kilometers_per_second":"14.6442975178"},"miss_distance":{"kilometers":"49177312"}}]},{"name":"482533 (2012 UA34)","estimated_diameter":{"meters":{"estimated_diameter_min":305.1792325939,"estimated_diameter_max":682.4015094011}},"is_potentially_hazardous_asteroid":false,"close_approach_data":[{"close_approach_date":"2071-11-06","relative_velocity":{"kilometers_per_second":"35.5408814693"},"miss_distance":{"kilometers":"43454576"}}]},{"name":"(2017 BK123)","estimated_diameter":{"meters":{"estimated_diameter_min":253.8370293645,"estimated_diameter_max":567.5968528656}},"is_potentially_hazardous_asteroid":false,"close_approach_data":[{"close_approach_date":"2071-11-06","relative_velocity":{"kilometers_per_second":"32.3414291882"},"miss_distance":{"kilometers":"47877728"}}]}]