[{"name":"(2010 XW58)","estimated_diameter":{"meters":{"estimated_diameter_min":27.8326768072,"estimated_diameter_max":62.2357573367}},"is_potentially_hazardous_asteroid":false,"close_approach_data":[{"close_approach_date":"2071-12-30","relative_velocity":{"kilometers_per_second":"9.5273576126"},"miss_distance":{"kilometers":"14508119"}}]},{"name":"(2016 TL10)","estimated_diameter":{"meters":{"estimated_diameter_min":9.216265485,"estimated_diameter_max":20.6081961232}},"is_potentially_hazardous_asteroid":false,"close_approach_data":[{"close_approach_date":"2071-12-30","relative_velocity":{"kilometers_per_second":"8.4279661569"},"miss_distance":{"kilometers":"24831012"}}]},{"name":"(2013 XZ21)","estimated_diameter":{"meters":{"estimated_diameter_min":221.0828103591,"estimated_diameter_max":494.3561926196}},"is_potentially_hazardous_asteroid":false,"close_approach_data":[{"close_approach_date":"2071-12-30","relative_velocity":{"kilometers_per_second":"16.3231310262"},"miss_distance":{"kilometers":"61849568"}}]}]