[{"name":"(2012 TX284)","estimated_diameter":{"meters":{"estimated_diameter_min":192.5550781879,"estimated_diameter_max":430.566244241}},"is_potentially_hazardous_asteroid":false,"close_approach_data":[{"close_approach_date":"2071-10-10","relative_velocity":{"kilometers_per_second":"9.2515744328"},"miss_distance":{"kilometers":"54406436"}}]},{"name":"(2014 QU362)","estimated_diameter":{"meters":{"estimated_diameter_min":36.6906137531,"estimated_diameter_max":82.0427064882}},"is_potentially_hazardous_asteroid":false,"close_approach_data":[{"close_approach_date":"2071-10-10","relative_velocity":{"kilometers_per_second":"6.0711726935"},"miss_distance":{"kilometers":"36994312"}}]}]