[{"name":"(2002 VO85)","estimated_diameter":{"meters":{"estimated_diameter_min":127.2198785394,"estimated_diameter_max":284.4722965033}},"is_potentially_hazardous_asteroid":false,"close_approach_data":[{"close_approach_date":"2071-11-21","relative_velocity":{"kilometers_per_second":"18.0771992764"},"miss_distance":{"kilometers":"64176280"}}]},{"name":"(2009 WL1)","estimated_diameter":{"meters":{"estimated_diameter_min":506.4714588346,"estimated_diameter_max":1132.5046106177}},"is_potentially_hazardous_asteroid":false,"close_approach_data":[{"close_approach_date":"2071-11-21","relative_velocity":{"kilometers_per_second":"17.2776456845"},"miss_distance":{"kilometers":"48217564"}}]},{"name":"(2013 NJ10)","estimated_diameter":{"meters":{"estimated_diameter_min":608.9126221057,"estimated_diameter_max":1361.5700153859}},"is_potentially_hazardous_asteroid":true,"close_approach_data":[{"close_approach_date":"2071-11-21","relative_velocity":{"kilometers_per_second":"13.3485247345"},"miss_distance":{"kilometers":"17798500"}}]},{"name":"(2013 XY20)","estimated_diameter":{"meters":{"estimated_diameter_min":21.113244479,"estimated_diameter_max":47.2106498806}},"is_potentially_hazardous_asteroid":false,"close_approach_data":[{"close_approach_date":"2071-11-21","relative_velocity":{"kilometers_per_second":"15.3829308527"},"miss_distance":{"kilometers":"73458104"}}]},{"name":"(2014 KR84)","estimated_diameter":{"meters":{"estimated_diameter_min":231.5021222103,"estimated_diameter_max":517.6544821978}},"is_potentially_hazardous_asteroid":false,"close_approach_data":[{"close_approach_date":"2071-11-21","relative_velocity":{"kilometers_per_second":"20.8979196966"},"miss_distance":{"kilometers":"50143800"}}]},{"name":"(2010 GA7)","estimated_diameter":{"meters":{"estimated_diameter_min":152.9519353442,"estimated_diameter_max":342.0109247198}},"is_potentially_hazardous_asteroid":false,"close_approach_data":[{"close_approach_date":"2071-11-21","relative_velocity":{"kilometers_per_second":"24.0682028364"},"miss_distance":{"kilometers":"73057944"}}]}]