[{"name":"162422 (2000 EV70)","estimated_diameter":{"meters":{"estimated_diameter_min":201.6299194428,"estimated_diameter_max":450.8582061718}},"is_potentially_hazardous_asteroid":true,"close_approach_data":[{"close_approach_date":"2071-07-22","relative_velocity":{"kilometers_per_second":"29.0911615885"},"miss_distance":{"kilometers":"64349208"}}]},{"name":"(2004 BT58)","estimated_diameter":{"meters":{"estimated_diameter_min":101.054341542,"estimated_diameter_max":225.9643771094}},"is_potentially_hazardous_asteroid":false,"close_approach_data":[{"close_approach_date":"2071-07-22","relative_velocity":{"kilometers_per_second":"16.3722767427"},"miss_distance":{"kilometers":"54391136"}}]},{"name":"(2004 RX10)","estimated_diameter":{"meters":{"estimated_diameter_min":146.0679642714,"estimated_diameter_max":326.6178974458}},"is_potentially_hazardous_asteroid":false,"close_approach_data":[{"close_approach_date":"2071-07-22","relative_velocity":{"kilometers_per_second":"7.5263651869"},"miss_distance":{"kilometers":"29884384"}}]},{"name":"(2012 BV26)","estimated_diameter":{"meters":{"estimated_diameter_min":80.2703167283,"estimated_diameter_max":179.4898847799}},"is_potentially_hazardous_asteroid":false,"close_approach_data":[{"close_approach_date":"2071-07-22","relative_velocity":{"kilometers_per_second":"11.9079529229"},"miss_distance":{"kilometers":"7130842.5"}}]},{"name":"(2016 DJ)","estimated_diameter":{"meters":{"estimated_diameter_min":20.1629919443,"estimated_diameter_max":45.0858206172}},"is_potentially_hazardous_asteroid":false,"close_approach_data":[{"close_approach_date":"2071-07-22","relative_velocity":{"kilometers_per_second":"13.3603688712"},"miss_distance":{"kilometers":"44353832"}}]},{"name":"(2016 EL27)","estimated_diameter":{"meters":{"estimated_diameter_min":16.0160337979,"estimated_diameter_max":35.8129403019}},"is_potentially_hazardous_asteroid":false,"close_approach_data":[{"close_approach_date":"2071-07-22","relative_velocity":{"kilometers_per_second":"12.796032665"},"miss_distance":{"kilometers":"56334016"}}]}]