[{"name":"(2002 QQ40)","estimated_diameter":{"meters":{"estimated_diameter_min":139.4938229344,"estimated_diameter_max":311.9176705226}},"is_potentially_hazardous_asteroid":true,"close_approach_data":[{"close_approach_date":"2071-04-19","relative_velocity":{"kilometers_per_second":"17.2946392876"},"miss_distance":{"kilometers":"4375480"}}]},{"name":"(2003 SU84)","estimated_diameter":{"meters":{"estimated_diameter_min":101.054341542,"estimated_diameter_max":225.9643771094}},"is_potentially_hazardous_asteroid":false,"close_approach_data":[{"close_approach_date":"2071-04-19","relative_velocity":{"kilometers_per_second":"14.1633987619"},"miss_distance":{"kilometers":"29362736"}}]},{"name":"(2011 WA)","estimated_diameter":{"meters":{"estimated_diameter_min":127.2198785394,"estimated_diameter_max":284.4722965033}},"is_potentially_hazardous_asteroid":false,"close_approach_data":[{"close_approach_date":"2071-04-19","relative_velocity":{"kilometers_per_second":"21.8713230991"},"miss_distance":{"kilometers":"57988868"}}]},{"name":"(2014 YQ15)","estimated_diameter":{"meters":{"estimated_diameter_min":152.9519353442,"estimated_diameter_max":342.0109247198}},"is_potentially_hazardous_asteroid":true,"close_approach_data":[{"close_approach_date":"2071-04-19","relative_velocity":{"kilometers_per_second":"21.7332770613"},"miss_distance":{"kilometers":"69746672"}}]},{"name":"(2009 AS)","estimated_diameter":{"meters":{"estimated_diameter_min":581.5070396458,"estimated_diameter_max":1300.2892700427}},"is_potentially_hazardous_asteroid":false,"close_approach_data":[{"close_approach_date":"2071-04-19","relative_velocity":{"kilometers_per_second":"3.8135263923"},"miss_distance":{"kilometers":"59939564"}}]},{"name":"487577 (2014 YQ15)","estimated_diameter":{"meters":{"estimated_diameter_min":152.9519353442,"estimated_diameter_max":342.0109247198}},"is_potentially_hazardous_asteroid":true,"close_approach_data":[{"close_approach_date":"2071-04-19","relative_velocity":{"kilometers_per_second":"21.7368121623"},"miss_distance":{"kilometers":"69764000"}}]}]