[{"name":"325102 (2008 EY5)","estimated_diameter":{"meters":{"estimated_diameter_min":253.8370293645,"estimated_diameter_max":567.5968528656}},"is_potentially_hazardous_asteroid":false,"close_approach_data":[{"close_approach_date":"2071-03-27","relative_velocity":{"kilometers_per_second":"14.1529306887"},"miss_distance":{"kilometers":"12634874"}}]},{"name":"(2008 GD)","estimated_diameter":{"meters":{"estimated_diameter_min":291.4439045349,"estimated_diameter_max":651.6883821679}},"is_potentially_hazardous_asteroid":false,"close_approach_data":[{"close_approach_date":"2071-03-27","relative_velocity":{"kilometers_per_second":"35.016398353"},"miss_distance":{"kilometers":"35232752"}}]},{"name":"(2016 RA34)","estimated_diameter":{"meters":{"estimated_diameter_min":33.4622374455,"estimated_diameter_max":74.8238376074}},"is_potentially_hazardous_asteroid":false,"close_approach_data":[{"close_approach_date":"2071-03-27","relative_velocity":{"kilometers_per_second":"10.9959485386"},"miss_distance":{"kilometers":"47986704"}}]}]