[{"name":"395207 (2010 HQ80)","estimated_diameter":{"meters":{"estimated_diameter_min":305.1792325939,"estimated_diameter_max":682.4015094011}},"is_potentially_hazardous_asteroid":true,"close_approach_data":[{"close_approach_date":"2071-05-12","relative_velocity":{"kilometers_per_second":"16.4653166192"},"miss_distance":{"kilometers":"32533718"}}]},{"name":"(2003 AF23)","estimated_diameter":{"meters":{"estimated_diameter_min":167.7084621628,"estimated_diameter_max":375.0075217981}},"is_potentially_hazardous_asteroid":true,"close_approach_data":[{"close_approach_date":"2071-05-12","relative_velocity":{"kilometers_per_second":"16.3341504524"},"miss_distance":{"kilometers":"56360240"}}]},{"name":"(2010 AF30)","estimated_diameter":{"meters":{"estimated_diameter_min":121.4940407996,"estimated_diameter_max":271.6689340891}},"is_potentially_hazardous_asteroid":true,"close_approach_data":[{"close_approach_date":"2071-05-12","relative_velocity":{"kilometers_per_second":"8.8968212865"},"miss_distance":{"kilometers":"26459254"}}]},{"name":"(2014 HM123)","estimated_diameter":{"meters":{"estimated_diameter_min":133.2155666981,"estimated_diameter_max":297.8790627982}},"is_potentially_hazardous_asteroid":false,"close_approach_data":[{"close_approach_date":"2071-05-12","relative_velocity":{"kilometers_per_second":"8.1952575683"},"miss_distance":{"kilometers":"54878004"}}]}]