[{"name":"159928 (2005 CV69)","estimated_diameter":{"meters":{"estimated_diameter_min":667.6594134952,"estimated_diameter_max":1492.931834393}},"is_potentially_hazardous_asteroid":false,"close_approach_data":[{"close_approach_date":"2071-03-20","relative_velocity":{"kilometers_per_second":"16.6192279583"},"miss_distance":{"kilometers":"44492916"}}]},{"name":"(2007 WM3)","estimated_diameter":{"meters":{"estimated_diameter_min":63.7609789875,"estimated_diameter_max":142.5738833281}},"is_potentially_hazardous_asteroid":false,"close_approach_data":[{"close_approach_date":"2071-03-20","relative_velocity":{"kilometers_per_second":"10.1611041098"},"miss_distance":{"kilometers":"60418208"}}]},{"name":"(2013 PU31)","estimated_diameter":{"meters":{"estimated_diameter_min":667.6594134952,"estimated_diameter_max":1492.931834393}},"is_potentially_hazardous_asteroid":false,"close_approach_data":[{"close_approach_date":"2071-03-20","relative_velocity":{"kilometers_per_second":"23.1605754072"},"miss_distance":{"kilometers":"67377768"}}]},{"name":"(2013 QM48)","estimated_diameter":{"meters":{"estimated_diameter_min":8.801465209,"estimated_diameter_max":19.6806745089}},"is_potentially_hazardous_asteroid":false,"close_approach_data":[{"close_approach_date":"2071-03-20","relative_velocity":{"kilometers_per_second":"12.278711464"},"miss_distance":{"kilometers":"29527254"}}]},{"name":"(2016 JV5)","estimated_diameter":{"meters":{"estimated_diameter_min":60.8912622106,"estimated_diameter_max":136.1570015386}},"is_potentially_hazardous_asteroid":false,"close_approach_data":[{"close_approach_date":"2071-03-20","relative_velocity":{"kilometers_per_second":"8.1564742014"},"miss_distance":{"kilometers":"21070250"}}]}]