[{"name":"(2005 GR33)","estimated_diameter":{"meters":{"estimated_diameter_min":101.054341542,"estimated_diameter_max":225.9643771094}},"is_potentially_hazardous_asteroid":false,"close_approach_data":[{"close_approach_date":"2071-04-08","relative_velocity":{"kilometers_per_second":"23.2886607526"},"miss_distance":{"kilometers":"49373668"}}]},{"name":"(2005 TS15)","estimated_diameter":{"meters":{"estimated_diameter_min":160.1603379786,"estimated_diameter_max":358.1294030194}},"is_potentially_hazardous_asteroid":true,"close_approach_data":[{"close_approach_date":"2071-04-08","relative_velocity":{"kilometers_per_second":"20.8229887446"},"miss_distance":{"kilometers":"7845247.5"}}]},{"name":"(2008 KT)","estimated_diameter":{"meters":{"estimated_diameter_min":6.0891262211,"estimated_diameter_max":13.6157001539}},"is_potentially_hazardous_asteroid":false,"close_approach_data":[{"close_approach_date":"2071-04-08","relative_velocity":{"kilometers_per_second":"2.3487157615"},"miss_distance":{"kilometers":"13414313"}}]},{"name":"(2008 SE85)","estimated_diameter":{"meters":{"estimated_diameter_min":291.4439045349,"estimated_diameter_max":651.6883821679}},"is_potentially_hazardous_asteroid":true,"close_approach_data":[{"close_approach_date":"2071-04-08","relative_velocity":{"kilometers_per_second":"28.6428145363"},"miss_distance":{"kilometers":"54068552"}}]},{"name":"(2010 KV39)","estimated_diameter":{"meters":{"estimated_diameter_min":11.6025908209,"estimated_diameter_max":25.9441817907}},"is_potentially_hazardous_asteroid":false,"close_approach_data":[{"close_approach_date":"2071-04-08","relative_velocity":{"kilometers_per_second":"7.5122064926"},"miss_distance":{"kilometers":"45853048"}}]},{"name":"(2013 GT66)","estimated_diameter":{"meters":{"estimated_diameter_min":24.2412481101,"estimated_diameter_max":54.2050786336}},"is_potentially_hazardous_asteroid":false,"close_approach_data":[{"close_approach_date":"2071-04-08","relative_velocity":{"kilometers_per_second":"9.3380454633"},"miss_distance":{"kilometers":"15490845"}}]},{"name":"476601 (2008 SE85)","estimated_diameter":{"meters":{"estimated_diameter_min":291.4439045349,"estimated_diameter_max":651.6883821679}},"is_potentially_hazardous_asteroid":true,"close_approach_data":[{"close_approach_date":"2071-04-08","relative_velocity":{"kilometers_per_second":"28.6428193511"},"miss_distance":{"kilometers":"54068592"}}]}]