[{"name":"(2016 NW22)","estimated_diameter":{"meters":{"estimated_diameter_min":167.7084621628,"estimated_diameter_max":375.0075217981}},"is_potentially_hazardous_asteroid":false,"close_approach_data":[{"close_approach_date":"2071-07-08","relative_velocity":{"kilometers_per_second":"0.5776815211"},"miss_distance":{"kilometers":"64432744"}}]},{"name":"(2007 ML24)","estimated_diameter":{"meters":{"estimated_diameter_min":366.9061375314,"estimated_diameter_max":820.4270648822}},"is_potentially_hazardous_asteroid":true,"close_approach_data":[{"close_approach_date":"2071-07-08","relative_velocity":{"kilometers_per_second":"18.3773658096"},"miss_distance":{"kilometers":"56501044"}}]},{"name":"(1997 AC11)","estimated_diameter":{"meters":{"estimated_diameter_min":211.1324447897,"estimated_diameter_max":472.1064988055}},"is_potentially_hazardous_asteroid":false,"close_approach_data":[{"close_approach_date":"2071-07-08","relative_velocity":{"kilometers_per_second":"24.2478995003"},"miss_distance":{"kilometers":"63966208"}}]},{"name":"(2017 FL128)","estimated_diameter":{"meters":{"estimated_diameter_min":96.3285396982,"estimated_diameter_max":215.3971629384}},"is_potentially_hazardous_asteroid":false,"close_approach_data":[{"close_approach_date":"2071-07-08","relative_velocity":{"kilometers_per_second":"9.5007233151"},"miss_distance":{"kilometers":"46810580"}}]}]