[{"name":"457647 (2009 CZ)","estimated_diameter":{"meters":{"estimated_diameter_min":699.1252322458,"estimated_diameter_max":1563.2915440869}},"is_potentially_hazardous_asteroid":false,"close_approach_data":[{"close_approach_date":"2071-06-04","relative_velocity":{"kilometers_per_second":"23.330302433"},"miss_distance":{"kilometers":"57893320"}}]},{"name":"(2000 KC)","estimated_diameter":{"meters":{"estimated_diameter_min":242.4124811008,"estimated_diameter_max":542.0507863358}},"is_potentially_hazardous_asteroid":false,"close_approach_data":[{"close_approach_date":"2071-06-04","relative_velocity":{"kilometers_per_second":"7.695011207"},"miss_distance":{"kilometers":"35534544"}}]},{"name":"(2004 MO3)","estimated_diameter":{"meters":{"estimated_diameter_min":96.5061469579,"estimated_diameter_max":215.7943048444}},"is_potentially_hazardous_asteroid":false,"close_approach_data":[{"close_approach_date":"2071-06-04","relative_velocity":{"kilometers_per_second":"6.8632050648"},"miss_distance":{"kilometers":"14676837"}}]},{"name":"(1999 TW16)","estimated_diameter":{"meters":{"estimated_diameter_min":350.3926411083,"estimated_diameter_max":783.5017643338}},"is_potentially_hazardous_asteroid":false,"close_approach_data":[{"close_approach_date":"2071-06-04","relative_velocity":{"kilometers_per_second":"31.075507292"},"miss_distance":{"kilometers":"73601728"}}]},{"name":"(2017 FL128)","estimated_diameter":{"meters":{"estimated_diameter_min":96.3285396982,"estimated_diameter_max":215.3971629384}},"is_potentially_hazardous_asteroid":false,"close_approach_data":[{"close_approach_date":"2071-06-04","relative_velocity":{"kilometers_per_second":"9.3354565447"},"miss_distance":{"kilometers":"46538152"}}]}]