[{"name":"459462 (2013 AY52)","estimated_diameter":{"meters":{"estimated_diameter_min":265.8,"estimated_diameter_max":594.3468684194}},"is_potentially_hazardous_asteroid":false,"close_approach_data":[{"close_approach_date":"2071-06-12","relative_velocity":{"kilometers_per_second":"28.7929120283"},"miss_distance":{"kilometers":"68278512"}}]},{"name":"(2014 QX266)","estimated_diameter":{"meters":{"estimated_diameter_min":96.5061469579,"estimated_diameter_max":215.7943048444}},"is_potentially_hazardous_asteroid":false,"close_approach_data":[{"close_approach_date":"2071-06-12","relative_velocity":{"kilometers_per_second":"2.2360310261"},"miss_distance":{"kilometers":"14842032"}}]}]