[{"name":"(2006 XD2)","estimated_diameter":{"meters":{"estimated_diameter_min":167.7084621628,"estimated_diameter_max":375.0075217981}},"is_potentially_hazardous_asteroid":true,"close_approach_data":[{"close_approach_date":"2071-06-08","relative_velocity":{"kilometers_per_second":"10.5179860396"},"miss_distance":{"kilometers":"10038902"}}]},{"name":"(2012 FC71)","estimated_diameter":{"meters":{"estimated_diameter_min":24.2412481101,"estimated_diameter_max":54.2050786336}},"is_potentially_hazardous_asteroid":false,"close_approach_data":[{"close_approach_date":"2071-06-08","relative_velocity":{"kilometers_per_second":"11.9905280786"},"miss_distance":{"kilometers":"48697768"}}]},{"name":"481457 (2006 XD2)","estimated_diameter":{"meters":{"estimated_diameter_min":167.7084621628,"estimated_diameter_max":375.0075217981}},"is_potentially_hazardous_asteroid":true,"close_approach_data":[{"close_approach_date":"2071-06-08","relative_velocity":{"kilometers_per_second":"10.5179771214"},"miss_distance":{"kilometers":"10038942"}}]}]