[{"name":"137924 (2000 BD19)","estimated_diameter":{"meters":{"estimated_diameter_min":965.0614695789,"estimated_diameter_max":2157.9430484443}},"is_potentially_hazardous_asteroid":false,"close_approach_data":[{"close_approach_date":"2071-12-31","relative_velocity":{"kilometers_per_second":"33.1449421606"},"miss_distance":{"kilometers":"56246128"}}]},{"name":"(2013 US3)","estimated_diameter":{"meters":{"estimated_diameter_min":167.7084621628,"estimated_diameter_max":375.0075217981}},"is_potentially_hazardous_asteroid":true,"close_approach_data":[{"close_approach_date":"2071-12-31","relative_velocity":{"kilometers_per_second":"5.3935800464"},"miss_distance":{"kilometers":"34487376"}}]}]