[{"name":"(2017 FO64)","estimated_diameter":{"meters":{"estimated_diameter_min":16.617090174,"estimated_diameter_max":37.1569432173}},"is_potentially_hazardous_asteroid":false,"close_approach_data":[{"close_approach_date":"2071-03-31","relative_velocity":{"kilometers_per_second":"13.492171788"},"miss_distance":{"kilometers":"45512156"}}]},{"name":"396793 (2004 JN2)","estimated_diameter":{"meters":{"estimated_diameter_min":253.8370293645,"estimated_diameter_max":567.5968528656}},"is_potentially_hazardous_asteroid":false,"close_approach_data":[{"close_approach_date":"2071-03-31","relative_velocity":{"kilometers_per_second":"31.8311929701"},"miss_distance":{"kilometers":"73607448"}}]},{"name":"(1998 FF14)","estimated_diameter":{"meters":{"estimated_diameter_min":192.5550781879,"estimated_diameter_max":430.566244241}},"is_potentially_hazardous_asteroid":true,"close_approach_data":[{"close_approach_date":"2071-03-31","relative_velocity":{"kilometers_per_second":"19.9342676819"},"miss_distance":{"kilometers":"45707804"}}]}]