[{"name":"25143 Itokawa (1998 SF36)","estimated_diameter":{"meters":{"estimated_diameter_min":384.1978910643,"estimated_diameter_max":859.0926012318}},"is_potentially_hazardous_asteroid":true,"close_approach_data":[{"close_approach_date":"2071-04-09","relative_velocity":{"kilometers_per_second":"5.6300627926"},"miss_distance":{"kilometers":"4065680"}}]},{"name":"(2010 JE87)","estimated_diameter":{"meters":{"estimated_diameter_min":183.8886720703,"estimated_diameter_max":411.1875710413}},"is_potentially_hazardous_asteroid":true,"close_approach_data":[{"close_approach_date":"2071-04-09","relative_velocity":{"kilometers_per_second":"10.1474579931"},"miss_distance":{"kilometers":"63401616"}}]},{"name":"468727 (2010 JE87)","estimated_diameter":{"meters":{"estimated_diameter_min":183.8886720703,"estimated_diameter_max":411.1875710413}},"is_potentially_hazardous_asteroid":true,"close_approach_data":[{"close_approach_date":"2071-04-09","relative_velocity":{"kilometers_per_second":"10.147451113"},"miss_distance":{"kilometers":"63401580"}}]},{"name":"(2016 VS5)","estimated_diameter":{"meters":{"estimated_diameter_min":305.1792325939,"estimated_diameter_max":682.4015094011}},"is_potentially_hazardous_asteroid":false,"close_approach_data":[{"close_approach_date":"2071-04-09","relative_velocity":{"kilometers_per_second":"10.8209475331"},"miss_distance":{"kilometers":"7994871"}}]}]