[{"name":"436116 (2009 TB3)","estimated_diameter":{"meters":{"estimated_diameter_min":146.0679642714,"estimated_diameter_max":326.6178974458}},"is_potentially_hazardous_asteroid":false,"close_approach_data":[{"close_approach_date":"2071-04-25","relative_velocity":{"kilometers_per_second":"6.3476966975"},"miss_distance":{"kilometers":"32001242"}}]},{"name":"436329 (2010 GX62)","estimated_diameter":{"meters":{"estimated_diameter_min":253.8370293645,"estimated_diameter_max":567.5968528656}},"is_potentially_hazardous_asteroid":true,"close_approach_data":[{"close_approach_date":"2071-04-25","relative_velocity":{"kilometers_per_second":"20.5185329375"},"miss_distance":{"kilometers":"15613874"}}]},{"name":"(2016 QX10)","estimated_diameter":{"meters":{"estimated_diameter_min":48.3676488219,"estimated_diameter_max":108.1533506775}},"is_potentially_hazardous_asteroid":false,"close_approach_data":[{"close_approach_date":"2071-04-25","relative_velocity":{"kilometers_per_second":"13.9977002824"},"miss_distance":{"kilometers":"40938616"}}]},{"name":"(2014 WF6)","estimated_diameter":{"meters":{"estimated_diameter_min":35.0392641108,"estimated_diameter_max":78.3501764334}},"is_potentially_hazardous_asteroid":false,"close_approach_data":[{"close_approach_date":"2071-04-25","relative_velocity":{"kilometers_per_second":"30.4867419162"},"miss_distance":{"kilometers":"61251180"}}]},{"name":"(2017 XS)","estimated_diameter":{"meters":{"estimated_diameter_min":75.4666334439,"estimated_diameter_max":168.7485224137}},"is_potentially_hazardous_asteroid":false,"close_approach_data":[{"close_approach_date":"2071-04-25","relative_velocity":{"kilometers_per_second":"13.2410111834"},"miss_distance":{"kilometers":"59803960"}}]}]