[{"name":"453563 (2010 BB)","estimated_diameter":{"meters":{"estimated_diameter_min":242.4124811008,"estimated_diameter_max":542.0507863358}},"is_potentially_hazardous_asteroid":true,"close_approach_data":[{"close_approach_date":"2071-01-10","relative_velocity":{"kilometers_per_second":"7.1214386807"},"miss_distance":{"kilometers":"11108899"}}]},{"name":"(2005 GL)","estimated_diameter":{"meters":{"estimated_diameter_min":152.9519353442,"estimated_diameter_max":342.0109247198}},"is_potentially_hazardous_asteroid":true,"close_approach_data":[{"close_approach_date":"2071-01-10","relative_velocity":{"kilometers_per_second":"9.2181396856"},"miss_distance":{"kilometers":"73012912"}}]},{"name":"(2010 AL30)","estimated_diameter":{"meters":{"estimated_diameter_min":9.6506146958,"estimated_diameter_max":21.5794304844}},"is_potentially_hazardous_asteroid":false,"close_approach_data":[{"close_approach_date":"2071-01-10","relative_velocity":{"kilometers_per_second":"12.6896567836"},"miss_distance":{"kilometers":"15351420"}}]},{"name":"(2011 LY2)","estimated_diameter":{"meters":{"estimated_diameter_min":152.9519353442,"estimated_diameter_max":342.0109247198}},"is_potentially_hazardous_asteroid":false,"close_approach_data":[{"close_approach_date":"2071-01-10","relative_velocity":{"kilometers_per_second":"6.5877165285"},"miss_distance":{"kilometers":"29601114"}}]},{"name":"(2016 AR130)","estimated_diameter":{"meters":{"estimated_diameter_min":221.0828103591,"estimated_diameter_max":494.3561926196}},"is_potentially_hazardous_asteroid":false,"close_approach_data":[{"close_approach_date":"2071-01-10","relative_velocity":{"kilometers_per_second":"32.97468401"},"miss_distance":{"kilometers":"27804684"}}]}]