[{"name":"35396 (1997 XF11)","estimated_diameter":{"meters":{"estimated_diameter_min":1108.0388212642,"estimated_diameter_max":2477.6501260554}},"is_potentially_hazardous_asteroid":true,"close_approach_data":[{"close_approach_date":"2071-09-07","relative_velocity":{"kilometers_per_second":"11.5684214554"},"miss_distance":{"kilometers":"36927720"}}]},{"name":"(2014 RE11)","estimated_diameter":{"meters":{"estimated_diameter_min":76.6575573531,"estimated_diameter_max":171.4115092306}},"is_potentially_hazardous_asteroid":false,"close_approach_data":[{"close_approach_date":"2071-09-07","relative_velocity":{"kilometers_per_second":"18.8512093472"},"miss_distance":{"kilometers":"28836574"}}]},{"name":"(2015 RT1)","estimated_diameter":{"meters":{"estimated_diameter_min":22.1082810359,"estimated_diameter_max":49.435619262}},"is_potentially_hazardous_asteroid":false,"close_approach_data":[{"close_approach_date":"2071-09-07","relative_velocity":{"kilometers_per_second":"5.1888519027"},"miss_distance":{"kilometers":"17989450"}}]}]