[{"name":"(2002 LY1)","estimated_diameter":{"meters":{"estimated_diameter_min":92.1626548503,"estimated_diameter_max":206.0819612321}},"is_potentially_hazardous_asteroid":false,"close_approach_data":[{"close_approach_date":"2071-03-30","relative_velocity":{"kilometers_per_second":"9.1860750294"},"miss_distance":{"kilometers":"46187572"}}]},{"name":"(2011 SY120)","estimated_diameter":{"meters":{"estimated_diameter_min":60.8912622106,"estimated_diameter_max":136.1570015386}},"is_potentially_hazardous_asteroid":false,"close_approach_data":[{"close_approach_date":"2071-03-30","relative_velocity":{"kilometers_per_second":"20.9807045528"},"miss_distance":{"kilometers":"39403424"}}]},{"name":"(2017 HV2)","estimated_diameter":{"meters":{"estimated_diameter_min":4.4233874009,"estimated_diameter_max":9.8909949192}},"is_potentially_hazardous_asteroid":false,"close_approach_data":[{"close_approach_date":"2071-03-30","relative_velocity":{"kilometers_per_second":"18.6670555853"},"miss_distance":{"kilometers":"53022852"}}]},{"name":"(2017 SN17)","estimated_diameter":{"meters":{"estimated_diameter_min":76.9759356691,"estimated_diameter_max":172.1234247877}},"is_potentially_hazardous_asteroid":false,"close_approach_data":[{"close_approach_date":"2071-03-30","relative_velocity":{"kilometers_per_second":"17.5780679259"},"miss_distance":{"kilometers":"63165784"}}]}]