[{"name":"(2003 QW30)","estimated_diameter":{"meters":{"estimated_diameter_min":201.6299194428,"estimated_diameter_max":450.8582061718}},"is_potentially_hazardous_asteroid":false,"close_approach_data":[{"close_approach_date":"2071-08-07","relative_velocity":{"kilometers_per_second":"9.0972510645"},"miss_distance":{"kilometers":"57268908"}}]},{"name":"497025 (2003 QW30)","estimated_diameter":{"meters":{"estimated_diameter_min":201.6299194428,"estimated_diameter_max":450.8582061718}},"is_potentially_hazardous_asteroid":false,"close_approach_data":[{"close_approach_date":"2071-08-07","relative_velocity":{"kilometers_per_second":"9.0972510572"},"miss_distance":{"kilometers":"57268908"}}]}]