[{"name":"(2012 QH8)","estimated_diameter":{"meters":{"estimated_diameter_min":152.9519353442,"estimated_diameter_max":342.0109247198}},"is_potentially_hazardous_asteroid":false,"close_approach_data":[{"close_approach_date":"2071-08-16","relative_velocity":{"kilometers_per_second":"11.7578977186"},"miss_distance":{"kilometers":"36025736"}}]},{"name":"(2015 AF45)","estimated_diameter":{"meters":{"estimated_diameter_min":27.8326768072,"estimated_diameter_max":62.2357573367}},"is_potentially_hazardous_asteroid":false,"close_approach_data":[{"close_approach_date":"2071-08-16","relative_velocity":{"kilometers_per_second":"10.5888269932"},"miss_distance":{"kilometers":"7950183"}}]},{"name":"(2013 QU1)","estimated_diameter":{"meters":{"estimated_diameter_min":146.0679642714,"estimated_diameter_max":326.6178974458}},"is_potentially_hazardous_asteroid":true,"close_approach_data":[{"close_approach_date":"2071-08-16","relative_velocity":{"kilometers_per_second":"17.26978217"},"miss_distance":{"kilometers":"43970000"}}]},{"name":"(2017 BF29)","estimated_diameter":{"meters":{"estimated_diameter_min":20.1629919443,"estimated_diameter_max":45.0858206172}},"is_potentially_hazardous_asteroid":false,"close_approach_data":[{"close_approach_date":"2071-08-16","relative_velocity":{"kilometers_per_second":"5.6017803538"},"miss_distance":{"kilometers":"49379932"}}]},{"name":"(2017 DF38)","estimated_diameter":{"meters":{"estimated_diameter_min":16.7708462163,"estimated_diameter_max":37.5007521798}},"is_potentially_hazardous_asteroid":false,"close_approach_data":[{"close_approach_date":"2071-08-16","relative_velocity":{"kilometers_per_second":"13.9043869665"},"miss_distance":{"kilometers":"50757200"}}]}]