[{"name":"1917 Cuyo (1968 AA)","estimated_diameter":{"meters":{"estimated_diameter_min":4411.181999969,"estimated_diameter_max":9863.7028130542}},"is_potentially_hazardous_asteroid":false,"close_approach_data":[{"close_approach_date":"2071-10-07","relative_velocity":{"kilometers_per_second":"14.4168376153"},"miss_distance":{"kilometers":"15616309"}}]},{"name":"53789 (2000 ED104)","estimated_diameter":{"meters":{"estimated_diameter_min":880.1465209007,"estimated_diameter_max":1968.067450894}},"is_potentially_hazardous_asteroid":true,"close_approach_data":[{"close_approach_date":"2071-10-07","relative_velocity":{"kilometers_per_second":"21.6563129596"},"miss_distance":{"kilometers":"14360991"}}]},{"name":"442523 (2011 WU95)","estimated_diameter":{"meters":{"estimated_diameter_min":334.6223744549,"estimated_diameter_max":748.2383760735}},"is_potentially_hazardous_asteroid":true,"close_approach_data":[{"close_approach_date":"2071-10-07","relative_velocity":{"kilometers_per_second":"18.1167590391"},"miss_distance":{"kilometers":"51490116"}}]}]