[{"name":"(1998 SD9)","estimated_diameter":{"meters":{"estimated_diameter_min":38.4197891064,"estimated_diameter_max":85.9092601232}},"is_potentially_hazardous_asteroid":false,"close_approach_data":[{"close_approach_date":"2071-08-26","relative_velocity":{"kilometers_per_second":"13.7814908423"},"miss_distance":{"kilometers":"14599583"}}]},{"name":"(2002 AL31)","estimated_diameter":{"meters":{"estimated_diameter_min":33.4622374455,"estimated_diameter_max":74.8238376074}},"is_potentially_hazardous_asteroid":false,"close_approach_data":[{"close_approach_date":"2071-08-26","relative_velocity":{"kilometers_per_second":"7.9042574195"},"miss_distance":{"kilometers":"64925280"}}]},{"name":"(2005 NE21)","estimated_diameter":{"meters":{"estimated_diameter_min":152.9519353442,"estimated_diameter_max":342.0109247198}},"is_potentially_hazardous_asteroid":false,"close_approach_data":[{"close_approach_date":"2071-08-26","relative_velocity":{"kilometers_per_second":"19.6049183176"},"miss_distance":{"kilometers":"40426616"}}]},{"name":"(2012 PG6)","estimated_diameter":{"meters":{"estimated_diameter_min":231.5021222103,"estimated_diameter_max":517.6544821978}},"is_potentially_hazardous_asteroid":false,"close_approach_data":[{"close_approach_date":"2071-08-26","relative_velocity":{"kilometers_per_second":"13.4288708138"},"miss_distance":{"kilometers":"30553432"}}]}]