[{"name":"(2016 LB)","estimated_diameter":{"meters":{"estimated_diameter_min":73.2073989347,"estimated_diameter_max":163.696720474}},"is_potentially_hazardous_asteroid":false,"close_approach_data":[{"close_approach_date":"2071-05-29","relative_velocity":{"kilometers_per_second":"16.3579225129"},"miss_distance":{"kilometers":"35992632"}}]},{"name":"(2011 SM68)","estimated_diameter":{"meters":{"estimated_diameter_min":319.5618867213,"estimated_diameter_max":714.5621017269}},"is_potentially_hazardous_asteroid":true,"close_approach_data":[{"close_approach_date":"2071-05-29","relative_velocity":{"kilometers_per_second":"28.7123077861"},"miss_distance":{"kilometers":"43219076"}}]},{"name":"(2014 VL6)","estimated_diameter":{"meters":{"estimated_diameter_min":146.0679642714,"estimated_diameter_max":326.6178974458}},"is_potentially_hazardous_asteroid":true,"close_approach_data":[{"close_approach_date":"2071-05-29","relative_velocity":{"kilometers_per_second":"8.3481853922"},"miss_distance":{"kilometers":"10767132"}}]},{"name":"(2017 CP1)","estimated_diameter":{"meters":{"estimated_diameter_min":31.9561886721,"estimated_diameter_max":71.4562101727}},"is_potentially_hazardous_asteroid":false,"close_approach_data":[{"close_approach_date":"2071-05-29","relative_velocity":{"kilometers_per_second":"3.3980952792"},"miss_distance":{"kilometers":"55650960"}}]}]