[{"name":"162162 (1999 DB7)","estimated_diameter":{"meters":{"estimated_diameter_min":278.3267680719,"estimated_diameter_max":622.3575733667}},"is_potentially_hazardous_asteroid":true,"close_approach_data":[{"close_approach_date":"2071-09-30","relative_velocity":{"kilometers_per_second":"8.7851464281"},"miss_distance":{"kilometers":"71471256"}}]},{"name":"162181 (1999 LF6)","estimated_diameter":{"meters":{"estimated_diameter_min":608.9126221057,"estimated_diameter_max":1361.5700153859}},"is_potentially_hazardous_asteroid":false,"close_approach_data":[{"close_approach_date":"2071-09-30","relative_velocity":{"kilometers_per_second":"11.7059877951"},"miss_distance":{"kilometers":"53791648"}}]},{"name":"(2005 SP9)","estimated_diameter":{"meters":{"estimated_diameter_min":152.9519353442,"estimated_diameter_max":342.0109247198}},"is_potentially_hazardous_asteroid":false,"close_approach_data":[{"close_approach_date":"2071-09-30","relative_velocity":{"kilometers_per_second":"28.0893125937"},"miss_distance":{"kilometers":"28591114"}}]},{"name":"(2015 DE200)","estimated_diameter":{"meters":{"estimated_diameter_min":253.8370293645,"estimated_diameter_max":567.5968528656}},"is_potentially_hazardous_asteroid":false,"close_approach_data":[{"close_approach_date":"2071-09-30","relative_velocity":{"kilometers_per_second":"20.6127667552"},"miss_distance":{"kilometers":"69818672"}}]}]